 d_week_seq1 | round | round | round | round | round | round | round 
-------------+-------+-------+-------+-------+-------+-------+-------
        5114 |  0.99 |  0.76 |       |       |  0.75 |  1.16 |  0.48
        5114 |  0.99 |  0.76 |       |       |  0.75 |  1.16 |  0.48
        5114 |  0.99 |  0.76 |       |       |  0.75 |  1.16 |  0.48
        5114 |  0.99 |  0.76 |       |       |  0.75 |  1.16 |  0.48
        5114 |  0.99 |  0.76 |       |       |  0.75 |  1.16 |  0.48
        5114 |  0.99 |  0.76 |       |       |  0.75 |  1.16 |  0.48
        5114 |  0.99 |  0.76 |       |       |  0.75 |  1.16 |  0.48
        5114 |  0.99 |  0.76 |       |       |  0.75 |  1.16 |  0.48
        5114 |  0.99 |  0.76 |       |       |  0.75 |  1.16 |  0.48
        5114 |  0.99 |  0.76 |       |       |  0.75 |  1.16 |  0.48
        5114 |  0.99 |  0.76 |       |       |  0.75 |  1.16 |  0.48
        5114 |  0.99 |  0.76 |       |       |  0.75 |  1.16 |  0.48
        5114 |  0.99 |  0.76 |       |       |  0.75 |  1.16 |  0.48
        5114 |  0.99 |  0.76 |       |       |  0.75 |  1.16 |  0.48
        5114 |  0.99 |  0.76 |       |       |  0.75 |  1.16 |  0.48
        5114 |  0.99 |  0.76 |       |       |  0.75 |  1.16 |  0.48
        5114 |  0.99 |  0.76 |       |       |  0.75 |  1.16 |  0.48
        5114 |  0.99 |  0.76 |       |       |  0.75 |  1.16 |  0.48
        5114 |  0.99 |  0.76 |       |       |  0.75 |  1.16 |  0.48
        5114 |  0.99 |  0.76 |       |       |  0.75 |  1.16 |  0.48
        5114 |  0.99 |  0.76 |       |       |  0.75 |  1.16 |  0.48
        5114 |  0.99 |  0.76 |       |       |  0.75 |  1.16 |  0.48
        5114 |  0.99 |  0.76 |       |       |  0.75 |  1.16 |  0.48
        5114 |  0.99 |  0.76 |       |       |  0.75 |  1.16 |  0.48
        5114 |  0.99 |  0.76 |       |       |  0.75 |  1.16 |  0.48
        5114 |  0.99 |  0.76 |       |       |  0.75 |  1.16 |  0.48
        5114 |  0.99 |  0.76 |       |       |  0.75 |  1.16 |  0.48
        5114 |  0.99 |  0.76 |       |       |  0.75 |  1.16 |  0.48
        5114 |  0.99 |  0.76 |       |       |  0.75 |  1.16 |  0.48
        5114 |  0.99 |  0.76 |       |       |  0.75 |  1.16 |  0.48
        5114 |  0.99 |  0.76 |       |       |  0.75 |  1.16 |  0.48
        5114 |  0.99 |  0.76 |       |       |  0.75 |  1.16 |  0.48
        5114 |  0.99 |  0.76 |       |       |  0.75 |  1.16 |  0.48
        5114 |  0.99 |  0.76 |       |       |  0.75 |  1.16 |  0.48
        5114 |  0.99 |  0.76 |       |       |  0.75 |  1.16 |  0.48
        5115 |  0.78 |  1.22 |  0.71 |  1.11 |  0.83 |  0.94 |  0.83
        5115 |  0.78 |  1.22 |  0.71 |  1.11 |  0.83 |  0.94 |  0.83
        5115 |  0.78 |  1.22 |  0.71 |  1.11 |  0.83 |  0.94 |  0.83
        5115 |  0.78 |  1.22 |  0.71 |  1.11 |  0.83 |  0.94 |  0.83
        5115 |  0.78 |  1.22 |  0.71 |  1.11 |  0.83 |  0.94 |  0.83
        5115 |  0.78 |  1.22 |  0.71 |  1.11 |  0.83 |  0.94 |  0.83
        5115 |  0.78 |  1.22 |  0.71 |  1.11 |  0.83 |  0.94 |  0.83
        5115 |  0.78 |  1.22 |  0.71 |  1.11 |  0.83 |  0.94 |  0.83
        5115 |  0.78 |  1.22 |  0.71 |  1.11 |  0.83 |  0.94 |  0.83
        5115 |  0.78 |  1.22 |  0.71 |  1.11 |  0.83 |  0.94 |  0.83
        5115 |  0.78 |  1.22 |  0.71 |  1.11 |  0.83 |  0.94 |  0.83
        5115 |  0.78 |  1.22 |  0.71 |  1.11 |  0.83 |  0.94 |  0.83
        5115 |  0.78 |  1.22 |  0.71 |  1.11 |  0.83 |  0.94 |  0.83
        5115 |  0.78 |  1.22 |  0.71 |  1.11 |  0.83 |  0.94 |  0.83
        5115 |  0.78 |  1.22 |  0.71 |  1.11 |  0.83 |  0.94 |  0.83
        5115 |  0.78 |  1.22 |  0.71 |  1.11 |  0.83 |  0.94 |  0.83
        5115 |  0.78 |  1.22 |  0.71 |  1.11 |  0.83 |  0.94 |  0.83
        5115 |  0.78 |  1.22 |  0.71 |  1.11 |  0.83 |  0.94 |  0.83
        5115 |  0.78 |  1.22 |  0.71 |  1.11 |  0.83 |  0.94 |  0.83
        5115 |  0.78 |  1.22 |  0.71 |  1.11 |  0.83 |  0.94 |  0.83
        5115 |  0.78 |  1.22 |  0.71 |  1.11 |  0.83 |  0.94 |  0.83
        5115 |  0.78 |  1.22 |  0.71 |  1.11 |  0.83 |  0.94 |  0.83
        5115 |  0.78 |  1.22 |  0.71 |  1.11 |  0.83 |  0.94 |  0.83
        5115 |  0.78 |  1.22 |  0.71 |  1.11 |  0.83 |  0.94 |  0.83
        5115 |  0.78 |  1.22 |  0.71 |  1.11 |  0.83 |  0.94 |  0.83
        5115 |  0.78 |  1.22 |  0.71 |  1.11 |  0.83 |  0.94 |  0.83
        5115 |  0.78 |  1.22 |  0.71 |  1.11 |  0.83 |  0.94 |  0.83
        5115 |  0.78 |  1.22 |  0.71 |  1.11 |  0.83 |  0.94 |  0.83
        5115 |  0.78 |  1.22 |  0.71 |  1.11 |  0.83 |  0.94 |  0.83
        5115 |  0.78 |  1.22 |  0.71 |  1.11 |  0.83 |  0.94 |  0.83
        5115 |  0.78 |  1.22 |  0.71 |  1.11 |  0.83 |  0.94 |  0.83
        5115 |  0.78 |  1.22 |  0.71 |  1.11 |  0.83 |  0.94 |  0.83
        5115 |  0.78 |  1.22 |  0.71 |  1.11 |  0.83 |  0.94 |  0.83
        5115 |  0.78 |  1.22 |  0.71 |  1.11 |  0.83 |  0.94 |  0.83
        5115 |  0.78 |  1.22 |  0.71 |  1.11 |  0.83 |  0.94 |  0.83
        5115 |  0.78 |  1.22 |  0.71 |  1.11 |  0.83 |  0.94 |  0.83
        5115 |  0.78 |  1.22 |  0.71 |  1.11 |  0.83 |  0.94 |  0.83
        5115 |  0.78 |  1.22 |  0.71 |  1.11 |  0.83 |  0.94 |  0.83
        5115 |  0.78 |  1.22 |  0.71 |  1.11 |  0.83 |  0.94 |  0.83
        5115 |  0.78 |  1.22 |  0.71 |  1.11 |  0.83 |  0.94 |  0.83
        5115 |  0.78 |  1.22 |  0.71 |  1.11 |  0.83 |  0.94 |  0.83
        5115 |  0.78 |  1.22 |  0.71 |  1.11 |  0.83 |  0.94 |  0.83
        5115 |  0.78 |  1.22 |  0.71 |  1.11 |  0.83 |  0.94 |  0.83
        5115 |  0.78 |  1.22 |  0.71 |  1.11 |  0.83 |  0.94 |  0.83
        5115 |  0.78 |  1.22 |  0.71 |  1.11 |  0.83 |  0.94 |  0.83
        5115 |  0.78 |  1.22 |  0.71 |  1.11 |  0.83 |  0.94 |  0.83
        5115 |  0.78 |  1.22 |  0.71 |  1.11 |  0.83 |  0.94 |  0.83
        5115 |  0.78 |  1.22 |  0.71 |  1.11 |  0.83 |  0.94 |  0.83
        5115 |  0.78 |  1.22 |  0.71 |  1.11 |  0.83 |  0.94 |  0.83
        5116 |  0.90 |  0.83 |  0.93 |  1.04 |  2.48 |  1.13 |  0.65
        5116 |  0.90 |  0.83 |  0.93 |  1.04 |  2.48 |  1.13 |  0.65
        5116 |  0.90 |  0.83 |  0.93 |  1.04 |  2.48 |  1.13 |  0.65
        5116 |  0.90 |  0.83 |  0.93 |  1.04 |  2.48 |  1.13 |  0.65
        5116 |  0.90 |  0.83 |  0.93 |  1.04 |  2.48 |  1.13 |  0.65
        5116 |  0.90 |  0.83 |  0.93 |  1.04 |  2.48 |  1.13 |  0.65
        5116 |  0.90 |  0.83 |  0.93 |  1.04 |  2.48 |  1.13 |  0.65
        5116 |  0.90 |  0.83 |  0.93 |  1.04 |  2.48 |  1.13 |  0.65
        5116 |  0.90 |  0.83 |  0.93 |  1.04 |  2.48 |  1.13 |  0.65
        5116 |  0.90 |  0.83 |  0.93 |  1.04 |  2.48 |  1.13 |  0.65
        5116 |  0.90 |  0.83 |  0.93 |  1.04 |  2.48 |  1.13 |  0.65
        5116 |  0.90 |  0.83 |  0.93 |  1.04 |  2.48 |  1.13 |  0.65
        5116 |  0.90 |  0.83 |  0.93 |  1.04 |  2.48 |  1.13 |  0.65
        5116 |  0.90 |  0.83 |  0.93 |  1.04 |  2.48 |  1.13 |  0.65
        5116 |  0.90 |  0.83 |  0.93 |  1.04 |  2.48 |  1.13 |  0.65
        5116 |  0.90 |  0.83 |  0.93 |  1.04 |  2.48 |  1.13 |  0.65
        5116 |  0.90 |  0.83 |  0.93 |  1.04 |  2.48 |  1.13 |  0.65
        5116 |  0.90 |  0.83 |  0.93 |  1.04 |  2.48 |  1.13 |  0.65
        5116 |  0.90 |  0.83 |  0.93 |  1.04 |  2.48 |  1.13 |  0.65
        5116 |  0.90 |  0.83 |  0.93 |  1.04 |  2.48 |  1.13 |  0.65
        5116 |  0.90 |  0.83 |  0.93 |  1.04 |  2.48 |  1.13 |  0.65
        5116 |  0.90 |  0.83 |  0.93 |  1.04 |  2.48 |  1.13 |  0.65
        5116 |  0.90 |  0.83 |  0.93 |  1.04 |  2.48 |  1.13 |  0.65
        5116 |  0.90 |  0.83 |  0.93 |  1.04 |  2.48 |  1.13 |  0.65
        5116 |  0.90 |  0.83 |  0.93 |  1.04 |  2.48 |  1.13 |  0.65
        5116 |  0.90 |  0.83 |  0.93 |  1.04 |  2.48 |  1.13 |  0.65
        5116 |  0.90 |  0.83 |  0.93 |  1.04 |  2.48 |  1.13 |  0.65
        5116 |  0.90 |  0.83 |  0.93 |  1.04 |  2.48 |  1.13 |  0.65
        5116 |  0.90 |  0.83 |  0.93 |  1.04 |  2.48 |  1.13 |  0.65
        5116 |  0.90 |  0.83 |  0.93 |  1.04 |  2.48 |  1.13 |  0.65
        5116 |  0.90 |  0.83 |  0.93 |  1.04 |  2.48 |  1.13 |  0.65
        5116 |  0.90 |  0.83 |  0.93 |  1.04 |  2.48 |  1.13 |  0.65
        5116 |  0.90 |  0.83 |  0.93 |  1.04 |  2.48 |  1.13 |  0.65
        5116 |  0.90 |  0.83 |  0.93 |  1.04 |  2.48 |  1.13 |  0.65
        5116 |  0.90 |  0.83 |  0.93 |  1.04 |  2.48 |  1.13 |  0.65
        5116 |  0.90 |  0.83 |  0.93 |  1.04 |  2.48 |  1.13 |  0.65
        5116 |  0.90 |  0.83 |  0.93 |  1.04 |  2.48 |  1.13 |  0.65
        5116 |  0.90 |  0.83 |  0.93 |  1.04 |  2.48 |  1.13 |  0.65
        5116 |  0.90 |  0.83 |  0.93 |  1.04 |  2.48 |  1.13 |  0.65
        5116 |  0.90 |  0.83 |  0.93 |  1.04 |  2.48 |  1.13 |  0.65
        5116 |  0.90 |  0.83 |  0.93 |  1.04 |  2.48 |  1.13 |  0.65
        5116 |  0.90 |  0.83 |  0.93 |  1.04 |  2.48 |  1.13 |  0.65
        5116 |  0.90 |  0.83 |  0.93 |  1.04 |  2.48 |  1.13 |  0.65
        5116 |  0.90 |  0.83 |  0.93 |  1.04 |  2.48 |  1.13 |  0.65
        5116 |  0.90 |  0.83 |  0.93 |  1.04 |  2.48 |  1.13 |  0.65
        5116 |  0.90 |  0.83 |  0.93 |  1.04 |  2.48 |  1.13 |  0.65
        5116 |  0.90 |  0.83 |  0.93 |  1.04 |  2.48 |  1.13 |  0.65
        5116 |  0.90 |  0.83 |  0.93 |  1.04 |  2.48 |  1.13 |  0.65
        5116 |  0.90 |  0.83 |  0.93 |  1.04 |  2.48 |  1.13 |  0.65
        5117 |  0.73 |  1.19 |  1.13 |  1.42 |  0.53 |  0.94 |  1.16
        5117 |  0.73 |  1.19 |  1.13 |  1.42 |  0.53 |  0.94 |  1.16
        5117 |  0.73 |  1.19 |  1.13 |  1.42 |  0.53 |  0.94 |  1.16
        5117 |  0.73 |  1.19 |  1.13 |  1.42 |  0.53 |  0.94 |  1.16
        5117 |  0.73 |  1.19 |  1.13 |  1.42 |  0.53 |  0.94 |  1.16
        5117 |  0.73 |  1.19 |  1.13 |  1.42 |  0.53 |  0.94 |  1.16
        5117 |  0.73 |  1.19 |  1.13 |  1.42 |  0.53 |  0.94 |  1.16
        5117 |  0.73 |  1.19 |  1.13 |  1.42 |  0.53 |  0.94 |  1.16
        5117 |  0.73 |  1.19 |  1.13 |  1.42 |  0.53 |  0.94 |  1.16
        5117 |  0.73 |  1.19 |  1.13 |  1.42 |  0.53 |  0.94 |  1.16
        5117 |  0.73 |  1.19 |  1.13 |  1.42 |  0.53 |  0.94 |  1.16
        5117 |  0.73 |  1.19 |  1.13 |  1.42 |  0.53 |  0.94 |  1.16
        5117 |  0.73 |  1.19 |  1.13 |  1.42 |  0.53 |  0.94 |  1.16
        5117 |  0.73 |  1.19 |  1.13 |  1.42 |  0.53 |  0.94 |  1.16
        5117 |  0.73 |  1.19 |  1.13 |  1.42 |  0.53 |  0.94 |  1.16
        5117 |  0.73 |  1.19 |  1.13 |  1.42 |  0.53 |  0.94 |  1.16
        5117 |  0.73 |  1.19 |  1.13 |  1.42 |  0.53 |  0.94 |  1.16
        5117 |  0.73 |  1.19 |  1.13 |  1.42 |  0.53 |  0.94 |  1.16
        5117 |  0.73 |  1.19 |  1.13 |  1.42 |  0.53 |  0.94 |  1.16
        5117 |  0.73 |  1.19 |  1.13 |  1.42 |  0.53 |  0.94 |  1.16
        5117 |  0.73 |  1.19 |  1.13 |  1.42 |  0.53 |  0.94 |  1.16
        5117 |  0.73 |  1.19 |  1.13 |  1.42 |  0.53 |  0.94 |  1.16
        5117 |  0.73 |  1.19 |  1.13 |  1.42 |  0.53 |  0.94 |  1.16
        5117 |  0.73 |  1.19 |  1.13 |  1.42 |  0.53 |  0.94 |  1.16
        5117 |  0.73 |  1.19 |  1.13 |  1.42 |  0.53 |  0.94 |  1.16
        5117 |  0.73 |  1.19 |  1.13 |  1.42 |  0.53 |  0.94 |  1.16
        5117 |  0.73 |  1.19 |  1.13 |  1.42 |  0.53 |  0.94 |  1.16
        5117 |  0.73 |  1.19 |  1.13 |  1.42 |  0.53 |  0.94 |  1.16
        5117 |  0.73 |  1.19 |  1.13 |  1.42 |  0.53 |  0.94 |  1.16
        5117 |  0.73 |  1.19 |  1.13 |  1.42 |  0.53 |  0.94 |  1.16
        5117 |  0.73 |  1.19 |  1.13 |  1.42 |  0.53 |  0.94 |  1.16
        5117 |  0.73 |  1.19 |  1.13 |  1.42 |  0.53 |  0.94 |  1.16
        5117 |  0.73 |  1.19 |  1.13 |  1.42 |  0.53 |  0.94 |  1.16
        5117 |  0.73 |  1.19 |  1.13 |  1.42 |  0.53 |  0.94 |  1.16
        5117 |  0.73 |  1.19 |  1.13 |  1.42 |  0.53 |  0.94 |  1.16
        5117 |  0.73 |  1.19 |  1.13 |  1.42 |  0.53 |  0.94 |  1.16
        5117 |  0.73 |  1.19 |  1.13 |  1.42 |  0.53 |  0.94 |  1.16
        5117 |  0.73 |  1.19 |  1.13 |  1.42 |  0.53 |  0.94 |  1.16
        5117 |  0.73 |  1.19 |  1.13 |  1.42 |  0.53 |  0.94 |  1.16
        5117 |  0.73 |  1.19 |  1.13 |  1.42 |  0.53 |  0.94 |  1.16
        5117 |  0.73 |  1.19 |  1.13 |  1.42 |  0.53 |  0.94 |  1.16
        5117 |  0.73 |  1.19 |  1.13 |  1.42 |  0.53 |  0.94 |  1.16
        5117 |  0.73 |  1.19 |  1.13 |  1.42 |  0.53 |  0.94 |  1.16
        5117 |  0.73 |  1.19 |  1.13 |  1.42 |  0.53 |  0.94 |  1.16
        5117 |  0.73 |  1.19 |  1.13 |  1.42 |  0.53 |  0.94 |  1.16
        5117 |  0.73 |  1.19 |  1.13 |  1.42 |  0.53 |  0.94 |  1.16
        5117 |  0.73 |  1.19 |  1.13 |  1.42 |  0.53 |  0.94 |  1.16
        5117 |  0.73 |  1.19 |  1.13 |  1.42 |  0.53 |  0.94 |  1.16
        5117 |  0.73 |  1.19 |  1.13 |  1.42 |  0.53 |  0.94 |  1.16
        5118 |  1.12 |  1.26 |  0.85 |  0.98 |  0.96 |  1.46 |  1.36
        5118 |  1.12 |  1.26 |  0.85 |  0.98 |  0.96 |  1.46 |  1.36
        5118 |  1.12 |  1.26 |  0.85 |  0.98 |  0.96 |  1.46 |  1.36
        5118 |  1.12 |  1.26 |  0.85 |  0.98 |  0.96 |  1.46 |  1.36
        5118 |  1.12 |  1.26 |  0.85 |  0.98 |  0.96 |  1.46 |  1.36
        5118 |  1.12 |  1.26 |  0.85 |  0.98 |  0.96 |  1.46 |  1.36
        5118 |  1.12 |  1.26 |  0.85 |  0.98 |  0.96 |  1.46 |  1.36
        5118 |  1.12 |  1.26 |  0.85 |  0.98 |  0.96 |  1.46 |  1.36
        5118 |  1.12 |  1.26 |  0.85 |  0.98 |  0.96 |  1.46 |  1.36
        5118 |  1.12 |  1.26 |  0.85 |  0.98 |  0.96 |  1.46 |  1.36
        5118 |  1.12 |  1.26 |  0.85 |  0.98 |  0.96 |  1.46 |  1.36
        5118 |  1.12 |  1.26 |  0.85 |  0.98 |  0.96 |  1.46 |  1.36
        5118 |  1.12 |  1.26 |  0.85 |  0.98 |  0.96 |  1.46 |  1.36
        5118 |  1.12 |  1.26 |  0.85 |  0.98 |  0.96 |  1.46 |  1.36
        5118 |  1.12 |  1.26 |  0.85 |  0.98 |  0.96 |  1.46 |  1.36
        5118 |  1.12 |  1.26 |  0.85 |  0.98 |  0.96 |  1.46 |  1.36
        5118 |  1.12 |  1.26 |  0.85 |  0.98 |  0.96 |  1.46 |  1.36
        5118 |  1.12 |  1.26 |  0.85 |  0.98 |  0.96 |  1.46 |  1.36
        5118 |  1.12 |  1.26 |  0.85 |  0.98 |  0.96 |  1.46 |  1.36
        5118 |  1.12 |  1.26 |  0.85 |  0.98 |  0.96 |  1.46 |  1.36
        5118 |  1.12 |  1.26 |  0.85 |  0.98 |  0.96 |  1.46 |  1.36
        5118 |  1.12 |  1.26 |  0.85 |  0.98 |  0.96 |  1.46 |  1.36
        5118 |  1.12 |  1.26 |  0.85 |  0.98 |  0.96 |  1.46 |  1.36
        5118 |  1.12 |  1.26 |  0.85 |  0.98 |  0.96 |  1.46 |  1.36
        5118 |  1.12 |  1.26 |  0.85 |  0.98 |  0.96 |  1.46 |  1.36
        5118 |  1.12 |  1.26 |  0.85 |  0.98 |  0.96 |  1.46 |  1.36
        5118 |  1.12 |  1.26 |  0.85 |  0.98 |  0.96 |  1.46 |  1.36
        5118 |  1.12 |  1.26 |  0.85 |  0.98 |  0.96 |  1.46 |  1.36
        5118 |  1.12 |  1.26 |  0.85 |  0.98 |  0.96 |  1.46 |  1.36
        5118 |  1.12 |  1.26 |  0.85 |  0.98 |  0.96 |  1.46 |  1.36
        5118 |  1.12 |  1.26 |  0.85 |  0.98 |  0.96 |  1.46 |  1.36
        5118 |  1.12 |  1.26 |  0.85 |  0.98 |  0.96 |  1.46 |  1.36
        5118 |  1.12 |  1.26 |  0.85 |  0.98 |  0.96 |  1.46 |  1.36
        5118 |  1.12 |  1.26 |  0.85 |  0.98 |  0.96 |  1.46 |  1.36
        5118 |  1.12 |  1.26 |  0.85 |  0.98 |  0.96 |  1.46 |  1.36
        5118 |  1.12 |  1.26 |  0.85 |  0.98 |  0.96 |  1.46 |  1.36
        5118 |  1.12 |  1.26 |  0.85 |  0.98 |  0.96 |  1.46 |  1.36
        5118 |  1.12 |  1.26 |  0.85 |  0.98 |  0.96 |  1.46 |  1.36
        5118 |  1.12 |  1.26 |  0.85 |  0.98 |  0.96 |  1.46 |  1.36
        5118 |  1.12 |  1.26 |  0.85 |  0.98 |  0.96 |  1.46 |  1.36
        5118 |  1.12 |  1.26 |  0.85 |  0.98 |  0.96 |  1.46 |  1.36
        5118 |  1.12 |  1.26 |  0.85 |  0.98 |  0.96 |  1.46 |  1.36
        5118 |  1.12 |  1.26 |  0.85 |  0.98 |  0.96 |  1.46 |  1.36
        5118 |  1.12 |  1.26 |  0.85 |  0.98 |  0.96 |  1.46 |  1.36
        5118 |  1.12 |  1.26 |  0.85 |  0.98 |  0.96 |  1.46 |  1.36
        5118 |  1.12 |  1.26 |  0.85 |  0.98 |  0.96 |  1.46 |  1.36
        5118 |  1.12 |  1.26 |  0.85 |  0.98 |  0.96 |  1.46 |  1.36
        5118 |  1.12 |  1.26 |  0.85 |  0.98 |  0.96 |  1.46 |  1.36
        5118 |  1.12 |  1.26 |  0.85 |  0.98 |  0.96 |  1.46 |  1.36
        5119 |  1.02 |  1.40 |  1.00 |  0.83 |  1.95 |  1.20 |  0.98
        5119 |  1.02 |  1.40 |  1.00 |  0.83 |  1.95 |  1.20 |  0.98
        5119 |  1.02 |  1.40 |  1.00 |  0.83 |  1.95 |  1.20 |  0.98
        5119 |  1.02 |  1.40 |  1.00 |  0.83 |  1.95 |  1.20 |  0.98
        5119 |  1.02 |  1.40 |  1.00 |  0.83 |  1.95 |  1.20 |  0.98
        5119 |  1.02 |  1.40 |  1.00 |  0.83 |  1.95 |  1.20 |  0.98
        5119 |  1.02 |  1.40 |  1.00 |  0.83 |  1.95 |  1.20 |  0.98
        5119 |  1.02 |  1.40 |  1.00 |  0.83 |  1.95 |  1.20 |  0.98
        5119 |  1.02 |  1.40 |  1.00 |  0.83 |  1.95 |  1.20 |  0.98
        5119 |  1.02 |  1.40 |  1.00 |  0.83 |  1.95 |  1.20 |  0.98
        5119 |  1.02 |  1.40 |  1.00 |  0.83 |  1.95 |  1.20 |  0.98
        5119 |  1.02 |  1.40 |  1.00 |  0.83 |  1.95 |  1.20 |  0.98
        5119 |  1.02 |  1.40 |  1.00 |  0.83 |  1.95 |  1.20 |  0.98
        5119 |  1.02 |  1.40 |  1.00 |  0.83 |  1.95 |  1.20 |  0.98
        5119 |  1.02 |  1.40 |  1.00 |  0.83 |  1.95 |  1.20 |  0.98
        5119 |  1.02 |  1.40 |  1.00 |  0.83 |  1.95 |  1.20 |  0.98
        5119 |  1.02 |  1.40 |  1.00 |  0.83 |  1.95 |  1.20 |  0.98
        5119 |  1.02 |  1.40 |  1.00 |  0.83 |  1.95 |  1.20 |  0.98
        5119 |  1.02 |  1.40 |  1.00 |  0.83 |  1.95 |  1.20 |  0.98
        5119 |  1.02 |  1.40 |  1.00 |  0.83 |  1.95 |  1.20 |  0.98
        5119 |  1.02 |  1.40 |  1.00 |  0.83 |  1.95 |  1.20 |  0.98
        5119 |  1.02 |  1.40 |  1.00 |  0.83 |  1.95 |  1.20 |  0.98
        5119 |  1.02 |  1.40 |  1.00 |  0.83 |  1.95 |  1.20 |  0.98
        5119 |  1.02 |  1.40 |  1.00 |  0.83 |  1.95 |  1.20 |  0.98
        5119 |  1.02 |  1.40 |  1.00 |  0.83 |  1.95 |  1.20 |  0.98
        5119 |  1.02 |  1.40 |  1.00 |  0.83 |  1.95 |  1.20 |  0.98
        5119 |  1.02 |  1.40 |  1.00 |  0.83 |  1.95 |  1.20 |  0.98
        5119 |  1.02 |  1.40 |  1.00 |  0.83 |  1.95 |  1.20 |  0.98
        5119 |  1.02 |  1.40 |  1.00 |  0.83 |  1.95 |  1.20 |  0.98
        5119 |  1.02 |  1.40 |  1.00 |  0.83 |  1.95 |  1.20 |  0.98
        5119 |  1.02 |  1.40 |  1.00 |  0.83 |  1.95 |  1.20 |  0.98
        5119 |  1.02 |  1.40 |  1.00 |  0.83 |  1.95 |  1.20 |  0.98
        5119 |  1.02 |  1.40 |  1.00 |  0.83 |  1.95 |  1.20 |  0.98
        5119 |  1.02 |  1.40 |  1.00 |  0.83 |  1.95 |  1.20 |  0.98
        5119 |  1.02 |  1.40 |  1.00 |  0.83 |  1.95 |  1.20 |  0.98
        5119 |  1.02 |  1.40 |  1.00 |  0.83 |  1.95 |  1.20 |  0.98
        5119 |  1.02 |  1.40 |  1.00 |  0.83 |  1.95 |  1.20 |  0.98
        5119 |  1.02 |  1.40 |  1.00 |  0.83 |  1.95 |  1.20 |  0.98
        5119 |  1.02 |  1.40 |  1.00 |  0.83 |  1.95 |  1.20 |  0.98
        5119 |  1.02 |  1.40 |  1.00 |  0.83 |  1.95 |  1.20 |  0.98
        5119 |  1.02 |  1.40 |  1.00 |  0.83 |  1.95 |  1.20 |  0.98
        5119 |  1.02 |  1.40 |  1.00 |  0.83 |  1.95 |  1.20 |  0.98
        5119 |  1.02 |  1.40 |  1.00 |  0.83 |  1.95 |  1.20 |  0.98
        5119 |  1.02 |  1.40 |  1.00 |  0.83 |  1.95 |  1.20 |  0.98
        5119 |  1.02 |  1.40 |  1.00 |  0.83 |  1.95 |  1.20 |  0.98
        5119 |  1.02 |  1.40 |  1.00 |  0.83 |  1.95 |  1.20 |  0.98
        5119 |  1.02 |  1.40 |  1.00 |  0.83 |  1.95 |  1.20 |  0.98
        5119 |  1.02 |  1.40 |  1.00 |  0.83 |  1.95 |  1.20 |  0.98
        5119 |  1.02 |  1.40 |  1.00 |  0.83 |  1.95 |  1.20 |  0.98
        5120 |  2.09 |  1.09 |  1.06 |  0.92 |  0.83 |  1.18 |  0.68
        5120 |  2.09 |  1.09 |  1.06 |  0.92 |  0.83 |  1.18 |  0.68
        5120 |  2.09 |  1.09 |  1.06 |  0.92 |  0.83 |  1.18 |  0.68
        5120 |  2.09 |  1.09 |  1.06 |  0.92 |  0.83 |  1.18 |  0.68
        5120 |  2.09 |  1.09 |  1.06 |  0.92 |  0.83 |  1.18 |  0.68
        5120 |  2.09 |  1.09 |  1.06 |  0.92 |  0.83 |  1.18 |  0.68
        5120 |  2.09 |  1.09 |  1.06 |  0.92 |  0.83 |  1.18 |  0.68
        5120 |  2.09 |  1.09 |  1.06 |  0.92 |  0.83 |  1.18 |  0.68
        5120 |  2.09 |  1.09 |  1.06 |  0.92 |  0.83 |  1.18 |  0.68
        5120 |  2.09 |  1.09 |  1.06 |  0.92 |  0.83 |  1.18 |  0.68
        5120 |  2.09 |  1.09 |  1.06 |  0.92 |  0.83 |  1.18 |  0.68
        5120 |  2.09 |  1.09 |  1.06 |  0.92 |  0.83 |  1.18 |  0.68
        5120 |  2.09 |  1.09 |  1.06 |  0.92 |  0.83 |  1.18 |  0.68
        5120 |  2.09 |  1.09 |  1.06 |  0.92 |  0.83 |  1.18 |  0.68
        5120 |  2.09 |  1.09 |  1.06 |  0.92 |  0.83 |  1.18 |  0.68
        5120 |  2.09 |  1.09 |  1.06 |  0.92 |  0.83 |  1.18 |  0.68
        5120 |  2.09 |  1.09 |  1.06 |  0.92 |  0.83 |  1.18 |  0.68
        5120 |  2.09 |  1.09 |  1.06 |  0.92 |  0.83 |  1.18 |  0.68
        5120 |  2.09 |  1.09 |  1.06 |  0.92 |  0.83 |  1.18 |  0.68
        5120 |  2.09 |  1.09 |  1.06 |  0.92 |  0.83 |  1.18 |  0.68
        5120 |  2.09 |  1.09 |  1.06 |  0.92 |  0.83 |  1.18 |  0.68
        5120 |  2.09 |  1.09 |  1.06 |  0.92 |  0.83 |  1.18 |  0.68
        5120 |  2.09 |  1.09 |  1.06 |  0.92 |  0.83 |  1.18 |  0.68
        5120 |  2.09 |  1.09 |  1.06 |  0.92 |  0.83 |  1.18 |  0.68
        5120 |  2.09 |  1.09 |  1.06 |  0.92 |  0.83 |  1.18 |  0.68
        5120 |  2.09 |  1.09 |  1.06 |  0.92 |  0.83 |  1.18 |  0.68
        5120 |  2.09 |  1.09 |  1.06 |  0.92 |  0.83 |  1.18 |  0.68
        5120 |  2.09 |  1.09 |  1.06 |  0.92 |  0.83 |  1.18 |  0.68
        5120 |  2.09 |  1.09 |  1.06 |  0.92 |  0.83 |  1.18 |  0.68
        5120 |  2.09 |  1.09 |  1.06 |  0.92 |  0.83 |  1.18 |  0.68
        5120 |  2.09 |  1.09 |  1.06 |  0.92 |  0.83 |  1.18 |  0.68
        5120 |  2.09 |  1.09 |  1.06 |  0.92 |  0.83 |  1.18 |  0.68
        5120 |  2.09 |  1.09 |  1.06 |  0.92 |  0.83 |  1.18 |  0.68
        5120 |  2.09 |  1.09 |  1.06 |  0.92 |  0.83 |  1.18 |  0.68
        5120 |  2.09 |  1.09 |  1.06 |  0.92 |  0.83 |  1.18 |  0.68
        5120 |  2.09 |  1.09 |  1.06 |  0.92 |  0.83 |  1.18 |  0.68
        5120 |  2.09 |  1.09 |  1.06 |  0.92 |  0.83 |  1.18 |  0.68
        5120 |  2.09 |  1.09 |  1.06 |  0.92 |  0.83 |  1.18 |  0.68
        5120 |  2.09 |  1.09 |  1.06 |  0.92 |  0.83 |  1.18 |  0.68
        5120 |  2.09 |  1.09 |  1.06 |  0.92 |  0.83 |  1.18 |  0.68
        5120 |  2.09 |  1.09 |  1.06 |  0.92 |  0.83 |  1.18 |  0.68
        5120 |  2.09 |  1.09 |  1.06 |  0.92 |  0.83 |  1.18 |  0.68
        5120 |  2.09 |  1.09 |  1.06 |  0.92 |  0.83 |  1.18 |  0.68
        5120 |  2.09 |  1.09 |  1.06 |  0.92 |  0.83 |  1.18 |  0.68
        5120 |  2.09 |  1.09 |  1.06 |  0.92 |  0.83 |  1.18 |  0.68
        5120 |  2.09 |  1.09 |  1.06 |  0.92 |  0.83 |  1.18 |  0.68
        5120 |  2.09 |  1.09 |  1.06 |  0.92 |  0.83 |  1.18 |  0.68
        5120 |  2.09 |  1.09 |  1.06 |  0.92 |  0.83 |  1.18 |  0.68
        5120 |  2.09 |  1.09 |  1.06 |  0.92 |  0.83 |  1.18 |  0.68
        5121 |  1.44 |  2.46 |  1.41 |  1.01 |  1.23 |  1.63 |  1.25
        5121 |  1.44 |  2.46 |  1.41 |  1.01 |  1.23 |  1.63 |  1.25
        5121 |  1.44 |  2.46 |  1.41 |  1.01 |  1.23 |  1.63 |  1.25
        5121 |  1.44 |  2.46 |  1.41 |  1.01 |  1.23 |  1.63 |  1.25
        5121 |  1.44 |  2.46 |  1.41 |  1.01 |  1.23 |  1.63 |  1.25
        5121 |  1.44 |  2.46 |  1.41 |  1.01 |  1.23 |  1.63 |  1.25
        5121 |  1.44 |  2.46 |  1.41 |  1.01 |  1.23 |  1.63 |  1.25
        5121 |  1.44 |  2.46 |  1.41 |  1.01 |  1.23 |  1.63 |  1.25
        5121 |  1.44 |  2.46 |  1.41 |  1.01 |  1.23 |  1.63 |  1.25
        5121 |  1.44 |  2.46 |  1.41 |  1.01 |  1.23 |  1.63 |  1.25
        5121 |  1.44 |  2.46 |  1.41 |  1.01 |  1.23 |  1.63 |  1.25
        5121 |  1.44 |  2.46 |  1.41 |  1.01 |  1.23 |  1.63 |  1.25
        5121 |  1.44 |  2.46 |  1.41 |  1.01 |  1.23 |  1.63 |  1.25
        5121 |  1.44 |  2.46 |  1.41 |  1.01 |  1.23 |  1.63 |  1.25
        5121 |  1.44 |  2.46 |  1.41 |  1.01 |  1.23 |  1.63 |  1.25
        5121 |  1.44 |  2.46 |  1.41 |  1.01 |  1.23 |  1.63 |  1.25
        5121 |  1.44 |  2.46 |  1.41 |  1.01 |  1.23 |  1.63 |  1.25
        5121 |  1.44 |  2.46 |  1.41 |  1.01 |  1.23 |  1.63 |  1.25
        5121 |  1.44 |  2.46 |  1.41 |  1.01 |  1.23 |  1.63 |  1.25
        5121 |  1.44 |  2.46 |  1.41 |  1.01 |  1.23 |  1.63 |  1.25
        5121 |  1.44 |  2.46 |  1.41 |  1.01 |  1.23 |  1.63 |  1.25
        5121 |  1.44 |  2.46 |  1.41 |  1.01 |  1.23 |  1.63 |  1.25
        5121 |  1.44 |  2.46 |  1.41 |  1.01 |  1.23 |  1.63 |  1.25
        5121 |  1.44 |  2.46 |  1.41 |  1.01 |  1.23 |  1.63 |  1.25
        5121 |  1.44 |  2.46 |  1.41 |  1.01 |  1.23 |  1.63 |  1.25
        5121 |  1.44 |  2.46 |  1.41 |  1.01 |  1.23 |  1.63 |  1.25
        5121 |  1.44 |  2.46 |  1.41 |  1.01 |  1.23 |  1.63 |  1.25
        5121 |  1.44 |  2.46 |  1.41 |  1.01 |  1.23 |  1.63 |  1.25
        5121 |  1.44 |  2.46 |  1.41 |  1.01 |  1.23 |  1.63 |  1.25
        5121 |  1.44 |  2.46 |  1.41 |  1.01 |  1.23 |  1.63 |  1.25
        5121 |  1.44 |  2.46 |  1.41 |  1.01 |  1.23 |  1.63 |  1.25
        5121 |  1.44 |  2.46 |  1.41 |  1.01 |  1.23 |  1.63 |  1.25
        5121 |  1.44 |  2.46 |  1.41 |  1.01 |  1.23 |  1.63 |  1.25
        5121 |  1.44 |  2.46 |  1.41 |  1.01 |  1.23 |  1.63 |  1.25
        5121 |  1.44 |  2.46 |  1.41 |  1.01 |  1.23 |  1.63 |  1.25
        5121 |  1.44 |  2.46 |  1.41 |  1.01 |  1.23 |  1.63 |  1.25
        5121 |  1.44 |  2.46 |  1.41 |  1.01 |  1.23 |  1.63 |  1.25
        5121 |  1.44 |  2.46 |  1.41 |  1.01 |  1.23 |  1.63 |  1.25
        5121 |  1.44 |  2.46 |  1.41 |  1.01 |  1.23 |  1.63 |  1.25
        5121 |  1.44 |  2.46 |  1.41 |  1.01 |  1.23 |  1.63 |  1.25
        5121 |  1.44 |  2.46 |  1.41 |  1.01 |  1.23 |  1.63 |  1.25
        5121 |  1.44 |  2.46 |  1.41 |  1.01 |  1.23 |  1.63 |  1.25
        5121 |  1.44 |  2.46 |  1.41 |  1.01 |  1.23 |  1.63 |  1.25
        5121 |  1.44 |  2.46 |  1.41 |  1.01 |  1.23 |  1.63 |  1.25
        5121 |  1.44 |  2.46 |  1.41 |  1.01 |  1.23 |  1.63 |  1.25
        5121 |  1.44 |  2.46 |  1.41 |  1.01 |  1.23 |  1.63 |  1.25
        5121 |  1.44 |  2.46 |  1.41 |  1.01 |  1.23 |  1.63 |  1.25
        5121 |  1.44 |  2.46 |  1.41 |  1.01 |  1.23 |  1.63 |  1.25
        5121 |  1.44 |  2.46 |  1.41 |  1.01 |  1.23 |  1.63 |  1.25
        5122 |  0.06 |  0.88 |  1.12 |  1.41 |  1.40 |  1.10 |  0.84
        5122 |  0.06 |  0.88 |  1.12 |  1.41 |  1.40 |  1.10 |  0.84
        5122 |  0.06 |  0.88 |  1.12 |  1.41 |  1.40 |  1.10 |  0.84
        5122 |  0.06 |  0.88 |  1.12 |  1.41 |  1.40 |  1.10 |  0.84
        5122 |  0.06 |  0.88 |  1.12 |  1.41 |  1.40 |  1.10 |  0.84
        5122 |  0.06 |  0.88 |  1.12 |  1.41 |  1.40 |  1.10 |  0.84
        5122 |  0.06 |  0.88 |  1.12 |  1.41 |  1.40 |  1.10 |  0.84
        5122 |  0.06 |  0.88 |  1.12 |  1.41 |  1.40 |  1.10 |  0.84
        5122 |  0.06 |  0.88 |  1.12 |  1.41 |  1.40 |  1.10 |  0.84
        5122 |  0.06 |  0.88 |  1.12 |  1.41 |  1.40 |  1.10 |  0.84
        5122 |  0.06 |  0.88 |  1.12 |  1.41 |  1.40 |  1.10 |  0.84
        5122 |  0.06 |  0.88 |  1.12 |  1.41 |  1.40 |  1.10 |  0.84
        5122 |  0.06 |  0.88 |  1.12 |  1.41 |  1.40 |  1.10 |  0.84
        5122 |  0.06 |  0.88 |  1.12 |  1.41 |  1.40 |  1.10 |  0.84
        5122 |  0.06 |  0.88 |  1.12 |  1.41 |  1.40 |  1.10 |  0.84
        5122 |  0.06 |  0.88 |  1.12 |  1.41 |  1.40 |  1.10 |  0.84
        5122 |  0.06 |  0.88 |  1.12 |  1.41 |  1.40 |  1.10 |  0.84
        5122 |  0.06 |  0.88 |  1.12 |  1.41 |  1.40 |  1.10 |  0.84
        5122 |  0.06 |  0.88 |  1.12 |  1.41 |  1.40 |  1.10 |  0.84
        5122 |  0.06 |  0.88 |  1.12 |  1.41 |  1.40 |  1.10 |  0.84
        5122 |  0.06 |  0.88 |  1.12 |  1.41 |  1.40 |  1.10 |  0.84
        5122 |  0.06 |  0.88 |  1.12 |  1.41 |  1.40 |  1.10 |  0.84
        5122 |  0.06 |  0.88 |  1.12 |  1.41 |  1.40 |  1.10 |  0.84
        5122 |  0.06 |  0.88 |  1.12 |  1.41 |  1.40 |  1.10 |  0.84
        5122 |  0.06 |  0.88 |  1.12 |  1.41 |  1.40 |  1.10 |  0.84
        5122 |  0.06 |  0.88 |  1.12 |  1.41 |  1.40 |  1.10 |  0.84
        5122 |  0.06 |  0.88 |  1.12 |  1.41 |  1.40 |  1.10 |  0.84
        5122 |  0.06 |  0.88 |  1.12 |  1.41 |  1.40 |  1.10 |  0.84
        5122 |  0.06 |  0.88 |  1.12 |  1.41 |  1.40 |  1.10 |  0.84
        5122 |  0.06 |  0.88 |  1.12 |  1.41 |  1.40 |  1.10 |  0.84
        5122 |  0.06 |  0.88 |  1.12 |  1.41 |  1.40 |  1.10 |  0.84
        5122 |  0.06 |  0.88 |  1.12 |  1.41 |  1.40 |  1.10 |  0.84
        5122 |  0.06 |  0.88 |  1.12 |  1.41 |  1.40 |  1.10 |  0.84
        5122 |  0.06 |  0.88 |  1.12 |  1.41 |  1.40 |  1.10 |  0.84
        5122 |  0.06 |  0.88 |  1.12 |  1.41 |  1.40 |  1.10 |  0.84
        5122 |  0.06 |  0.88 |  1.12 |  1.41 |  1.40 |  1.10 |  0.84
        5122 |  0.06 |  0.88 |  1.12 |  1.41 |  1.40 |  1.10 |  0.84
        5122 |  0.06 |  0.88 |  1.12 |  1.41 |  1.40 |  1.10 |  0.84
        5122 |  0.06 |  0.88 |  1.12 |  1.41 |  1.40 |  1.10 |  0.84
        5122 |  0.06 |  0.88 |  1.12 |  1.41 |  1.40 |  1.10 |  0.84
        5122 |  0.06 |  0.88 |  1.12 |  1.41 |  1.40 |  1.10 |  0.84
        5122 |  0.06 |  0.88 |  1.12 |  1.41 |  1.40 |  1.10 |  0.84
        5122 |  0.06 |  0.88 |  1.12 |  1.41 |  1.40 |  1.10 |  0.84
        5122 |  0.06 |  0.88 |  1.12 |  1.41 |  1.40 |  1.10 |  0.84
        5122 |  0.06 |  0.88 |  1.12 |  1.41 |  1.40 |  1.10 |  0.84
        5122 |  0.06 |  0.88 |  1.12 |  1.41 |  1.40 |  1.10 |  0.84
        5122 |  0.06 |  0.88 |  1.12 |  1.41 |  1.40 |  1.10 |  0.84
        5122 |  0.06 |  0.88 |  1.12 |  1.41 |  1.40 |  1.10 |  0.84
        5122 |  0.06 |  0.88 |  1.12 |  1.41 |  1.40 |  1.10 |  0.84
        5123 |  1.08 |  0.65 |  0.65 |  0.96 |  1.06 |  0.97 |  0.64
        5123 |  1.08 |  0.65 |  0.65 |  0.96 |  1.06 |  0.97 |  0.64
        5123 |  1.08 |  0.65 |  0.65 |  0.96 |  1.06 |  0.97 |  0.64
        5123 |  1.08 |  0.65 |  0.65 |  0.96 |  1.06 |  0.97 |  0.64
        5123 |  1.08 |  0.65 |  0.65 |  0.96 |  1.06 |  0.97 |  0.64
        5123 |  1.08 |  0.65 |  0.65 |  0.96 |  1.06 |  0.97 |  0.64
        5123 |  1.08 |  0.65 |  0.65 |  0.96 |  1.06 |  0.97 |  0.64
        5123 |  1.08 |  0.65 |  0.65 |  0.96 |  1.06 |  0.97 |  0.64
        5123 |  1.08 |  0.65 |  0.65 |  0.96 |  1.06 |  0.97 |  0.64
        5123 |  1.08 |  0.65 |  0.65 |  0.96 |  1.06 |  0.97 |  0.64
        5123 |  1.08 |  0.65 |  0.65 |  0.96 |  1.06 |  0.97 |  0.64
        5123 |  1.08 |  0.65 |  0.65 |  0.96 |  1.06 |  0.97 |  0.64
        5123 |  1.08 |  0.65 |  0.65 |  0.96 |  1.06 |  0.97 |  0.64
        5123 |  1.08 |  0.65 |  0.65 |  0.96 |  1.06 |  0.97 |  0.64
        5123 |  1.08 |  0.65 |  0.65 |  0.96 |  1.06 |  0.97 |  0.64
        5123 |  1.08 |  0.65 |  0.65 |  0.96 |  1.06 |  0.97 |  0.64
        5123 |  1.08 |  0.65 |  0.65 |  0.96 |  1.06 |  0.97 |  0.64
        5123 |  1.08 |  0.65 |  0.65 |  0.96 |  1.06 |  0.97 |  0.64
        5123 |  1.08 |  0.65 |  0.65 |  0.96 |  1.06 |  0.97 |  0.64
        5123 |  1.08 |  0.65 |  0.65 |  0.96 |  1.06 |  0.97 |  0.64
        5123 |  1.08 |  0.65 |  0.65 |  0.96 |  1.06 |  0.97 |  0.64
        5123 |  1.08 |  0.65 |  0.65 |  0.96 |  1.06 |  0.97 |  0.64
        5123 |  1.08 |  0.65 |  0.65 |  0.96 |  1.06 |  0.97 |  0.64
        5123 |  1.08 |  0.65 |  0.65 |  0.96 |  1.06 |  0.97 |  0.64
        5123 |  1.08 |  0.65 |  0.65 |  0.96 |  1.06 |  0.97 |  0.64
        5123 |  1.08 |  0.65 |  0.65 |  0.96 |  1.06 |  0.97 |  0.64
        5123 |  1.08 |  0.65 |  0.65 |  0.96 |  1.06 |  0.97 |  0.64
        5123 |  1.08 |  0.65 |  0.65 |  0.96 |  1.06 |  0.97 |  0.64
        5123 |  1.08 |  0.65 |  0.65 |  0.96 |  1.06 |  0.97 |  0.64
        5123 |  1.08 |  0.65 |  0.65 |  0.96 |  1.06 |  0.97 |  0.64
        5123 |  1.08 |  0.65 |  0.65 |  0.96 |  1.06 |  0.97 |  0.64
        5123 |  1.08 |  0.65 |  0.65 |  0.96 |  1.06 |  0.97 |  0.64
        5123 |  1.08 |  0.65 |  0.65 |  0.96 |  1.06 |  0.97 |  0.64
        5123 |  1.08 |  0.65 |  0.65 |  0.96 |  1.06 |  0.97 |  0.64
        5123 |  1.08 |  0.65 |  0.65 |  0.96 |  1.06 |  0.97 |  0.64
        5123 |  1.08 |  0.65 |  0.65 |  0.96 |  1.06 |  0.97 |  0.64
        5123 |  1.08 |  0.65 |  0.65 |  0.96 |  1.06 |  0.97 |  0.64
        5123 |  1.08 |  0.65 |  0.65 |  0.96 |  1.06 |  0.97 |  0.64
        5123 |  1.08 |  0.65 |  0.65 |  0.96 |  1.06 |  0.97 |  0.64
        5123 |  1.08 |  0.65 |  0.65 |  0.96 |  1.06 |  0.97 |  0.64
        5123 |  1.08 |  0.65 |  0.65 |  0.96 |  1.06 |  0.97 |  0.64
        5123 |  1.08 |  0.65 |  0.65 |  0.96 |  1.06 |  0.97 |  0.64
        5123 |  1.08 |  0.65 |  0.65 |  0.96 |  1.06 |  0.97 |  0.64
        5123 |  1.08 |  0.65 |  0.65 |  0.96 |  1.06 |  0.97 |  0.64
        5123 |  1.08 |  0.65 |  0.65 |  0.96 |  1.06 |  0.97 |  0.64
        5123 |  1.08 |  0.65 |  0.65 |  0.96 |  1.06 |  0.97 |  0.64
        5123 |  1.08 |  0.65 |  0.65 |  0.96 |  1.06 |  0.97 |  0.64
        5123 |  1.08 |  0.65 |  0.65 |  0.96 |  1.06 |  0.97 |  0.64
        5123 |  1.08 |  0.65 |  0.65 |  0.96 |  1.06 |  0.97 |  0.64
        5124 |  1.03 |  2.08 |  0.81 |  1.06 |  0.95 |  1.08 |  1.61
        5124 |  1.03 |  2.08 |  0.81 |  1.06 |  0.95 |  1.08 |  1.61
        5124 |  1.03 |  2.08 |  0.81 |  1.06 |  0.95 |  1.08 |  1.61
        5124 |  1.03 |  2.08 |  0.81 |  1.06 |  0.95 |  1.08 |  1.61
        5124 |  1.03 |  2.08 |  0.81 |  1.06 |  0.95 |  1.08 |  1.61
        5124 |  1.03 |  2.08 |  0.81 |  1.06 |  0.95 |  1.08 |  1.61
        5124 |  1.03 |  2.08 |  0.81 |  1.06 |  0.95 |  1.08 |  1.61
        5124 |  1.03 |  2.08 |  0.81 |  1.06 |  0.95 |  1.08 |  1.61
        5124 |  1.03 |  2.08 |  0.81 |  1.06 |  0.95 |  1.08 |  1.61
        5124 |  1.03 |  2.08 |  0.81 |  1.06 |  0.95 |  1.08 |  1.61
        5124 |  1.03 |  2.08 |  0.81 |  1.06 |  0.95 |  1.08 |  1.61
        5124 |  1.03 |  2.08 |  0.81 |  1.06 |  0.95 |  1.08 |  1.61
        5124 |  1.03 |  2.08 |  0.81 |  1.06 |  0.95 |  1.08 |  1.61
        5124 |  1.03 |  2.08 |  0.81 |  1.06 |  0.95 |  1.08 |  1.61
        5124 |  1.03 |  2.08 |  0.81 |  1.06 |  0.95 |  1.08 |  1.61
        5124 |  1.03 |  2.08 |  0.81 |  1.06 |  0.95 |  1.08 |  1.61
        5124 |  1.03 |  2.08 |  0.81 |  1.06 |  0.95 |  1.08 |  1.61
        5124 |  1.03 |  2.08 |  0.81 |  1.06 |  0.95 |  1.08 |  1.61
        5124 |  1.03 |  2.08 |  0.81 |  1.06 |  0.95 |  1.08 |  1.61
        5124 |  1.03 |  2.08 |  0.81 |  1.06 |  0.95 |  1.08 |  1.61
        5124 |  1.03 |  2.08 |  0.81 |  1.06 |  0.95 |  1.08 |  1.61
        5124 |  1.03 |  2.08 |  0.81 |  1.06 |  0.95 |  1.08 |  1.61
        5124 |  1.03 |  2.08 |  0.81 |  1.06 |  0.95 |  1.08 |  1.61
        5124 |  1.03 |  2.08 |  0.81 |  1.06 |  0.95 |  1.08 |  1.61
        5124 |  1.03 |  2.08 |  0.81 |  1.06 |  0.95 |  1.08 |  1.61
        5124 |  1.03 |  2.08 |  0.81 |  1.06 |  0.95 |  1.08 |  1.61
        5124 |  1.03 |  2.08 |  0.81 |  1.06 |  0.95 |  1.08 |  1.61
        5124 |  1.03 |  2.08 |  0.81 |  1.06 |  0.95 |  1.08 |  1.61
        5124 |  1.03 |  2.08 |  0.81 |  1.06 |  0.95 |  1.08 |  1.61
        5124 |  1.03 |  2.08 |  0.81 |  1.06 |  0.95 |  1.08 |  1.61
        5124 |  1.03 |  2.08 |  0.81 |  1.06 |  0.95 |  1.08 |  1.61
        5124 |  1.03 |  2.08 |  0.81 |  1.06 |  0.95 |  1.08 |  1.61
        5124 |  1.03 |  2.08 |  0.81 |  1.06 |  0.95 |  1.08 |  1.61
        5124 |  1.03 |  2.08 |  0.81 |  1.06 |  0.95 |  1.08 |  1.61
        5124 |  1.03 |  2.08 |  0.81 |  1.06 |  0.95 |  1.08 |  1.61
        5124 |  1.03 |  2.08 |  0.81 |  1.06 |  0.95 |  1.08 |  1.61
        5124 |  1.03 |  2.08 |  0.81 |  1.06 |  0.95 |  1.08 |  1.61
        5124 |  1.03 |  2.08 |  0.81 |  1.06 |  0.95 |  1.08 |  1.61
        5124 |  1.03 |  2.08 |  0.81 |  1.06 |  0.95 |  1.08 |  1.61
        5124 |  1.03 |  2.08 |  0.81 |  1.06 |  0.95 |  1.08 |  1.61
        5124 |  1.03 |  2.08 |  0.81 |  1.06 |  0.95 |  1.08 |  1.61
        5124 |  1.03 |  2.08 |  0.81 |  1.06 |  0.95 |  1.08 |  1.61
        5124 |  1.03 |  2.08 |  0.81 |  1.06 |  0.95 |  1.08 |  1.61
        5124 |  1.03 |  2.08 |  0.81 |  1.06 |  0.95 |  1.08 |  1.61
        5124 |  1.03 |  2.08 |  0.81 |  1.06 |  0.95 |  1.08 |  1.61
        5124 |  1.03 |  2.08 |  0.81 |  1.06 |  0.95 |  1.08 |  1.61
        5124 |  1.03 |  2.08 |  0.81 |  1.06 |  0.95 |  1.08 |  1.61
        5124 |  1.03 |  2.08 |  0.81 |  1.06 |  0.95 |  1.08 |  1.61
        5124 |  1.03 |  2.08 |  0.81 |  1.06 |  0.95 |  1.08 |  1.61
        5125 |  1.07 |  1.72 |  1.04 |  1.51 |  1.00 |  1.02 |  0.91
        5125 |  1.07 |  1.72 |  1.04 |  1.51 |  1.00 |  1.02 |  0.91
        5125 |  1.07 |  1.72 |  1.04 |  1.51 |  1.00 |  1.02 |  0.91
        5125 |  1.07 |  1.72 |  1.04 |  1.51 |  1.00 |  1.02 |  0.91
        5125 |  1.07 |  1.72 |  1.04 |  1.51 |  1.00 |  1.02 |  0.91
        5125 |  1.07 |  1.72 |  1.04 |  1.51 |  1.00 |  1.02 |  0.91
        5125 |  1.07 |  1.72 |  1.04 |  1.51 |  1.00 |  1.02 |  0.91
        5125 |  1.07 |  1.72 |  1.04 |  1.51 |  1.00 |  1.02 |  0.91
        5125 |  1.07 |  1.72 |  1.04 |  1.51 |  1.00 |  1.02 |  0.91
        5125 |  1.07 |  1.72 |  1.04 |  1.51 |  1.00 |  1.02 |  0.91
        5125 |  1.07 |  1.72 |  1.04 |  1.51 |  1.00 |  1.02 |  0.91
        5125 |  1.07 |  1.72 |  1.04 |  1.51 |  1.00 |  1.02 |  0.91
        5125 |  1.07 |  1.72 |  1.04 |  1.51 |  1.00 |  1.02 |  0.91
        5125 |  1.07 |  1.72 |  1.04 |  1.51 |  1.00 |  1.02 |  0.91
        5125 |  1.07 |  1.72 |  1.04 |  1.51 |  1.00 |  1.02 |  0.91
        5125 |  1.07 |  1.72 |  1.04 |  1.51 |  1.00 |  1.02 |  0.91
        5125 |  1.07 |  1.72 |  1.04 |  1.51 |  1.00 |  1.02 |  0.91
        5125 |  1.07 |  1.72 |  1.04 |  1.51 |  1.00 |  1.02 |  0.91
        5125 |  1.07 |  1.72 |  1.04 |  1.51 |  1.00 |  1.02 |  0.91
        5125 |  1.07 |  1.72 |  1.04 |  1.51 |  1.00 |  1.02 |  0.91
        5125 |  1.07 |  1.72 |  1.04 |  1.51 |  1.00 |  1.02 |  0.91
        5125 |  1.07 |  1.72 |  1.04 |  1.51 |  1.00 |  1.02 |  0.91
        5125 |  1.07 |  1.72 |  1.04 |  1.51 |  1.00 |  1.02 |  0.91
        5125 |  1.07 |  1.72 |  1.04 |  1.51 |  1.00 |  1.02 |  0.91
        5125 |  1.07 |  1.72 |  1.04 |  1.51 |  1.00 |  1.02 |  0.91
        5125 |  1.07 |  1.72 |  1.04 |  1.51 |  1.00 |  1.02 |  0.91
        5125 |  1.07 |  1.72 |  1.04 |  1.51 |  1.00 |  1.02 |  0.91
        5125 |  1.07 |  1.72 |  1.04 |  1.51 |  1.00 |  1.02 |  0.91
        5125 |  1.07 |  1.72 |  1.04 |  1.51 |  1.00 |  1.02 |  0.91
        5125 |  1.07 |  1.72 |  1.04 |  1.51 |  1.00 |  1.02 |  0.91
        5125 |  1.07 |  1.72 |  1.04 |  1.51 |  1.00 |  1.02 |  0.91
        5125 |  1.07 |  1.72 |  1.04 |  1.51 |  1.00 |  1.02 |  0.91
        5125 |  1.07 |  1.72 |  1.04 |  1.51 |  1.00 |  1.02 |  0.91
        5125 |  1.07 |  1.72 |  1.04 |  1.51 |  1.00 |  1.02 |  0.91
        5125 |  1.07 |  1.72 |  1.04 |  1.51 |  1.00 |  1.02 |  0.91
        5125 |  1.07 |  1.72 |  1.04 |  1.51 |  1.00 |  1.02 |  0.91
        5125 |  1.07 |  1.72 |  1.04 |  1.51 |  1.00 |  1.02 |  0.91
        5125 |  1.07 |  1.72 |  1.04 |  1.51 |  1.00 |  1.02 |  0.91
        5125 |  1.07 |  1.72 |  1.04 |  1.51 |  1.00 |  1.02 |  0.91
        5125 |  1.07 |  1.72 |  1.04 |  1.51 |  1.00 |  1.02 |  0.91
        5125 |  1.07 |  1.72 |  1.04 |  1.51 |  1.00 |  1.02 |  0.91
        5125 |  1.07 |  1.72 |  1.04 |  1.51 |  1.00 |  1.02 |  0.91
        5125 |  1.07 |  1.72 |  1.04 |  1.51 |  1.00 |  1.02 |  0.91
        5125 |  1.07 |  1.72 |  1.04 |  1.51 |  1.00 |  1.02 |  0.91
        5125 |  1.07 |  1.72 |  1.04 |  1.51 |  1.00 |  1.02 |  0.91
        5125 |  1.07 |  1.72 |  1.04 |  1.51 |  1.00 |  1.02 |  0.91
        5125 |  1.07 |  1.72 |  1.04 |  1.51 |  1.00 |  1.02 |  0.91
        5125 |  1.07 |  1.72 |  1.04 |  1.51 |  1.00 |  1.02 |  0.91
        5125 |  1.07 |  1.72 |  1.04 |  1.51 |  1.00 |  1.02 |  0.91
        5126 |  0.73 |  1.10 |  0.84 |  1.45 |  0.93 |  1.03 |  1.19
        5126 |  0.73 |  1.10 |  0.84 |  1.45 |  0.93 |  1.03 |  1.19
        5126 |  0.73 |  1.10 |  0.84 |  1.45 |  0.93 |  1.03 |  1.19
        5126 |  0.73 |  1.10 |  0.84 |  1.45 |  0.93 |  1.03 |  1.19
        5126 |  0.73 |  1.10 |  0.84 |  1.45 |  0.93 |  1.03 |  1.19
        5126 |  0.73 |  1.10 |  0.84 |  1.45 |  0.93 |  1.03 |  1.19
        5126 |  0.73 |  1.10 |  0.84 |  1.45 |  0.93 |  1.03 |  1.19
        5126 |  0.73 |  1.10 |  0.84 |  1.45 |  0.93 |  1.03 |  1.19
        5126 |  0.73 |  1.10 |  0.84 |  1.45 |  0.93 |  1.03 |  1.19
        5126 |  0.73 |  1.10 |  0.84 |  1.45 |  0.93 |  1.03 |  1.19
        5126 |  0.73 |  1.10 |  0.84 |  1.45 |  0.93 |  1.03 |  1.19
        5126 |  0.73 |  1.10 |  0.84 |  1.45 |  0.93 |  1.03 |  1.19
        5126 |  0.73 |  1.10 |  0.84 |  1.45 |  0.93 |  1.03 |  1.19
        5126 |  0.73 |  1.10 |  0.84 |  1.45 |  0.93 |  1.03 |  1.19
        5126 |  0.73 |  1.10 |  0.84 |  1.45 |  0.93 |  1.03 |  1.19
        5126 |  0.73 |  1.10 |  0.84 |  1.45 |  0.93 |  1.03 |  1.19
        5126 |  0.73 |  1.10 |  0.84 |  1.45 |  0.93 |  1.03 |  1.19
        5126 |  0.73 |  1.10 |  0.84 |  1.45 |  0.93 |  1.03 |  1.19
        5126 |  0.73 |  1.10 |  0.84 |  1.45 |  0.93 |  1.03 |  1.19
        5126 |  0.73 |  1.10 |  0.84 |  1.45 |  0.93 |  1.03 |  1.19
        5126 |  0.73 |  1.10 |  0.84 |  1.45 |  0.93 |  1.03 |  1.19
        5126 |  0.73 |  1.10 |  0.84 |  1.45 |  0.93 |  1.03 |  1.19
        5126 |  0.73 |  1.10 |  0.84 |  1.45 |  0.93 |  1.03 |  1.19
        5126 |  0.73 |  1.10 |  0.84 |  1.45 |  0.93 |  1.03 |  1.19
        5126 |  0.73 |  1.10 |  0.84 |  1.45 |  0.93 |  1.03 |  1.19
        5126 |  0.73 |  1.10 |  0.84 |  1.45 |  0.93 |  1.03 |  1.19
        5126 |  0.73 |  1.10 |  0.84 |  1.45 |  0.93 |  1.03 |  1.19
        5126 |  0.73 |  1.10 |  0.84 |  1.45 |  0.93 |  1.03 |  1.19
        5126 |  0.73 |  1.10 |  0.84 |  1.45 |  0.93 |  1.03 |  1.19
        5126 |  0.73 |  1.10 |  0.84 |  1.45 |  0.93 |  1.03 |  1.19
        5126 |  0.73 |  1.10 |  0.84 |  1.45 |  0.93 |  1.03 |  1.19
        5126 |  0.73 |  1.10 |  0.84 |  1.45 |  0.93 |  1.03 |  1.19
        5126 |  0.73 |  1.10 |  0.84 |  1.45 |  0.93 |  1.03 |  1.19
        5126 |  0.73 |  1.10 |  0.84 |  1.45 |  0.93 |  1.03 |  1.19
        5126 |  0.73 |  1.10 |  0.84 |  1.45 |  0.93 |  1.03 |  1.19
        5126 |  0.73 |  1.10 |  0.84 |  1.45 |  0.93 |  1.03 |  1.19
        5126 |  0.73 |  1.10 |  0.84 |  1.45 |  0.93 |  1.03 |  1.19
        5126 |  0.73 |  1.10 |  0.84 |  1.45 |  0.93 |  1.03 |  1.19
        5126 |  0.73 |  1.10 |  0.84 |  1.45 |  0.93 |  1.03 |  1.19
        5126 |  0.73 |  1.10 |  0.84 |  1.45 |  0.93 |  1.03 |  1.19
        5126 |  0.73 |  1.10 |  0.84 |  1.45 |  0.93 |  1.03 |  1.19
        5126 |  0.73 |  1.10 |  0.84 |  1.45 |  0.93 |  1.03 |  1.19
        5126 |  0.73 |  1.10 |  0.84 |  1.45 |  0.93 |  1.03 |  1.19
        5126 |  0.73 |  1.10 |  0.84 |  1.45 |  0.93 |  1.03 |  1.19
        5126 |  0.73 |  1.10 |  0.84 |  1.45 |  0.93 |  1.03 |  1.19
        5126 |  0.73 |  1.10 |  0.84 |  1.45 |  0.93 |  1.03 |  1.19
        5126 |  0.73 |  1.10 |  0.84 |  1.45 |  0.93 |  1.03 |  1.19
        5126 |  0.73 |  1.10 |  0.84 |  1.45 |  0.93 |  1.03 |  1.19
        5126 |  0.73 |  1.10 |  0.84 |  1.45 |  0.93 |  1.03 |  1.19
        5127 |  0.87 |  0.88 |  0.92 |  1.35 |  0.70 |  0.83 |  1.14
        5127 |  0.87 |  0.88 |  0.92 |  1.35 |  0.70 |  0.83 |  1.14
        5127 |  0.87 |  0.88 |  0.92 |  1.35 |  0.70 |  0.83 |  1.14
        5127 |  0.87 |  0.88 |  0.92 |  1.35 |  0.70 |  0.83 |  1.14
        5127 |  0.87 |  0.88 |  0.92 |  1.35 |  0.70 |  0.83 |  1.14
        5127 |  0.87 |  0.88 |  0.92 |  1.35 |  0.70 |  0.83 |  1.14
        5127 |  0.87 |  0.88 |  0.92 |  1.35 |  0.70 |  0.83 |  1.14
        5127 |  0.87 |  0.88 |  0.92 |  1.35 |  0.70 |  0.83 |  1.14
        5127 |  0.87 |  0.88 |  0.92 |  1.35 |  0.70 |  0.83 |  1.14
        5127 |  0.87 |  0.88 |  0.92 |  1.35 |  0.70 |  0.83 |  1.14
        5127 |  0.87 |  0.88 |  0.92 |  1.35 |  0.70 |  0.83 |  1.14
        5127 |  0.87 |  0.88 |  0.92 |  1.35 |  0.70 |  0.83 |  1.14
        5127 |  0.87 |  0.88 |  0.92 |  1.35 |  0.70 |  0.83 |  1.14
        5127 |  0.87 |  0.88 |  0.92 |  1.35 |  0.70 |  0.83 |  1.14
        5127 |  0.87 |  0.88 |  0.92 |  1.35 |  0.70 |  0.83 |  1.14
        5127 |  0.87 |  0.88 |  0.92 |  1.35 |  0.70 |  0.83 |  1.14
        5127 |  0.87 |  0.88 |  0.92 |  1.35 |  0.70 |  0.83 |  1.14
        5127 |  0.87 |  0.88 |  0.92 |  1.35 |  0.70 |  0.83 |  1.14
        5127 |  0.87 |  0.88 |  0.92 |  1.35 |  0.70 |  0.83 |  1.14
        5127 |  0.87 |  0.88 |  0.92 |  1.35 |  0.70 |  0.83 |  1.14
        5127 |  0.87 |  0.88 |  0.92 |  1.35 |  0.70 |  0.83 |  1.14
        5127 |  0.87 |  0.88 |  0.92 |  1.35 |  0.70 |  0.83 |  1.14
        5127 |  0.87 |  0.88 |  0.92 |  1.35 |  0.70 |  0.83 |  1.14
        5127 |  0.87 |  0.88 |  0.92 |  1.35 |  0.70 |  0.83 |  1.14
        5127 |  0.87 |  0.88 |  0.92 |  1.35 |  0.70 |  0.83 |  1.14
        5127 |  0.87 |  0.88 |  0.92 |  1.35 |  0.70 |  0.83 |  1.14
        5127 |  0.87 |  0.88 |  0.92 |  1.35 |  0.70 |  0.83 |  1.14
        5127 |  0.87 |  0.88 |  0.92 |  1.35 |  0.70 |  0.83 |  1.14
        5127 |  0.87 |  0.88 |  0.92 |  1.35 |  0.70 |  0.83 |  1.14
        5127 |  0.87 |  0.88 |  0.92 |  1.35 |  0.70 |  0.83 |  1.14
        5127 |  0.87 |  0.88 |  0.92 |  1.35 |  0.70 |  0.83 |  1.14
        5127 |  0.87 |  0.88 |  0.92 |  1.35 |  0.70 |  0.83 |  1.14
        5127 |  0.87 |  0.88 |  0.92 |  1.35 |  0.70 |  0.83 |  1.14
        5127 |  0.87 |  0.88 |  0.92 |  1.35 |  0.70 |  0.83 |  1.14
        5127 |  0.87 |  0.88 |  0.92 |  1.35 |  0.70 |  0.83 |  1.14
        5127 |  0.87 |  0.88 |  0.92 |  1.35 |  0.70 |  0.83 |  1.14
        5127 |  0.87 |  0.88 |  0.92 |  1.35 |  0.70 |  0.83 |  1.14
        5127 |  0.87 |  0.88 |  0.92 |  1.35 |  0.70 |  0.83 |  1.14
        5127 |  0.87 |  0.88 |  0.92 |  1.35 |  0.70 |  0.83 |  1.14
        5127 |  0.87 |  0.88 |  0.92 |  1.35 |  0.70 |  0.83 |  1.14
        5127 |  0.87 |  0.88 |  0.92 |  1.35 |  0.70 |  0.83 |  1.14
        5127 |  0.87 |  0.88 |  0.92 |  1.35 |  0.70 |  0.83 |  1.14
        5127 |  0.87 |  0.88 |  0.92 |  1.35 |  0.70 |  0.83 |  1.14
        5127 |  0.87 |  0.88 |  0.92 |  1.35 |  0.70 |  0.83 |  1.14
        5127 |  0.87 |  0.88 |  0.92 |  1.35 |  0.70 |  0.83 |  1.14
        5127 |  0.87 |  0.88 |  0.92 |  1.35 |  0.70 |  0.83 |  1.14
        5127 |  0.87 |  0.88 |  0.92 |  1.35 |  0.70 |  0.83 |  1.14
        5127 |  0.87 |  0.88 |  0.92 |  1.35 |  0.70 |  0.83 |  1.14
        5127 |  0.87 |  0.88 |  0.92 |  1.35 |  0.70 |  0.83 |  1.14
        5128 |  1.11 |  0.91 |  1.08 |  0.51 |  1.19 |  0.74 |  1.11
        5128 |  1.11 |  0.91 |  1.08 |  0.51 |  1.19 |  0.74 |  1.11
        5128 |  1.11 |  0.91 |  1.08 |  0.51 |  1.19 |  0.74 |  1.11
        5128 |  1.11 |  0.91 |  1.08 |  0.51 |  1.19 |  0.74 |  1.11
        5128 |  1.11 |  0.91 |  1.08 |  0.51 |  1.19 |  0.74 |  1.11
        5128 |  1.11 |  0.91 |  1.08 |  0.51 |  1.19 |  0.74 |  1.11
        5128 |  1.11 |  0.91 |  1.08 |  0.51 |  1.19 |  0.74 |  1.11
        5128 |  1.11 |  0.91 |  1.08 |  0.51 |  1.19 |  0.74 |  1.11
        5128 |  1.11 |  0.91 |  1.08 |  0.51 |  1.19 |  0.74 |  1.11
        5128 |  1.11 |  0.91 |  1.08 |  0.51 |  1.19 |  0.74 |  1.11
        5128 |  1.11 |  0.91 |  1.08 |  0.51 |  1.19 |  0.74 |  1.11
        5128 |  1.11 |  0.91 |  1.08 |  0.51 |  1.19 |  0.74 |  1.11
        5128 |  1.11 |  0.91 |  1.08 |  0.51 |  1.19 |  0.74 |  1.11
        5128 |  1.11 |  0.91 |  1.08 |  0.51 |  1.19 |  0.74 |  1.11
        5128 |  1.11 |  0.91 |  1.08 |  0.51 |  1.19 |  0.74 |  1.11
        5128 |  1.11 |  0.91 |  1.08 |  0.51 |  1.19 |  0.74 |  1.11
        5128 |  1.11 |  0.91 |  1.08 |  0.51 |  1.19 |  0.74 |  1.11
        5128 |  1.11 |  0.91 |  1.08 |  0.51 |  1.19 |  0.74 |  1.11
        5128 |  1.11 |  0.91 |  1.08 |  0.51 |  1.19 |  0.74 |  1.11
        5128 |  1.11 |  0.91 |  1.08 |  0.51 |  1.19 |  0.74 |  1.11
        5128 |  1.11 |  0.91 |  1.08 |  0.51 |  1.19 |  0.74 |  1.11
        5128 |  1.11 |  0.91 |  1.08 |  0.51 |  1.19 |  0.74 |  1.11
        5128 |  1.11 |  0.91 |  1.08 |  0.51 |  1.19 |  0.74 |  1.11
        5128 |  1.11 |  0.91 |  1.08 |  0.51 |  1.19 |  0.74 |  1.11
        5128 |  1.11 |  0.91 |  1.08 |  0.51 |  1.19 |  0.74 |  1.11
        5128 |  1.11 |  0.91 |  1.08 |  0.51 |  1.19 |  0.74 |  1.11
        5128 |  1.11 |  0.91 |  1.08 |  0.51 |  1.19 |  0.74 |  1.11
        5128 |  1.11 |  0.91 |  1.08 |  0.51 |  1.19 |  0.74 |  1.11
        5128 |  1.11 |  0.91 |  1.08 |  0.51 |  1.19 |  0.74 |  1.11
        5128 |  1.11 |  0.91 |  1.08 |  0.51 |  1.19 |  0.74 |  1.11
        5128 |  1.11 |  0.91 |  1.08 |  0.51 |  1.19 |  0.74 |  1.11
        5128 |  1.11 |  0.91 |  1.08 |  0.51 |  1.19 |  0.74 |  1.11
        5128 |  1.11 |  0.91 |  1.08 |  0.51 |  1.19 |  0.74 |  1.11
        5128 |  1.11 |  0.91 |  1.08 |  0.51 |  1.19 |  0.74 |  1.11
        5128 |  1.11 |  0.91 |  1.08 |  0.51 |  1.19 |  0.74 |  1.11
        5128 |  1.11 |  0.91 |  1.08 |  0.51 |  1.19 |  0.74 |  1.11
        5128 |  1.11 |  0.91 |  1.08 |  0.51 |  1.19 |  0.74 |  1.11
        5128 |  1.11 |  0.91 |  1.08 |  0.51 |  1.19 |  0.74 |  1.11
        5128 |  1.11 |  0.91 |  1.08 |  0.51 |  1.19 |  0.74 |  1.11
        5128 |  1.11 |  0.91 |  1.08 |  0.51 |  1.19 |  0.74 |  1.11
        5128 |  1.11 |  0.91 |  1.08 |  0.51 |  1.19 |  0.74 |  1.11
        5128 |  1.11 |  0.91 |  1.08 |  0.51 |  1.19 |  0.74 |  1.11
        5128 |  1.11 |  0.91 |  1.08 |  0.51 |  1.19 |  0.74 |  1.11
        5128 |  1.11 |  0.91 |  1.08 |  0.51 |  1.19 |  0.74 |  1.11
        5128 |  1.11 |  0.91 |  1.08 |  0.51 |  1.19 |  0.74 |  1.11
        5128 |  1.11 |  0.91 |  1.08 |  0.51 |  1.19 |  0.74 |  1.11
        5128 |  1.11 |  0.91 |  1.08 |  0.51 |  1.19 |  0.74 |  1.11
        5128 |  1.11 |  0.91 |  1.08 |  0.51 |  1.19 |  0.74 |  1.11
        5128 |  1.11 |  0.91 |  1.08 |  0.51 |  1.19 |  0.74 |  1.11
        5129 |  0.85 |  2.38 |  1.43 |  1.08 |  0.68 |  0.62 |  1.28
        5129 |  0.85 |  2.38 |  1.43 |  1.08 |  0.68 |  0.62 |  1.28
        5129 |  0.85 |  2.38 |  1.43 |  1.08 |  0.68 |  0.62 |  1.28
        5129 |  0.85 |  2.38 |  1.43 |  1.08 |  0.68 |  0.62 |  1.28
        5129 |  0.85 |  2.38 |  1.43 |  1.08 |  0.68 |  0.62 |  1.28
        5129 |  0.85 |  2.38 |  1.43 |  1.08 |  0.68 |  0.62 |  1.28
        5129 |  0.85 |  2.38 |  1.43 |  1.08 |  0.68 |  0.62 |  1.28
        5129 |  0.85 |  2.38 |  1.43 |  1.08 |  0.68 |  0.62 |  1.28
        5129 |  0.85 |  2.38 |  1.43 |  1.08 |  0.68 |  0.62 |  1.28
        5129 |  0.85 |  2.38 |  1.43 |  1.08 |  0.68 |  0.62 |  1.28
        5129 |  0.85 |  2.38 |  1.43 |  1.08 |  0.68 |  0.62 |  1.28
        5129 |  0.85 |  2.38 |  1.43 |  1.08 |  0.68 |  0.62 |  1.28
        5129 |  0.85 |  2.38 |  1.43 |  1.08 |  0.68 |  0.62 |  1.28
        5129 |  0.85 |  2.38 |  1.43 |  1.08 |  0.68 |  0.62 |  1.28
        5129 |  0.85 |  2.38 |  1.43 |  1.08 |  0.68 |  0.62 |  1.28
        5129 |  0.85 |  2.38 |  1.43 |  1.08 |  0.68 |  0.62 |  1.28
        5129 |  0.85 |  2.38 |  1.43 |  1.08 |  0.68 |  0.62 |  1.28
        5129 |  0.85 |  2.38 |  1.43 |  1.08 |  0.68 |  0.62 |  1.28
        5129 |  0.85 |  2.38 |  1.43 |  1.08 |  0.68 |  0.62 |  1.28
        5129 |  0.85 |  2.38 |  1.43 |  1.08 |  0.68 |  0.62 |  1.28
        5129 |  0.85 |  2.38 |  1.43 |  1.08 |  0.68 |  0.62 |  1.28
        5129 |  0.85 |  2.38 |  1.43 |  1.08 |  0.68 |  0.62 |  1.28
        5129 |  0.85 |  2.38 |  1.43 |  1.08 |  0.68 |  0.62 |  1.28
        5129 |  0.85 |  2.38 |  1.43 |  1.08 |  0.68 |  0.62 |  1.28
        5129 |  0.85 |  2.38 |  1.43 |  1.08 |  0.68 |  0.62 |  1.28
        5129 |  0.85 |  2.38 |  1.43 |  1.08 |  0.68 |  0.62 |  1.28
        5129 |  0.85 |  2.38 |  1.43 |  1.08 |  0.68 |  0.62 |  1.28
        5129 |  0.85 |  2.38 |  1.43 |  1.08 |  0.68 |  0.62 |  1.28
        5129 |  0.85 |  2.38 |  1.43 |  1.08 |  0.68 |  0.62 |  1.28
        5129 |  0.85 |  2.38 |  1.43 |  1.08 |  0.68 |  0.62 |  1.28
        5129 |  0.85 |  2.38 |  1.43 |  1.08 |  0.68 |  0.62 |  1.28
        5129 |  0.85 |  2.38 |  1.43 |  1.08 |  0.68 |  0.62 |  1.28
        5129 |  0.85 |  2.38 |  1.43 |  1.08 |  0.68 |  0.62 |  1.28
        5129 |  0.85 |  2.38 |  1.43 |  1.08 |  0.68 |  0.62 |  1.28
        5129 |  0.85 |  2.38 |  1.43 |  1.08 |  0.68 |  0.62 |  1.28
        5129 |  0.85 |  2.38 |  1.43 |  1.08 |  0.68 |  0.62 |  1.28
        5129 |  0.85 |  2.38 |  1.43 |  1.08 |  0.68 |  0.62 |  1.28
        5129 |  0.85 |  2.38 |  1.43 |  1.08 |  0.68 |  0.62 |  1.28
        5129 |  0.85 |  2.38 |  1.43 |  1.08 |  0.68 |  0.62 |  1.28
        5129 |  0.85 |  2.38 |  1.43 |  1.08 |  0.68 |  0.62 |  1.28
        5129 |  0.85 |  2.38 |  1.43 |  1.08 |  0.68 |  0.62 |  1.28
        5129 |  0.85 |  2.38 |  1.43 |  1.08 |  0.68 |  0.62 |  1.28
        5129 |  0.85 |  2.38 |  1.43 |  1.08 |  0.68 |  0.62 |  1.28
        5129 |  0.85 |  2.38 |  1.43 |  1.08 |  0.68 |  0.62 |  1.28
        5129 |  0.85 |  2.38 |  1.43 |  1.08 |  0.68 |  0.62 |  1.28
        5129 |  0.85 |  2.38 |  1.43 |  1.08 |  0.68 |  0.62 |  1.28
        5129 |  0.85 |  2.38 |  1.43 |  1.08 |  0.68 |  0.62 |  1.28
        5129 |  0.85 |  2.38 |  1.43 |  1.08 |  0.68 |  0.62 |  1.28
        5129 |  0.85 |  2.38 |  1.43 |  1.08 |  0.68 |  0.62 |  1.28
        5130 |  1.29 |  1.42 |  0.85 |  1.47 |  0.85 |  1.31 |  1.14
        5130 |  1.29 |  1.42 |  0.85 |  1.47 |  0.85 |  1.31 |  1.14
        5130 |  1.29 |  1.42 |  0.85 |  1.47 |  0.85 |  1.31 |  1.14
        5130 |  1.29 |  1.42 |  0.85 |  1.47 |  0.85 |  1.31 |  1.14
        5130 |  1.29 |  1.42 |  0.85 |  1.47 |  0.85 |  1.31 |  1.14
        5130 |  1.29 |  1.42 |  0.85 |  1.47 |  0.85 |  1.31 |  1.14
        5130 |  1.29 |  1.42 |  0.85 |  1.47 |  0.85 |  1.31 |  1.14
        5130 |  1.29 |  1.42 |  0.85 |  1.47 |  0.85 |  1.31 |  1.14
        5130 |  1.29 |  1.42 |  0.85 |  1.47 |  0.85 |  1.31 |  1.14
        5130 |  1.29 |  1.42 |  0.85 |  1.47 |  0.85 |  1.31 |  1.14
        5130 |  1.29 |  1.42 |  0.85 |  1.47 |  0.85 |  1.31 |  1.14
        5130 |  1.29 |  1.42 |  0.85 |  1.47 |  0.85 |  1.31 |  1.14
        5130 |  1.29 |  1.42 |  0.85 |  1.47 |  0.85 |  1.31 |  1.14
        5130 |  1.29 |  1.42 |  0.85 |  1.47 |  0.85 |  1.31 |  1.14
        5130 |  1.29 |  1.42 |  0.85 |  1.47 |  0.85 |  1.31 |  1.14
        5130 |  1.29 |  1.42 |  0.85 |  1.47 |  0.85 |  1.31 |  1.14
        5130 |  1.29 |  1.42 |  0.85 |  1.47 |  0.85 |  1.31 |  1.14
        5130 |  1.29 |  1.42 |  0.85 |  1.47 |  0.85 |  1.31 |  1.14
        5130 |  1.29 |  1.42 |  0.85 |  1.47 |  0.85 |  1.31 |  1.14
        5130 |  1.29 |  1.42 |  0.85 |  1.47 |  0.85 |  1.31 |  1.14
        5130 |  1.29 |  1.42 |  0.85 |  1.47 |  0.85 |  1.31 |  1.14
        5130 |  1.29 |  1.42 |  0.85 |  1.47 |  0.85 |  1.31 |  1.14
        5130 |  1.29 |  1.42 |  0.85 |  1.47 |  0.85 |  1.31 |  1.14
        5130 |  1.29 |  1.42 |  0.85 |  1.47 |  0.85 |  1.31 |  1.14
        5130 |  1.29 |  1.42 |  0.85 |  1.47 |  0.85 |  1.31 |  1.14
        5130 |  1.29 |  1.42 |  0.85 |  1.47 |  0.85 |  1.31 |  1.14
        5130 |  1.29 |  1.42 |  0.85 |  1.47 |  0.85 |  1.31 |  1.14
        5130 |  1.29 |  1.42 |  0.85 |  1.47 |  0.85 |  1.31 |  1.14
        5130 |  1.29 |  1.42 |  0.85 |  1.47 |  0.85 |  1.31 |  1.14
        5130 |  1.29 |  1.42 |  0.85 |  1.47 |  0.85 |  1.31 |  1.14
        5130 |  1.29 |  1.42 |  0.85 |  1.47 |  0.85 |  1.31 |  1.14
        5130 |  1.29 |  1.42 |  0.85 |  1.47 |  0.85 |  1.31 |  1.14
        5130 |  1.29 |  1.42 |  0.85 |  1.47 |  0.85 |  1.31 |  1.14
        5130 |  1.29 |  1.42 |  0.85 |  1.47 |  0.85 |  1.31 |  1.14
        5130 |  1.29 |  1.42 |  0.85 |  1.47 |  0.85 |  1.31 |  1.14
        5130 |  1.29 |  1.42 |  0.85 |  1.47 |  0.85 |  1.31 |  1.14
        5130 |  1.29 |  1.42 |  0.85 |  1.47 |  0.85 |  1.31 |  1.14
        5130 |  1.29 |  1.42 |  0.85 |  1.47 |  0.85 |  1.31 |  1.14
        5130 |  1.29 |  1.42 |  0.85 |  1.47 |  0.85 |  1.31 |  1.14
        5130 |  1.29 |  1.42 |  0.85 |  1.47 |  0.85 |  1.31 |  1.14
        5130 |  1.29 |  1.42 |  0.85 |  1.47 |  0.85 |  1.31 |  1.14
        5130 |  1.29 |  1.42 |  0.85 |  1.47 |  0.85 |  1.31 |  1.14
        5130 |  1.29 |  1.42 |  0.85 |  1.47 |  0.85 |  1.31 |  1.14
        5130 |  1.29 |  1.42 |  0.85 |  1.47 |  0.85 |  1.31 |  1.14
        5130 |  1.29 |  1.42 |  0.85 |  1.47 |  0.85 |  1.31 |  1.14
        5130 |  1.29 |  1.42 |  0.85 |  1.47 |  0.85 |  1.31 |  1.14
        5130 |  1.29 |  1.42 |  0.85 |  1.47 |  0.85 |  1.31 |  1.14
        5130 |  1.29 |  1.42 |  0.85 |  1.47 |  0.85 |  1.31 |  1.14
        5130 |  1.29 |  1.42 |  0.85 |  1.47 |  0.85 |  1.31 |  1.14
        5131 |  0.69 |  0.92 |  0.74 |  0.70 |  1.04 |  1.61 |  0.85
        5131 |  0.69 |  0.92 |  0.74 |  0.70 |  1.04 |  1.61 |  0.85
        5131 |  0.69 |  0.92 |  0.74 |  0.70 |  1.04 |  1.61 |  0.85
        5131 |  0.69 |  0.92 |  0.74 |  0.70 |  1.04 |  1.61 |  0.85
        5131 |  0.69 |  0.92 |  0.74 |  0.70 |  1.04 |  1.61 |  0.85
        5131 |  0.69 |  0.92 |  0.74 |  0.70 |  1.04 |  1.61 |  0.85
        5131 |  0.69 |  0.92 |  0.74 |  0.70 |  1.04 |  1.61 |  0.85
        5131 |  0.69 |  0.92 |  0.74 |  0.70 |  1.04 |  1.61 |  0.85
        5131 |  0.69 |  0.92 |  0.74 |  0.70 |  1.04 |  1.61 |  0.85
        5131 |  0.69 |  0.92 |  0.74 |  0.70 |  1.04 |  1.61 |  0.85
        5131 |  0.69 |  0.92 |  0.74 |  0.70 |  1.04 |  1.61 |  0.85
        5131 |  0.69 |  0.92 |  0.74 |  0.70 |  1.04 |  1.61 |  0.85
        5131 |  0.69 |  0.92 |  0.74 |  0.70 |  1.04 |  1.61 |  0.85
        5131 |  0.69 |  0.92 |  0.74 |  0.70 |  1.04 |  1.61 |  0.85
        5131 |  0.69 |  0.92 |  0.74 |  0.70 |  1.04 |  1.61 |  0.85
        5131 |  0.69 |  0.92 |  0.74 |  0.70 |  1.04 |  1.61 |  0.85
        5131 |  0.69 |  0.92 |  0.74 |  0.70 |  1.04 |  1.61 |  0.85
        5131 |  0.69 |  0.92 |  0.74 |  0.70 |  1.04 |  1.61 |  0.85
        5131 |  0.69 |  0.92 |  0.74 |  0.70 |  1.04 |  1.61 |  0.85
        5131 |  0.69 |  0.92 |  0.74 |  0.70 |  1.04 |  1.61 |  0.85
        5131 |  0.69 |  0.92 |  0.74 |  0.70 |  1.04 |  1.61 |  0.85
        5131 |  0.69 |  0.92 |  0.74 |  0.70 |  1.04 |  1.61 |  0.85
        5131 |  0.69 |  0.92 |  0.74 |  0.70 |  1.04 |  1.61 |  0.85
        5131 |  0.69 |  0.92 |  0.74 |  0.70 |  1.04 |  1.61 |  0.85
        5131 |  0.69 |  0.92 |  0.74 |  0.70 |  1.04 |  1.61 |  0.85
        5131 |  0.69 |  0.92 |  0.74 |  0.70 |  1.04 |  1.61 |  0.85
        5131 |  0.69 |  0.92 |  0.74 |  0.70 |  1.04 |  1.61 |  0.85
        5131 |  0.69 |  0.92 |  0.74 |  0.70 |  1.04 |  1.61 |  0.85
        5131 |  0.69 |  0.92 |  0.74 |  0.70 |  1.04 |  1.61 |  0.85
        5131 |  0.69 |  0.92 |  0.74 |  0.70 |  1.04 |  1.61 |  0.85
        5131 |  0.69 |  0.92 |  0.74 |  0.70 |  1.04 |  1.61 |  0.85
        5131 |  0.69 |  0.92 |  0.74 |  0.70 |  1.04 |  1.61 |  0.85
        5131 |  0.69 |  0.92 |  0.74 |  0.70 |  1.04 |  1.61 |  0.85
        5131 |  0.69 |  0.92 |  0.74 |  0.70 |  1.04 |  1.61 |  0.85
        5131 |  0.69 |  0.92 |  0.74 |  0.70 |  1.04 |  1.61 |  0.85
        5131 |  0.69 |  0.92 |  0.74 |  0.70 |  1.04 |  1.61 |  0.85
        5131 |  0.69 |  0.92 |  0.74 |  0.70 |  1.04 |  1.61 |  0.85
        5131 |  0.69 |  0.92 |  0.74 |  0.70 |  1.04 |  1.61 |  0.85
        5131 |  0.69 |  0.92 |  0.74 |  0.70 |  1.04 |  1.61 |  0.85
        5131 |  0.69 |  0.92 |  0.74 |  0.70 |  1.04 |  1.61 |  0.85
        5131 |  0.69 |  0.92 |  0.74 |  0.70 |  1.04 |  1.61 |  0.85
        5131 |  0.69 |  0.92 |  0.74 |  0.70 |  1.04 |  1.61 |  0.85
        5131 |  0.69 |  0.92 |  0.74 |  0.70 |  1.04 |  1.61 |  0.85
        5131 |  0.69 |  0.92 |  0.74 |  0.70 |  1.04 |  1.61 |  0.85
        5131 |  0.69 |  0.92 |  0.74 |  0.70 |  1.04 |  1.61 |  0.85
        5131 |  0.69 |  0.92 |  0.74 |  0.70 |  1.04 |  1.61 |  0.85
        5131 |  0.69 |  0.92 |  0.74 |  0.70 |  1.04 |  1.61 |  0.85
        5131 |  0.69 |  0.92 |  0.74 |  0.70 |  1.04 |  1.61 |  0.85
        5131 |  0.69 |  0.92 |  0.74 |  0.70 |  1.04 |  1.61 |  0.85
        5132 |  1.21 |  1.27 |  1.33 |  1.25 |  1.15 |  1.33 |  1.70
        5132 |  1.21 |  1.27 |  1.33 |  1.25 |  1.15 |  1.33 |  1.70
        5132 |  1.21 |  1.27 |  1.33 |  1.25 |  1.15 |  1.33 |  1.70
        5132 |  1.21 |  1.27 |  1.33 |  1.25 |  1.15 |  1.33 |  1.70
        5132 |  1.21 |  1.27 |  1.33 |  1.25 |  1.15 |  1.33 |  1.70
        5132 |  1.21 |  1.27 |  1.33 |  1.25 |  1.15 |  1.33 |  1.70
        5132 |  1.21 |  1.27 |  1.33 |  1.25 |  1.15 |  1.33 |  1.70
        5132 |  1.21 |  1.27 |  1.33 |  1.25 |  1.15 |  1.33 |  1.70
        5132 |  1.21 |  1.27 |  1.33 |  1.25 |  1.15 |  1.33 |  1.70
        5132 |  1.21 |  1.27 |  1.33 |  1.25 |  1.15 |  1.33 |  1.70
        5132 |  1.21 |  1.27 |  1.33 |  1.25 |  1.15 |  1.33 |  1.70
        5132 |  1.21 |  1.27 |  1.33 |  1.25 |  1.15 |  1.33 |  1.70
        5132 |  1.21 |  1.27 |  1.33 |  1.25 |  1.15 |  1.33 |  1.70
        5132 |  1.21 |  1.27 |  1.33 |  1.25 |  1.15 |  1.33 |  1.70
        5132 |  1.21 |  1.27 |  1.33 |  1.25 |  1.15 |  1.33 |  1.70
        5132 |  1.21 |  1.27 |  1.33 |  1.25 |  1.15 |  1.33 |  1.70
        5132 |  1.21 |  1.27 |  1.33 |  1.25 |  1.15 |  1.33 |  1.70
        5132 |  1.21 |  1.27 |  1.33 |  1.25 |  1.15 |  1.33 |  1.70
        5132 |  1.21 |  1.27 |  1.33 |  1.25 |  1.15 |  1.33 |  1.70
        5132 |  1.21 |  1.27 |  1.33 |  1.25 |  1.15 |  1.33 |  1.70
        5132 |  1.21 |  1.27 |  1.33 |  1.25 |  1.15 |  1.33 |  1.70
        5132 |  1.21 |  1.27 |  1.33 |  1.25 |  1.15 |  1.33 |  1.70
        5132 |  1.21 |  1.27 |  1.33 |  1.25 |  1.15 |  1.33 |  1.70
        5132 |  1.21 |  1.27 |  1.33 |  1.25 |  1.15 |  1.33 |  1.70
        5132 |  1.21 |  1.27 |  1.33 |  1.25 |  1.15 |  1.33 |  1.70
        5132 |  1.21 |  1.27 |  1.33 |  1.25 |  1.15 |  1.33 |  1.70
        5132 |  1.21 |  1.27 |  1.33 |  1.25 |  1.15 |  1.33 |  1.70
        5132 |  1.21 |  1.27 |  1.33 |  1.25 |  1.15 |  1.33 |  1.70
        5132 |  1.21 |  1.27 |  1.33 |  1.25 |  1.15 |  1.33 |  1.70
        5132 |  1.21 |  1.27 |  1.33 |  1.25 |  1.15 |  1.33 |  1.70
        5132 |  1.21 |  1.27 |  1.33 |  1.25 |  1.15 |  1.33 |  1.70
        5132 |  1.21 |  1.27 |  1.33 |  1.25 |  1.15 |  1.33 |  1.70
        5132 |  1.21 |  1.27 |  1.33 |  1.25 |  1.15 |  1.33 |  1.70
        5132 |  1.21 |  1.27 |  1.33 |  1.25 |  1.15 |  1.33 |  1.70
        5132 |  1.21 |  1.27 |  1.33 |  1.25 |  1.15 |  1.33 |  1.70
        5132 |  1.21 |  1.27 |  1.33 |  1.25 |  1.15 |  1.33 |  1.70
        5132 |  1.21 |  1.27 |  1.33 |  1.25 |  1.15 |  1.33 |  1.70
        5132 |  1.21 |  1.27 |  1.33 |  1.25 |  1.15 |  1.33 |  1.70
        5132 |  1.21 |  1.27 |  1.33 |  1.25 |  1.15 |  1.33 |  1.70
        5132 |  1.21 |  1.27 |  1.33 |  1.25 |  1.15 |  1.33 |  1.70
        5132 |  1.21 |  1.27 |  1.33 |  1.25 |  1.15 |  1.33 |  1.70
        5132 |  1.21 |  1.27 |  1.33 |  1.25 |  1.15 |  1.33 |  1.70
        5132 |  1.21 |  1.27 |  1.33 |  1.25 |  1.15 |  1.33 |  1.70
        5132 |  1.21 |  1.27 |  1.33 |  1.25 |  1.15 |  1.33 |  1.70
        5132 |  1.21 |  1.27 |  1.33 |  1.25 |  1.15 |  1.33 |  1.70
        5132 |  1.21 |  1.27 |  1.33 |  1.25 |  1.15 |  1.33 |  1.70
        5132 |  1.21 |  1.27 |  1.33 |  1.25 |  1.15 |  1.33 |  1.70
        5132 |  1.21 |  1.27 |  1.33 |  1.25 |  1.15 |  1.33 |  1.70
        5132 |  1.21 |  1.27 |  1.33 |  1.25 |  1.15 |  1.33 |  1.70
        5133 |  1.43 |  1.02 |  1.68 |  1.33 |  1.49 |  1.49 |  1.18
        5133 |  1.43 |  1.02 |  1.68 |  1.33 |  1.49 |  1.49 |  1.18
        5133 |  1.43 |  1.02 |  1.68 |  1.33 |  1.49 |  1.49 |  1.18
        5133 |  1.43 |  1.02 |  1.68 |  1.33 |  1.49 |  1.49 |  1.18
        5133 |  1.43 |  1.02 |  1.68 |  1.33 |  1.49 |  1.49 |  1.18
        5133 |  1.43 |  1.02 |  1.68 |  1.33 |  1.49 |  1.49 |  1.18
        5133 |  1.43 |  1.02 |  1.68 |  1.33 |  1.49 |  1.49 |  1.18
        5133 |  1.43 |  1.02 |  1.68 |  1.33 |  1.49 |  1.49 |  1.18
        5133 |  1.43 |  1.02 |  1.68 |  1.33 |  1.49 |  1.49 |  1.18
        5133 |  1.43 |  1.02 |  1.68 |  1.33 |  1.49 |  1.49 |  1.18
        5133 |  1.43 |  1.02 |  1.68 |  1.33 |  1.49 |  1.49 |  1.18
        5133 |  1.43 |  1.02 |  1.68 |  1.33 |  1.49 |  1.49 |  1.18
        5133 |  1.43 |  1.02 |  1.68 |  1.33 |  1.49 |  1.49 |  1.18
        5133 |  1.43 |  1.02 |  1.68 |  1.33 |  1.49 |  1.49 |  1.18
        5133 |  1.43 |  1.02 |  1.68 |  1.33 |  1.49 |  1.49 |  1.18
        5133 |  1.43 |  1.02 |  1.68 |  1.33 |  1.49 |  1.49 |  1.18
        5133 |  1.43 |  1.02 |  1.68 |  1.33 |  1.49 |  1.49 |  1.18
        5133 |  1.43 |  1.02 |  1.68 |  1.33 |  1.49 |  1.49 |  1.18
        5133 |  1.43 |  1.02 |  1.68 |  1.33 |  1.49 |  1.49 |  1.18
        5133 |  1.43 |  1.02 |  1.68 |  1.33 |  1.49 |  1.49 |  1.18
        5133 |  1.43 |  1.02 |  1.68 |  1.33 |  1.49 |  1.49 |  1.18
        5133 |  1.43 |  1.02 |  1.68 |  1.33 |  1.49 |  1.49 |  1.18
        5133 |  1.43 |  1.02 |  1.68 |  1.33 |  1.49 |  1.49 |  1.18
        5133 |  1.43 |  1.02 |  1.68 |  1.33 |  1.49 |  1.49 |  1.18
        5133 |  1.43 |  1.02 |  1.68 |  1.33 |  1.49 |  1.49 |  1.18
        5133 |  1.43 |  1.02 |  1.68 |  1.33 |  1.49 |  1.49 |  1.18
        5133 |  1.43 |  1.02 |  1.68 |  1.33 |  1.49 |  1.49 |  1.18
        5133 |  1.43 |  1.02 |  1.68 |  1.33 |  1.49 |  1.49 |  1.18
        5133 |  1.43 |  1.02 |  1.68 |  1.33 |  1.49 |  1.49 |  1.18
        5133 |  1.43 |  1.02 |  1.68 |  1.33 |  1.49 |  1.49 |  1.18
        5133 |  1.43 |  1.02 |  1.68 |  1.33 |  1.49 |  1.49 |  1.18
        5133 |  1.43 |  1.02 |  1.68 |  1.33 |  1.49 |  1.49 |  1.18
        5133 |  1.43 |  1.02 |  1.68 |  1.33 |  1.49 |  1.49 |  1.18
        5133 |  1.43 |  1.02 |  1.68 |  1.33 |  1.49 |  1.49 |  1.18
        5133 |  1.43 |  1.02 |  1.68 |  1.33 |  1.49 |  1.49 |  1.18
        5133 |  1.43 |  1.02 |  1.68 |  1.33 |  1.49 |  1.49 |  1.18
        5133 |  1.43 |  1.02 |  1.68 |  1.33 |  1.49 |  1.49 |  1.18
        5133 |  1.43 |  1.02 |  1.68 |  1.33 |  1.49 |  1.49 |  1.18
        5133 |  1.43 |  1.02 |  1.68 |  1.33 |  1.49 |  1.49 |  1.18
        5133 |  1.43 |  1.02 |  1.68 |  1.33 |  1.49 |  1.49 |  1.18
        5133 |  1.43 |  1.02 |  1.68 |  1.33 |  1.49 |  1.49 |  1.18
        5133 |  1.43 |  1.02 |  1.68 |  1.33 |  1.49 |  1.49 |  1.18
        5133 |  1.43 |  1.02 |  1.68 |  1.33 |  1.49 |  1.49 |  1.18
        5133 |  1.43 |  1.02 |  1.68 |  1.33 |  1.49 |  1.49 |  1.18
        5133 |  1.43 |  1.02 |  1.68 |  1.33 |  1.49 |  1.49 |  1.18
        5133 |  1.43 |  1.02 |  1.68 |  1.33 |  1.49 |  1.49 |  1.18
        5133 |  1.43 |  1.02 |  1.68 |  1.33 |  1.49 |  1.49 |  1.18
        5133 |  1.43 |  1.02 |  1.68 |  1.33 |  1.49 |  1.49 |  1.18
        5133 |  1.43 |  1.02 |  1.68 |  1.33 |  1.49 |  1.49 |  1.18
        5134 |  2.04 |  0.90 |  0.79 |  0.81 |  0.63 |  0.94 |  0.95
        5134 |  2.04 |  0.90 |  0.79 |  0.81 |  0.63 |  0.94 |  0.95
        5134 |  2.04 |  0.90 |  0.79 |  0.81 |  0.63 |  0.94 |  0.95
        5134 |  2.04 |  0.90 |  0.79 |  0.81 |  0.63 |  0.94 |  0.95
        5134 |  2.04 |  0.90 |  0.79 |  0.81 |  0.63 |  0.94 |  0.95
        5134 |  2.04 |  0.90 |  0.79 |  0.81 |  0.63 |  0.94 |  0.95
        5134 |  2.04 |  0.90 |  0.79 |  0.81 |  0.63 |  0.94 |  0.95
        5134 |  2.04 |  0.90 |  0.79 |  0.81 |  0.63 |  0.94 |  0.95
        5134 |  2.04 |  0.90 |  0.79 |  0.81 |  0.63 |  0.94 |  0.95
        5134 |  2.04 |  0.90 |  0.79 |  0.81 |  0.63 |  0.94 |  0.95
        5134 |  2.04 |  0.90 |  0.79 |  0.81 |  0.63 |  0.94 |  0.95
        5134 |  2.04 |  0.90 |  0.79 |  0.81 |  0.63 |  0.94 |  0.95
        5134 |  2.04 |  0.90 |  0.79 |  0.81 |  0.63 |  0.94 |  0.95
        5134 |  2.04 |  0.90 |  0.79 |  0.81 |  0.63 |  0.94 |  0.95
        5134 |  2.04 |  0.90 |  0.79 |  0.81 |  0.63 |  0.94 |  0.95
        5134 |  2.04 |  0.90 |  0.79 |  0.81 |  0.63 |  0.94 |  0.95
        5134 |  2.04 |  0.90 |  0.79 |  0.81 |  0.63 |  0.94 |  0.95
        5134 |  2.04 |  0.90 |  0.79 |  0.81 |  0.63 |  0.94 |  0.95
        5134 |  2.04 |  0.90 |  0.79 |  0.81 |  0.63 |  0.94 |  0.95
        5134 |  2.04 |  0.90 |  0.79 |  0.81 |  0.63 |  0.94 |  0.95
        5134 |  2.04 |  0.90 |  0.79 |  0.81 |  0.63 |  0.94 |  0.95
        5134 |  2.04 |  0.90 |  0.79 |  0.81 |  0.63 |  0.94 |  0.95
        5134 |  2.04 |  0.90 |  0.79 |  0.81 |  0.63 |  0.94 |  0.95
        5134 |  2.04 |  0.90 |  0.79 |  0.81 |  0.63 |  0.94 |  0.95
        5134 |  2.04 |  0.90 |  0.79 |  0.81 |  0.63 |  0.94 |  0.95
        5134 |  2.04 |  0.90 |  0.79 |  0.81 |  0.63 |  0.94 |  0.95
        5134 |  2.04 |  0.90 |  0.79 |  0.81 |  0.63 |  0.94 |  0.95
        5134 |  2.04 |  0.90 |  0.79 |  0.81 |  0.63 |  0.94 |  0.95
        5134 |  2.04 |  0.90 |  0.79 |  0.81 |  0.63 |  0.94 |  0.95
        5134 |  2.04 |  0.90 |  0.79 |  0.81 |  0.63 |  0.94 |  0.95
        5134 |  2.04 |  0.90 |  0.79 |  0.81 |  0.63 |  0.94 |  0.95
        5134 |  2.04 |  0.90 |  0.79 |  0.81 |  0.63 |  0.94 |  0.95
        5134 |  2.04 |  0.90 |  0.79 |  0.81 |  0.63 |  0.94 |  0.95
        5134 |  2.04 |  0.90 |  0.79 |  0.81 |  0.63 |  0.94 |  0.95
        5134 |  2.04 |  0.90 |  0.79 |  0.81 |  0.63 |  0.94 |  0.95
        5134 |  2.04 |  0.90 |  0.79 |  0.81 |  0.63 |  0.94 |  0.95
        5134 |  2.04 |  0.90 |  0.79 |  0.81 |  0.63 |  0.94 |  0.95
        5134 |  2.04 |  0.90 |  0.79 |  0.81 |  0.63 |  0.94 |  0.95
        5134 |  2.04 |  0.90 |  0.79 |  0.81 |  0.63 |  0.94 |  0.95
        5134 |  2.04 |  0.90 |  0.79 |  0.81 |  0.63 |  0.94 |  0.95
        5134 |  2.04 |  0.90 |  0.79 |  0.81 |  0.63 |  0.94 |  0.95
        5134 |  2.04 |  0.90 |  0.79 |  0.81 |  0.63 |  0.94 |  0.95
        5134 |  2.04 |  0.90 |  0.79 |  0.81 |  0.63 |  0.94 |  0.95
        5134 |  2.04 |  0.90 |  0.79 |  0.81 |  0.63 |  0.94 |  0.95
        5134 |  2.04 |  0.90 |  0.79 |  0.81 |  0.63 |  0.94 |  0.95
        5134 |  2.04 |  0.90 |  0.79 |  0.81 |  0.63 |  0.94 |  0.95
        5134 |  2.04 |  0.90 |  0.79 |  0.81 |  0.63 |  0.94 |  0.95
        5134 |  2.04 |  0.90 |  0.79 |  0.81 |  0.63 |  0.94 |  0.95
        5134 |  2.04 |  0.90 |  0.79 |  0.81 |  0.63 |  0.94 |  0.95
        5135 |  1.41 |  1.40 |  0.93 |  0.71 |  1.11 |  0.96 |  1.67
        5135 |  1.41 |  1.40 |  0.93 |  0.71 |  1.11 |  0.96 |  1.67
        5135 |  1.41 |  1.40 |  0.93 |  0.71 |  1.11 |  0.96 |  1.67
        5135 |  1.41 |  1.40 |  0.93 |  0.71 |  1.11 |  0.96 |  1.67
        5135 |  1.41 |  1.40 |  0.93 |  0.71 |  1.11 |  0.96 |  1.67
        5135 |  1.41 |  1.40 |  0.93 |  0.71 |  1.11 |  0.96 |  1.67
        5135 |  1.41 |  1.40 |  0.93 |  0.71 |  1.11 |  0.96 |  1.67
        5135 |  1.41 |  1.40 |  0.93 |  0.71 |  1.11 |  0.96 |  1.67
        5135 |  1.41 |  1.40 |  0.93 |  0.71 |  1.11 |  0.96 |  1.67
        5135 |  1.41 |  1.40 |  0.93 |  0.71 |  1.11 |  0.96 |  1.67
        5135 |  1.41 |  1.40 |  0.93 |  0.71 |  1.11 |  0.96 |  1.67
        5135 |  1.41 |  1.40 |  0.93 |  0.71 |  1.11 |  0.96 |  1.67
        5135 |  1.41 |  1.40 |  0.93 |  0.71 |  1.11 |  0.96 |  1.67
        5135 |  1.41 |  1.40 |  0.93 |  0.71 |  1.11 |  0.96 |  1.67
        5135 |  1.41 |  1.40 |  0.93 |  0.71 |  1.11 |  0.96 |  1.67
        5135 |  1.41 |  1.40 |  0.93 |  0.71 |  1.11 |  0.96 |  1.67
        5135 |  1.41 |  1.40 |  0.93 |  0.71 |  1.11 |  0.96 |  1.67
        5135 |  1.41 |  1.40 |  0.93 |  0.71 |  1.11 |  0.96 |  1.67
        5135 |  1.41 |  1.40 |  0.93 |  0.71 |  1.11 |  0.96 |  1.67
        5135 |  1.41 |  1.40 |  0.93 |  0.71 |  1.11 |  0.96 |  1.67
        5135 |  1.41 |  1.40 |  0.93 |  0.71 |  1.11 |  0.96 |  1.67
        5135 |  1.41 |  1.40 |  0.93 |  0.71 |  1.11 |  0.96 |  1.67
        5135 |  1.41 |  1.40 |  0.93 |  0.71 |  1.11 |  0.96 |  1.67
        5135 |  1.41 |  1.40 |  0.93 |  0.71 |  1.11 |  0.96 |  1.67
        5135 |  1.41 |  1.40 |  0.93 |  0.71 |  1.11 |  0.96 |  1.67
        5135 |  1.41 |  1.40 |  0.93 |  0.71 |  1.11 |  0.96 |  1.67
        5135 |  1.41 |  1.40 |  0.93 |  0.71 |  1.11 |  0.96 |  1.67
        5135 |  1.41 |  1.40 |  0.93 |  0.71 |  1.11 |  0.96 |  1.67
        5135 |  1.41 |  1.40 |  0.93 |  0.71 |  1.11 |  0.96 |  1.67
        5135 |  1.41 |  1.40 |  0.93 |  0.71 |  1.11 |  0.96 |  1.67
        5135 |  1.41 |  1.40 |  0.93 |  0.71 |  1.11 |  0.96 |  1.67
        5135 |  1.41 |  1.40 |  0.93 |  0.71 |  1.11 |  0.96 |  1.67
        5135 |  1.41 |  1.40 |  0.93 |  0.71 |  1.11 |  0.96 |  1.67
        5135 |  1.41 |  1.40 |  0.93 |  0.71 |  1.11 |  0.96 |  1.67
        5135 |  1.41 |  1.40 |  0.93 |  0.71 |  1.11 |  0.96 |  1.67
        5135 |  1.41 |  1.40 |  0.93 |  0.71 |  1.11 |  0.96 |  1.67
        5135 |  1.41 |  1.40 |  0.93 |  0.71 |  1.11 |  0.96 |  1.67
        5135 |  1.41 |  1.40 |  0.93 |  0.71 |  1.11 |  0.96 |  1.67
        5135 |  1.41 |  1.40 |  0.93 |  0.71 |  1.11 |  0.96 |  1.67
        5135 |  1.41 |  1.40 |  0.93 |  0.71 |  1.11 |  0.96 |  1.67
        5135 |  1.41 |  1.40 |  0.93 |  0.71 |  1.11 |  0.96 |  1.67
        5135 |  1.41 |  1.40 |  0.93 |  0.71 |  1.11 |  0.96 |  1.67
        5135 |  1.41 |  1.40 |  0.93 |  0.71 |  1.11 |  0.96 |  1.67
        5135 |  1.41 |  1.40 |  0.93 |  0.71 |  1.11 |  0.96 |  1.67
        5135 |  1.41 |  1.40 |  0.93 |  0.71 |  1.11 |  0.96 |  1.67
        5135 |  1.41 |  1.40 |  0.93 |  0.71 |  1.11 |  0.96 |  1.67
        5135 |  1.41 |  1.40 |  0.93 |  0.71 |  1.11 |  0.96 |  1.67
        5135 |  1.41 |  1.40 |  0.93 |  0.71 |  1.11 |  0.96 |  1.67
        5135 |  1.41 |  1.40 |  0.93 |  0.71 |  1.11 |  0.96 |  1.67
        5136 |  1.55 |  0.54 |  0.61 |  0.73 |  0.63 |  0.90 |  1.48
        5136 |  1.55 |  0.54 |  0.61 |  0.73 |  0.63 |  0.90 |  1.48
        5136 |  1.55 |  0.54 |  0.61 |  0.73 |  0.63 |  0.90 |  1.48
        5136 |  1.55 |  0.54 |  0.61 |  0.73 |  0.63 |  0.90 |  1.48
        5136 |  1.55 |  0.54 |  0.61 |  0.73 |  0.63 |  0.90 |  1.48
        5136 |  1.55 |  0.54 |  0.61 |  0.73 |  0.63 |  0.90 |  1.48
        5136 |  1.55 |  0.54 |  0.61 |  0.73 |  0.63 |  0.90 |  1.48
        5136 |  1.55 |  0.54 |  0.61 |  0.73 |  0.63 |  0.90 |  1.48
        5136 |  1.55 |  0.54 |  0.61 |  0.73 |  0.63 |  0.90 |  1.48
        5136 |  1.55 |  0.54 |  0.61 |  0.73 |  0.63 |  0.90 |  1.48
        5136 |  1.55 |  0.54 |  0.61 |  0.73 |  0.63 |  0.90 |  1.48
        5136 |  1.55 |  0.54 |  0.61 |  0.73 |  0.63 |  0.90 |  1.48
        5136 |  1.55 |  0.54 |  0.61 |  0.73 |  0.63 |  0.90 |  1.48
        5136 |  1.55 |  0.54 |  0.61 |  0.73 |  0.63 |  0.90 |  1.48
        5136 |  1.55 |  0.54 |  0.61 |  0.73 |  0.63 |  0.90 |  1.48
        5136 |  1.55 |  0.54 |  0.61 |  0.73 |  0.63 |  0.90 |  1.48
        5136 |  1.55 |  0.54 |  0.61 |  0.73 |  0.63 |  0.90 |  1.48
        5136 |  1.55 |  0.54 |  0.61 |  0.73 |  0.63 |  0.90 |  1.48
        5136 |  1.55 |  0.54 |  0.61 |  0.73 |  0.63 |  0.90 |  1.48
        5136 |  1.55 |  0.54 |  0.61 |  0.73 |  0.63 |  0.90 |  1.48
        5136 |  1.55 |  0.54 |  0.61 |  0.73 |  0.63 |  0.90 |  1.48
        5136 |  1.55 |  0.54 |  0.61 |  0.73 |  0.63 |  0.90 |  1.48
        5136 |  1.55 |  0.54 |  0.61 |  0.73 |  0.63 |  0.90 |  1.48
        5136 |  1.55 |  0.54 |  0.61 |  0.73 |  0.63 |  0.90 |  1.48
        5136 |  1.55 |  0.54 |  0.61 |  0.73 |  0.63 |  0.90 |  1.48
        5136 |  1.55 |  0.54 |  0.61 |  0.73 |  0.63 |  0.90 |  1.48
        5136 |  1.55 |  0.54 |  0.61 |  0.73 |  0.63 |  0.90 |  1.48
        5136 |  1.55 |  0.54 |  0.61 |  0.73 |  0.63 |  0.90 |  1.48
        5136 |  1.55 |  0.54 |  0.61 |  0.73 |  0.63 |  0.90 |  1.48
        5136 |  1.55 |  0.54 |  0.61 |  0.73 |  0.63 |  0.90 |  1.48
        5136 |  1.55 |  0.54 |  0.61 |  0.73 |  0.63 |  0.90 |  1.48
        5136 |  1.55 |  0.54 |  0.61 |  0.73 |  0.63 |  0.90 |  1.48
        5136 |  1.55 |  0.54 |  0.61 |  0.73 |  0.63 |  0.90 |  1.48
        5136 |  1.55 |  0.54 |  0.61 |  0.73 |  0.63 |  0.90 |  1.48
        5136 |  1.55 |  0.54 |  0.61 |  0.73 |  0.63 |  0.90 |  1.48
        5136 |  1.55 |  0.54 |  0.61 |  0.73 |  0.63 |  0.90 |  1.48
        5136 |  1.55 |  0.54 |  0.61 |  0.73 |  0.63 |  0.90 |  1.48
        5136 |  1.55 |  0.54 |  0.61 |  0.73 |  0.63 |  0.90 |  1.48
        5136 |  1.55 |  0.54 |  0.61 |  0.73 |  0.63 |  0.90 |  1.48
        5136 |  1.55 |  0.54 |  0.61 |  0.73 |  0.63 |  0.90 |  1.48
        5136 |  1.55 |  0.54 |  0.61 |  0.73 |  0.63 |  0.90 |  1.48
        5136 |  1.55 |  0.54 |  0.61 |  0.73 |  0.63 |  0.90 |  1.48
        5136 |  1.55 |  0.54 |  0.61 |  0.73 |  0.63 |  0.90 |  1.48
        5136 |  1.55 |  0.54 |  0.61 |  0.73 |  0.63 |  0.90 |  1.48
        5136 |  1.55 |  0.54 |  0.61 |  0.73 |  0.63 |  0.90 |  1.48
        5136 |  1.55 |  0.54 |  0.61 |  0.73 |  0.63 |  0.90 |  1.48
        5136 |  1.55 |  0.54 |  0.61 |  0.73 |  0.63 |  0.90 |  1.48
        5136 |  1.55 |  0.54 |  0.61 |  0.73 |  0.63 |  0.90 |  1.48
        5136 |  1.55 |  0.54 |  0.61 |  0.73 |  0.63 |  0.90 |  1.48
        5137 |  1.40 |  0.79 |  1.10 |  1.10 |  1.26 |  0.61 |  1.37
        5137 |  1.40 |  0.79 |  1.10 |  1.10 |  1.26 |  0.61 |  1.37
        5137 |  1.40 |  0.79 |  1.10 |  1.10 |  1.26 |  0.61 |  1.37
        5137 |  1.40 |  0.79 |  1.10 |  1.10 |  1.26 |  0.61 |  1.37
        5137 |  1.40 |  0.79 |  1.10 |  1.10 |  1.26 |  0.61 |  1.37
        5137 |  1.40 |  0.79 |  1.10 |  1.10 |  1.26 |  0.61 |  1.37
        5137 |  1.40 |  0.79 |  1.10 |  1.10 |  1.26 |  0.61 |  1.37
        5137 |  1.40 |  0.79 |  1.10 |  1.10 |  1.26 |  0.61 |  1.37
        5137 |  1.40 |  0.79 |  1.10 |  1.10 |  1.26 |  0.61 |  1.37
        5137 |  1.40 |  0.79 |  1.10 |  1.10 |  1.26 |  0.61 |  1.37
        5137 |  1.40 |  0.79 |  1.10 |  1.10 |  1.26 |  0.61 |  1.37
        5137 |  1.40 |  0.79 |  1.10 |  1.10 |  1.26 |  0.61 |  1.37
        5137 |  1.40 |  0.79 |  1.10 |  1.10 |  1.26 |  0.61 |  1.37
        5137 |  1.40 |  0.79 |  1.10 |  1.10 |  1.26 |  0.61 |  1.37
        5137 |  1.40 |  0.79 |  1.10 |  1.10 |  1.26 |  0.61 |  1.37
        5137 |  1.40 |  0.79 |  1.10 |  1.10 |  1.26 |  0.61 |  1.37
        5137 |  1.40 |  0.79 |  1.10 |  1.10 |  1.26 |  0.61 |  1.37
        5137 |  1.40 |  0.79 |  1.10 |  1.10 |  1.26 |  0.61 |  1.37
        5137 |  1.40 |  0.79 |  1.10 |  1.10 |  1.26 |  0.61 |  1.37
        5137 |  1.40 |  0.79 |  1.10 |  1.10 |  1.26 |  0.61 |  1.37
        5137 |  1.40 |  0.79 |  1.10 |  1.10 |  1.26 |  0.61 |  1.37
        5137 |  1.40 |  0.79 |  1.10 |  1.10 |  1.26 |  0.61 |  1.37
        5137 |  1.40 |  0.79 |  1.10 |  1.10 |  1.26 |  0.61 |  1.37
        5137 |  1.40 |  0.79 |  1.10 |  1.10 |  1.26 |  0.61 |  1.37
        5137 |  1.40 |  0.79 |  1.10 |  1.10 |  1.26 |  0.61 |  1.37
        5137 |  1.40 |  0.79 |  1.10 |  1.10 |  1.26 |  0.61 |  1.37
        5137 |  1.40 |  0.79 |  1.10 |  1.10 |  1.26 |  0.61 |  1.37
        5137 |  1.40 |  0.79 |  1.10 |  1.10 |  1.26 |  0.61 |  1.37
        5137 |  1.40 |  0.79 |  1.10 |  1.10 |  1.26 |  0.61 |  1.37
        5137 |  1.40 |  0.79 |  1.10 |  1.10 |  1.26 |  0.61 |  1.37
        5137 |  1.40 |  0.79 |  1.10 |  1.10 |  1.26 |  0.61 |  1.37
        5137 |  1.40 |  0.79 |  1.10 |  1.10 |  1.26 |  0.61 |  1.37
        5137 |  1.40 |  0.79 |  1.10 |  1.10 |  1.26 |  0.61 |  1.37
        5137 |  1.40 |  0.79 |  1.10 |  1.10 |  1.26 |  0.61 |  1.37
        5137 |  1.40 |  0.79 |  1.10 |  1.10 |  1.26 |  0.61 |  1.37
        5137 |  1.40 |  0.79 |  1.10 |  1.10 |  1.26 |  0.61 |  1.37
        5137 |  1.40 |  0.79 |  1.10 |  1.10 |  1.26 |  0.61 |  1.37
        5137 |  1.40 |  0.79 |  1.10 |  1.10 |  1.26 |  0.61 |  1.37
        5137 |  1.40 |  0.79 |  1.10 |  1.10 |  1.26 |  0.61 |  1.37
        5137 |  1.40 |  0.79 |  1.10 |  1.10 |  1.26 |  0.61 |  1.37
        5137 |  1.40 |  0.79 |  1.10 |  1.10 |  1.26 |  0.61 |  1.37
        5137 |  1.40 |  0.79 |  1.10 |  1.10 |  1.26 |  0.61 |  1.37
        5137 |  1.40 |  0.79 |  1.10 |  1.10 |  1.26 |  0.61 |  1.37
        5137 |  1.40 |  0.79 |  1.10 |  1.10 |  1.26 |  0.61 |  1.37
        5137 |  1.40 |  0.79 |  1.10 |  1.10 |  1.26 |  0.61 |  1.37
        5137 |  1.40 |  0.79 |  1.10 |  1.10 |  1.26 |  0.61 |  1.37
        5137 |  1.40 |  0.79 |  1.10 |  1.10 |  1.26 |  0.61 |  1.37
        5137 |  1.40 |  0.79 |  1.10 |  1.10 |  1.26 |  0.61 |  1.37
        5137 |  1.40 |  0.79 |  1.10 |  1.10 |  1.26 |  0.61 |  1.37
        5138 |  0.91 |  1.16 |  1.22 |  1.18 |  1.36 |  1.07 |  0.68
        5138 |  0.91 |  1.16 |  1.22 |  1.18 |  1.36 |  1.07 |  0.68
        5138 |  0.91 |  1.16 |  1.22 |  1.18 |  1.36 |  1.07 |  0.68
        5138 |  0.91 |  1.16 |  1.22 |  1.18 |  1.36 |  1.07 |  0.68
        5138 |  0.91 |  1.16 |  1.22 |  1.18 |  1.36 |  1.07 |  0.68
        5138 |  0.91 |  1.16 |  1.22 |  1.18 |  1.36 |  1.07 |  0.68
        5138 |  0.91 |  1.16 |  1.22 |  1.18 |  1.36 |  1.07 |  0.68
        5138 |  0.91 |  1.16 |  1.22 |  1.18 |  1.36 |  1.07 |  0.68
        5138 |  0.91 |  1.16 |  1.22 |  1.18 |  1.36 |  1.07 |  0.68
        5138 |  0.91 |  1.16 |  1.22 |  1.18 |  1.36 |  1.07 |  0.68
        5138 |  0.91 |  1.16 |  1.22 |  1.18 |  1.36 |  1.07 |  0.68
        5138 |  0.91 |  1.16 |  1.22 |  1.18 |  1.36 |  1.07 |  0.68
        5138 |  0.91 |  1.16 |  1.22 |  1.18 |  1.36 |  1.07 |  0.68
        5138 |  0.91 |  1.16 |  1.22 |  1.18 |  1.36 |  1.07 |  0.68
        5138 |  0.91 |  1.16 |  1.22 |  1.18 |  1.36 |  1.07 |  0.68
        5138 |  0.91 |  1.16 |  1.22 |  1.18 |  1.36 |  1.07 |  0.68
        5138 |  0.91 |  1.16 |  1.22 |  1.18 |  1.36 |  1.07 |  0.68
        5138 |  0.91 |  1.16 |  1.22 |  1.18 |  1.36 |  1.07 |  0.68
        5138 |  0.91 |  1.16 |  1.22 |  1.18 |  1.36 |  1.07 |  0.68
        5138 |  0.91 |  1.16 |  1.22 |  1.18 |  1.36 |  1.07 |  0.68
        5138 |  0.91 |  1.16 |  1.22 |  1.18 |  1.36 |  1.07 |  0.68
        5138 |  0.91 |  1.16 |  1.22 |  1.18 |  1.36 |  1.07 |  0.68
        5138 |  0.91 |  1.16 |  1.22 |  1.18 |  1.36 |  1.07 |  0.68
        5138 |  0.91 |  1.16 |  1.22 |  1.18 |  1.36 |  1.07 |  0.68
        5138 |  0.91 |  1.16 |  1.22 |  1.18 |  1.36 |  1.07 |  0.68
        5138 |  0.91 |  1.16 |  1.22 |  1.18 |  1.36 |  1.07 |  0.68
        5138 |  0.91 |  1.16 |  1.22 |  1.18 |  1.36 |  1.07 |  0.68
        5138 |  0.91 |  1.16 |  1.22 |  1.18 |  1.36 |  1.07 |  0.68
        5138 |  0.91 |  1.16 |  1.22 |  1.18 |  1.36 |  1.07 |  0.68
        5138 |  0.91 |  1.16 |  1.22 |  1.18 |  1.36 |  1.07 |  0.68
        5138 |  0.91 |  1.16 |  1.22 |  1.18 |  1.36 |  1.07 |  0.68
        5138 |  0.91 |  1.16 |  1.22 |  1.18 |  1.36 |  1.07 |  0.68
        5138 |  0.91 |  1.16 |  1.22 |  1.18 |  1.36 |  1.07 |  0.68
        5138 |  0.91 |  1.16 |  1.22 |  1.18 |  1.36 |  1.07 |  0.68
        5138 |  0.91 |  1.16 |  1.22 |  1.18 |  1.36 |  1.07 |  0.68
        5138 |  0.91 |  1.16 |  1.22 |  1.18 |  1.36 |  1.07 |  0.68
        5138 |  0.91 |  1.16 |  1.22 |  1.18 |  1.36 |  1.07 |  0.68
        5138 |  0.91 |  1.16 |  1.22 |  1.18 |  1.36 |  1.07 |  0.68
        5138 |  0.91 |  1.16 |  1.22 |  1.18 |  1.36 |  1.07 |  0.68
        5138 |  0.91 |  1.16 |  1.22 |  1.18 |  1.36 |  1.07 |  0.68
        5138 |  0.91 |  1.16 |  1.22 |  1.18 |  1.36 |  1.07 |  0.68
        5138 |  0.91 |  1.16 |  1.22 |  1.18 |  1.36 |  1.07 |  0.68
        5138 |  0.91 |  1.16 |  1.22 |  1.18 |  1.36 |  1.07 |  0.68
        5138 |  0.91 |  1.16 |  1.22 |  1.18 |  1.36 |  1.07 |  0.68
        5138 |  0.91 |  1.16 |  1.22 |  1.18 |  1.36 |  1.07 |  0.68
        5138 |  0.91 |  1.16 |  1.22 |  1.18 |  1.36 |  1.07 |  0.68
        5138 |  0.91 |  1.16 |  1.22 |  1.18 |  1.36 |  1.07 |  0.68
        5138 |  0.91 |  1.16 |  1.22 |  1.18 |  1.36 |  1.07 |  0.68
        5138 |  0.91 |  1.16 |  1.22 |  1.18 |  1.36 |  1.07 |  0.68
        5139 |  1.13 |  0.64 |  0.96 |  1.26 |  1.04 |  0.63 |  1.00
        5139 |  1.13 |  0.64 |  0.96 |  1.26 |  1.04 |  0.63 |  1.00
        5139 |  1.13 |  0.64 |  0.96 |  1.26 |  1.04 |  0.63 |  1.00
        5139 |  1.13 |  0.64 |  0.96 |  1.26 |  1.04 |  0.63 |  1.00
        5139 |  1.13 |  0.64 |  0.96 |  1.26 |  1.04 |  0.63 |  1.00
        5139 |  1.13 |  0.64 |  0.96 |  1.26 |  1.04 |  0.63 |  1.00
        5139 |  1.13 |  0.64 |  0.96 |  1.26 |  1.04 |  0.63 |  1.00
        5139 |  1.13 |  0.64 |  0.96 |  1.26 |  1.04 |  0.63 |  1.00
        5139 |  1.13 |  0.64 |  0.96 |  1.26 |  1.04 |  0.63 |  1.00
        5139 |  1.13 |  0.64 |  0.96 |  1.26 |  1.04 |  0.63 |  1.00
        5139 |  1.13 |  0.64 |  0.96 |  1.26 |  1.04 |  0.63 |  1.00
        5139 |  1.13 |  0.64 |  0.96 |  1.26 |  1.04 |  0.63 |  1.00
        5139 |  1.13 |  0.64 |  0.96 |  1.26 |  1.04 |  0.63 |  1.00
        5139 |  1.13 |  0.64 |  0.96 |  1.26 |  1.04 |  0.63 |  1.00
        5139 |  1.13 |  0.64 |  0.96 |  1.26 |  1.04 |  0.63 |  1.00
        5139 |  1.13 |  0.64 |  0.96 |  1.26 |  1.04 |  0.63 |  1.00
        5139 |  1.13 |  0.64 |  0.96 |  1.26 |  1.04 |  0.63 |  1.00
        5139 |  1.13 |  0.64 |  0.96 |  1.26 |  1.04 |  0.63 |  1.00
        5139 |  1.13 |  0.64 |  0.96 |  1.26 |  1.04 |  0.63 |  1.00
        5139 |  1.13 |  0.64 |  0.96 |  1.26 |  1.04 |  0.63 |  1.00
        5139 |  1.13 |  0.64 |  0.96 |  1.26 |  1.04 |  0.63 |  1.00
        5139 |  1.13 |  0.64 |  0.96 |  1.26 |  1.04 |  0.63 |  1.00
        5139 |  1.13 |  0.64 |  0.96 |  1.26 |  1.04 |  0.63 |  1.00
        5139 |  1.13 |  0.64 |  0.96 |  1.26 |  1.04 |  0.63 |  1.00
        5139 |  1.13 |  0.64 |  0.96 |  1.26 |  1.04 |  0.63 |  1.00
        5139 |  1.13 |  0.64 |  0.96 |  1.26 |  1.04 |  0.63 |  1.00
        5139 |  1.13 |  0.64 |  0.96 |  1.26 |  1.04 |  0.63 |  1.00
        5139 |  1.13 |  0.64 |  0.96 |  1.26 |  1.04 |  0.63 |  1.00
        5139 |  1.13 |  0.64 |  0.96 |  1.26 |  1.04 |  0.63 |  1.00
        5139 |  1.13 |  0.64 |  0.96 |  1.26 |  1.04 |  0.63 |  1.00
        5139 |  1.13 |  0.64 |  0.96 |  1.26 |  1.04 |  0.63 |  1.00
        5139 |  1.13 |  0.64 |  0.96 |  1.26 |  1.04 |  0.63 |  1.00
        5139 |  1.13 |  0.64 |  0.96 |  1.26 |  1.04 |  0.63 |  1.00
        5139 |  1.13 |  0.64 |  0.96 |  1.26 |  1.04 |  0.63 |  1.00
        5139 |  1.13 |  0.64 |  0.96 |  1.26 |  1.04 |  0.63 |  1.00
        5139 |  1.13 |  0.64 |  0.96 |  1.26 |  1.04 |  0.63 |  1.00
        5139 |  1.13 |  0.64 |  0.96 |  1.26 |  1.04 |  0.63 |  1.00
        5139 |  1.13 |  0.64 |  0.96 |  1.26 |  1.04 |  0.63 |  1.00
        5139 |  1.13 |  0.64 |  0.96 |  1.26 |  1.04 |  0.63 |  1.00
        5139 |  1.13 |  0.64 |  0.96 |  1.26 |  1.04 |  0.63 |  1.00
        5139 |  1.13 |  0.64 |  0.96 |  1.26 |  1.04 |  0.63 |  1.00
        5139 |  1.13 |  0.64 |  0.96 |  1.26 |  1.04 |  0.63 |  1.00
        5139 |  1.13 |  0.64 |  0.96 |  1.26 |  1.04 |  0.63 |  1.00
        5139 |  1.13 |  0.64 |  0.96 |  1.26 |  1.04 |  0.63 |  1.00
        5139 |  1.13 |  0.64 |  0.96 |  1.26 |  1.04 |  0.63 |  1.00
        5139 |  1.13 |  0.64 |  0.96 |  1.26 |  1.04 |  0.63 |  1.00
        5139 |  1.13 |  0.64 |  0.96 |  1.26 |  1.04 |  0.63 |  1.00
        5139 |  1.13 |  0.64 |  0.96 |  1.26 |  1.04 |  0.63 |  1.00
        5139 |  1.13 |  0.64 |  0.96 |  1.26 |  1.04 |  0.63 |  1.00
        5140 |  0.84 |  0.54 |  0.87 |  0.89 |  1.07 |  0.93 |  1.83
        5140 |  0.84 |  0.54 |  0.87 |  0.89 |  1.07 |  0.93 |  1.83
        5140 |  0.84 |  0.54 |  0.87 |  0.89 |  1.07 |  0.93 |  1.83
        5140 |  0.84 |  0.54 |  0.87 |  0.89 |  1.07 |  0.93 |  1.83
        5140 |  0.84 |  0.54 |  0.87 |  0.89 |  1.07 |  0.93 |  1.83
        5140 |  0.84 |  0.54 |  0.87 |  0.89 |  1.07 |  0.93 |  1.83
        5140 |  0.84 |  0.54 |  0.87 |  0.89 |  1.07 |  0.93 |  1.83
        5140 |  0.84 |  0.54 |  0.87 |  0.89 |  1.07 |  0.93 |  1.83
        5140 |  0.84 |  0.54 |  0.87 |  0.89 |  1.07 |  0.93 |  1.83
        5140 |  0.84 |  0.54 |  0.87 |  0.89 |  1.07 |  0.93 |  1.83
        5140 |  0.84 |  0.54 |  0.87 |  0.89 |  1.07 |  0.93 |  1.83
        5140 |  0.84 |  0.54 |  0.87 |  0.89 |  1.07 |  0.93 |  1.83
        5140 |  0.84 |  0.54 |  0.87 |  0.89 |  1.07 |  0.93 |  1.83
        5140 |  0.84 |  0.54 |  0.87 |  0.89 |  1.07 |  0.93 |  1.83
        5140 |  0.84 |  0.54 |  0.87 |  0.89 |  1.07 |  0.93 |  1.83
        5140 |  0.84 |  0.54 |  0.87 |  0.89 |  1.07 |  0.93 |  1.83
        5140 |  0.84 |  0.54 |  0.87 |  0.89 |  1.07 |  0.93 |  1.83
        5140 |  0.84 |  0.54 |  0.87 |  0.89 |  1.07 |  0.93 |  1.83
        5140 |  0.84 |  0.54 |  0.87 |  0.89 |  1.07 |  0.93 |  1.83
        5140 |  0.84 |  0.54 |  0.87 |  0.89 |  1.07 |  0.93 |  1.83
        5140 |  0.84 |  0.54 |  0.87 |  0.89 |  1.07 |  0.93 |  1.83
        5140 |  0.84 |  0.54 |  0.87 |  0.89 |  1.07 |  0.93 |  1.83
        5140 |  0.84 |  0.54 |  0.87 |  0.89 |  1.07 |  0.93 |  1.83
        5140 |  0.84 |  0.54 |  0.87 |  0.89 |  1.07 |  0.93 |  1.83
        5140 |  0.84 |  0.54 |  0.87 |  0.89 |  1.07 |  0.93 |  1.83
        5140 |  0.84 |  0.54 |  0.87 |  0.89 |  1.07 |  0.93 |  1.83
        5140 |  0.84 |  0.54 |  0.87 |  0.89 |  1.07 |  0.93 |  1.83
        5140 |  0.84 |  0.54 |  0.87 |  0.89 |  1.07 |  0.93 |  1.83
        5140 |  0.84 |  0.54 |  0.87 |  0.89 |  1.07 |  0.93 |  1.83
        5140 |  0.84 |  0.54 |  0.87 |  0.89 |  1.07 |  0.93 |  1.83
        5140 |  0.84 |  0.54 |  0.87 |  0.89 |  1.07 |  0.93 |  1.83
        5140 |  0.84 |  0.54 |  0.87 |  0.89 |  1.07 |  0.93 |  1.83
        5140 |  0.84 |  0.54 |  0.87 |  0.89 |  1.07 |  0.93 |  1.83
        5140 |  0.84 |  0.54 |  0.87 |  0.89 |  1.07 |  0.93 |  1.83
        5140 |  0.84 |  0.54 |  0.87 |  0.89 |  1.07 |  0.93 |  1.83
        5140 |  0.84 |  0.54 |  0.87 |  0.89 |  1.07 |  0.93 |  1.83
        5140 |  0.84 |  0.54 |  0.87 |  0.89 |  1.07 |  0.93 |  1.83
        5140 |  0.84 |  0.54 |  0.87 |  0.89 |  1.07 |  0.93 |  1.83
        5140 |  0.84 |  0.54 |  0.87 |  0.89 |  1.07 |  0.93 |  1.83
        5140 |  0.84 |  0.54 |  0.87 |  0.89 |  1.07 |  0.93 |  1.83
        5140 |  0.84 |  0.54 |  0.87 |  0.89 |  1.07 |  0.93 |  1.83
        5140 |  0.84 |  0.54 |  0.87 |  0.89 |  1.07 |  0.93 |  1.83
        5140 |  0.84 |  0.54 |  0.87 |  0.89 |  1.07 |  0.93 |  1.83
        5140 |  0.84 |  0.54 |  0.87 |  0.89 |  1.07 |  0.93 |  1.83
        5140 |  0.84 |  0.54 |  0.87 |  0.89 |  1.07 |  0.93 |  1.83
        5140 |  0.84 |  0.54 |  0.87 |  0.89 |  1.07 |  0.93 |  1.83
        5140 |  0.84 |  0.54 |  0.87 |  0.89 |  1.07 |  0.93 |  1.83
        5140 |  0.84 |  0.54 |  0.87 |  0.89 |  1.07 |  0.93 |  1.83
        5140 |  0.84 |  0.54 |  0.87 |  0.89 |  1.07 |  0.93 |  1.83
        5141 |  1.00 |  0.67 |  0.77 |  1.17 |  1.31 |  0.80 |  1.00
        5141 |  1.00 |  0.67 |  0.77 |  1.17 |  1.31 |  0.80 |  1.00
        5141 |  1.00 |  0.67 |  0.77 |  1.17 |  1.31 |  0.80 |  1.00
        5141 |  1.00 |  0.67 |  0.77 |  1.17 |  1.31 |  0.80 |  1.00
        5141 |  1.00 |  0.67 |  0.77 |  1.17 |  1.31 |  0.80 |  1.00
        5141 |  1.00 |  0.67 |  0.77 |  1.17 |  1.31 |  0.80 |  1.00
        5141 |  1.00 |  0.67 |  0.77 |  1.17 |  1.31 |  0.80 |  1.00
        5141 |  1.00 |  0.67 |  0.77 |  1.17 |  1.31 |  0.80 |  1.00
        5141 |  1.00 |  0.67 |  0.77 |  1.17 |  1.31 |  0.80 |  1.00
        5141 |  1.00 |  0.67 |  0.77 |  1.17 |  1.31 |  0.80 |  1.00
        5141 |  1.00 |  0.67 |  0.77 |  1.17 |  1.31 |  0.80 |  1.00
        5141 |  1.00 |  0.67 |  0.77 |  1.17 |  1.31 |  0.80 |  1.00
        5141 |  1.00 |  0.67 |  0.77 |  1.17 |  1.31 |  0.80 |  1.00
        5141 |  1.00 |  0.67 |  0.77 |  1.17 |  1.31 |  0.80 |  1.00
        5141 |  1.00 |  0.67 |  0.77 |  1.17 |  1.31 |  0.80 |  1.00
        5141 |  1.00 |  0.67 |  0.77 |  1.17 |  1.31 |  0.80 |  1.00
        5141 |  1.00 |  0.67 |  0.77 |  1.17 |  1.31 |  0.80 |  1.00
        5141 |  1.00 |  0.67 |  0.77 |  1.17 |  1.31 |  0.80 |  1.00
        5141 |  1.00 |  0.67 |  0.77 |  1.17 |  1.31 |  0.80 |  1.00
        5141 |  1.00 |  0.67 |  0.77 |  1.17 |  1.31 |  0.80 |  1.00
        5141 |  1.00 |  0.67 |  0.77 |  1.17 |  1.31 |  0.80 |  1.00
        5141 |  1.00 |  0.67 |  0.77 |  1.17 |  1.31 |  0.80 |  1.00
        5141 |  1.00 |  0.67 |  0.77 |  1.17 |  1.31 |  0.80 |  1.00
        5141 |  1.00 |  0.67 |  0.77 |  1.17 |  1.31 |  0.80 |  1.00
        5141 |  1.00 |  0.67 |  0.77 |  1.17 |  1.31 |  0.80 |  1.00
        5141 |  1.00 |  0.67 |  0.77 |  1.17 |  1.31 |  0.80 |  1.00
        5141 |  1.00 |  0.67 |  0.77 |  1.17 |  1.31 |  0.80 |  1.00
        5141 |  1.00 |  0.67 |  0.77 |  1.17 |  1.31 |  0.80 |  1.00
        5141 |  1.00 |  0.67 |  0.77 |  1.17 |  1.31 |  0.80 |  1.00
        5141 |  1.00 |  0.67 |  0.77 |  1.17 |  1.31 |  0.80 |  1.00
        5141 |  1.00 |  0.67 |  0.77 |  1.17 |  1.31 |  0.80 |  1.00
        5141 |  1.00 |  0.67 |  0.77 |  1.17 |  1.31 |  0.80 |  1.00
        5141 |  1.00 |  0.67 |  0.77 |  1.17 |  1.31 |  0.80 |  1.00
        5141 |  1.00 |  0.67 |  0.77 |  1.17 |  1.31 |  0.80 |  1.00
        5141 |  1.00 |  0.67 |  0.77 |  1.17 |  1.31 |  0.80 |  1.00
        5141 |  1.00 |  0.67 |  0.77 |  1.17 |  1.31 |  0.80 |  1.00
        5141 |  1.00 |  0.67 |  0.77 |  1.17 |  1.31 |  0.80 |  1.00
        5141 |  1.00 |  0.67 |  0.77 |  1.17 |  1.31 |  0.80 |  1.00
        5141 |  1.00 |  0.67 |  0.77 |  1.17 |  1.31 |  0.80 |  1.00
        5141 |  1.00 |  0.67 |  0.77 |  1.17 |  1.31 |  0.80 |  1.00
        5141 |  1.00 |  0.67 |  0.77 |  1.17 |  1.31 |  0.80 |  1.00
        5141 |  1.00 |  0.67 |  0.77 |  1.17 |  1.31 |  0.80 |  1.00
        5141 |  1.00 |  0.67 |  0.77 |  1.17 |  1.31 |  0.80 |  1.00
        5141 |  1.00 |  0.67 |  0.77 |  1.17 |  1.31 |  0.80 |  1.00
        5141 |  1.00 |  0.67 |  0.77 |  1.17 |  1.31 |  0.80 |  1.00
        5141 |  1.00 |  0.67 |  0.77 |  1.17 |  1.31 |  0.80 |  1.00
        5141 |  1.00 |  0.67 |  0.77 |  1.17 |  1.31 |  0.80 |  1.00
        5141 |  1.00 |  0.67 |  0.77 |  1.17 |  1.31 |  0.80 |  1.00
        5141 |  1.00 |  0.67 |  0.77 |  1.17 |  1.31 |  0.80 |  1.00
        5142 |  0.88 |  0.82 |  0.90 |  1.17 |  0.97 |  1.16 |  1.59
        5142 |  0.88 |  0.82 |  0.90 |  1.17 |  0.97 |  1.16 |  1.59
        5142 |  0.88 |  0.82 |  0.90 |  1.17 |  0.97 |  1.16 |  1.59
        5142 |  0.88 |  0.82 |  0.90 |  1.17 |  0.97 |  1.16 |  1.59
        5142 |  0.88 |  0.82 |  0.90 |  1.17 |  0.97 |  1.16 |  1.59
        5142 |  0.88 |  0.82 |  0.90 |  1.17 |  0.97 |  1.16 |  1.59
        5142 |  0.88 |  0.82 |  0.90 |  1.17 |  0.97 |  1.16 |  1.59
        5142 |  0.88 |  0.82 |  0.90 |  1.17 |  0.97 |  1.16 |  1.59
        5142 |  0.88 |  0.82 |  0.90 |  1.17 |  0.97 |  1.16 |  1.59
        5142 |  0.88 |  0.82 |  0.90 |  1.17 |  0.97 |  1.16 |  1.59
        5142 |  0.88 |  0.82 |  0.90 |  1.17 |  0.97 |  1.16 |  1.59
        5142 |  0.88 |  0.82 |  0.90 |  1.17 |  0.97 |  1.16 |  1.59
        5142 |  0.88 |  0.82 |  0.90 |  1.17 |  0.97 |  1.16 |  1.59
        5142 |  0.88 |  0.82 |  0.90 |  1.17 |  0.97 |  1.16 |  1.59
        5142 |  0.88 |  0.82 |  0.90 |  1.17 |  0.97 |  1.16 |  1.59
        5142 |  0.88 |  0.82 |  0.90 |  1.17 |  0.97 |  1.16 |  1.59
        5142 |  0.88 |  0.82 |  0.90 |  1.17 |  0.97 |  1.16 |  1.59
        5142 |  0.88 |  0.82 |  0.90 |  1.17 |  0.97 |  1.16 |  1.59
        5142 |  0.88 |  0.82 |  0.90 |  1.17 |  0.97 |  1.16 |  1.59
        5142 |  0.88 |  0.82 |  0.90 |  1.17 |  0.97 |  1.16 |  1.59
        5142 |  0.88 |  0.82 |  0.90 |  1.17 |  0.97 |  1.16 |  1.59
        5142 |  0.88 |  0.82 |  0.90 |  1.17 |  0.97 |  1.16 |  1.59
        5142 |  0.88 |  0.82 |  0.90 |  1.17 |  0.97 |  1.16 |  1.59
        5142 |  0.88 |  0.82 |  0.90 |  1.17 |  0.97 |  1.16 |  1.59
        5142 |  0.88 |  0.82 |  0.90 |  1.17 |  0.97 |  1.16 |  1.59
        5142 |  0.88 |  0.82 |  0.90 |  1.17 |  0.97 |  1.16 |  1.59
        5142 |  0.88 |  0.82 |  0.90 |  1.17 |  0.97 |  1.16 |  1.59
        5142 |  0.88 |  0.82 |  0.90 |  1.17 |  0.97 |  1.16 |  1.59
        5142 |  0.88 |  0.82 |  0.90 |  1.17 |  0.97 |  1.16 |  1.59
        5142 |  0.88 |  0.82 |  0.90 |  1.17 |  0.97 |  1.16 |  1.59
        5142 |  0.88 |  0.82 |  0.90 |  1.17 |  0.97 |  1.16 |  1.59
        5142 |  0.88 |  0.82 |  0.90 |  1.17 |  0.97 |  1.16 |  1.59
        5142 |  0.88 |  0.82 |  0.90 |  1.17 |  0.97 |  1.16 |  1.59
        5142 |  0.88 |  0.82 |  0.90 |  1.17 |  0.97 |  1.16 |  1.59
        5142 |  0.88 |  0.82 |  0.90 |  1.17 |  0.97 |  1.16 |  1.59
        5142 |  0.88 |  0.82 |  0.90 |  1.17 |  0.97 |  1.16 |  1.59
        5142 |  0.88 |  0.82 |  0.90 |  1.17 |  0.97 |  1.16 |  1.59
        5142 |  0.88 |  0.82 |  0.90 |  1.17 |  0.97 |  1.16 |  1.59
        5142 |  0.88 |  0.82 |  0.90 |  1.17 |  0.97 |  1.16 |  1.59
        5142 |  0.88 |  0.82 |  0.90 |  1.17 |  0.97 |  1.16 |  1.59
        5142 |  0.88 |  0.82 |  0.90 |  1.17 |  0.97 |  1.16 |  1.59
        5142 |  0.88 |  0.82 |  0.90 |  1.17 |  0.97 |  1.16 |  1.59
        5142 |  0.88 |  0.82 |  0.90 |  1.17 |  0.97 |  1.16 |  1.59
        5142 |  0.88 |  0.82 |  0.90 |  1.17 |  0.97 |  1.16 |  1.59
        5142 |  0.88 |  0.82 |  0.90 |  1.17 |  0.97 |  1.16 |  1.59
        5142 |  0.88 |  0.82 |  0.90 |  1.17 |  0.97 |  1.16 |  1.59
        5142 |  0.88 |  0.82 |  0.90 |  1.17 |  0.97 |  1.16 |  1.59
        5142 |  0.88 |  0.82 |  0.90 |  1.17 |  0.97 |  1.16 |  1.59
        5142 |  0.88 |  0.82 |  0.90 |  1.17 |  0.97 |  1.16 |  1.59
        5143 |  1.38 |  0.55 |  1.02 |  1.65 |  1.25 |  1.16 |  1.79
        5143 |  1.38 |  0.55 |  1.02 |  1.65 |  1.25 |  1.16 |  1.79
        5143 |  1.38 |  0.55 |  1.02 |  1.65 |  1.25 |  1.16 |  1.79
        5143 |  1.38 |  0.55 |  1.02 |  1.65 |  1.25 |  1.16 |  1.79
        5143 |  1.38 |  0.55 |  1.02 |  1.65 |  1.25 |  1.16 |  1.79
        5143 |  1.38 |  0.55 |  1.02 |  1.65 |  1.25 |  1.16 |  1.79
        5143 |  1.38 |  0.55 |  1.02 |  1.65 |  1.25 |  1.16 |  1.79
        5143 |  1.38 |  0.55 |  1.02 |  1.65 |  1.25 |  1.16 |  1.79
        5143 |  1.38 |  0.55 |  1.02 |  1.65 |  1.25 |  1.16 |  1.79
        5143 |  1.38 |  0.55 |  1.02 |  1.65 |  1.25 |  1.16 |  1.79
        5143 |  1.38 |  0.55 |  1.02 |  1.65 |  1.25 |  1.16 |  1.79
        5143 |  1.38 |  0.55 |  1.02 |  1.65 |  1.25 |  1.16 |  1.79
        5143 |  1.38 |  0.55 |  1.02 |  1.65 |  1.25 |  1.16 |  1.79
        5143 |  1.38 |  0.55 |  1.02 |  1.65 |  1.25 |  1.16 |  1.79
        5143 |  1.38 |  0.55 |  1.02 |  1.65 |  1.25 |  1.16 |  1.79
        5143 |  1.38 |  0.55 |  1.02 |  1.65 |  1.25 |  1.16 |  1.79
        5143 |  1.38 |  0.55 |  1.02 |  1.65 |  1.25 |  1.16 |  1.79
        5143 |  1.38 |  0.55 |  1.02 |  1.65 |  1.25 |  1.16 |  1.79
        5143 |  1.38 |  0.55 |  1.02 |  1.65 |  1.25 |  1.16 |  1.79
        5143 |  1.38 |  0.55 |  1.02 |  1.65 |  1.25 |  1.16 |  1.79
        5143 |  1.38 |  0.55 |  1.02 |  1.65 |  1.25 |  1.16 |  1.79
        5143 |  1.38 |  0.55 |  1.02 |  1.65 |  1.25 |  1.16 |  1.79
        5143 |  1.38 |  0.55 |  1.02 |  1.65 |  1.25 |  1.16 |  1.79
        5143 |  1.38 |  0.55 |  1.02 |  1.65 |  1.25 |  1.16 |  1.79
        5143 |  1.38 |  0.55 |  1.02 |  1.65 |  1.25 |  1.16 |  1.79
        5143 |  1.38 |  0.55 |  1.02 |  1.65 |  1.25 |  1.16 |  1.79
        5143 |  1.38 |  0.55 |  1.02 |  1.65 |  1.25 |  1.16 |  1.79
        5143 |  1.38 |  0.55 |  1.02 |  1.65 |  1.25 |  1.16 |  1.79
        5143 |  1.38 |  0.55 |  1.02 |  1.65 |  1.25 |  1.16 |  1.79
        5143 |  1.38 |  0.55 |  1.02 |  1.65 |  1.25 |  1.16 |  1.79
        5143 |  1.38 |  0.55 |  1.02 |  1.65 |  1.25 |  1.16 |  1.79
        5143 |  1.38 |  0.55 |  1.02 |  1.65 |  1.25 |  1.16 |  1.79
        5143 |  1.38 |  0.55 |  1.02 |  1.65 |  1.25 |  1.16 |  1.79
        5143 |  1.38 |  0.55 |  1.02 |  1.65 |  1.25 |  1.16 |  1.79
        5143 |  1.38 |  0.55 |  1.02 |  1.65 |  1.25 |  1.16 |  1.79
        5143 |  1.38 |  0.55 |  1.02 |  1.65 |  1.25 |  1.16 |  1.79
        5143 |  1.38 |  0.55 |  1.02 |  1.65 |  1.25 |  1.16 |  1.79
        5143 |  1.38 |  0.55 |  1.02 |  1.65 |  1.25 |  1.16 |  1.79
        5143 |  1.38 |  0.55 |  1.02 |  1.65 |  1.25 |  1.16 |  1.79
        5143 |  1.38 |  0.55 |  1.02 |  1.65 |  1.25 |  1.16 |  1.79
        5143 |  1.38 |  0.55 |  1.02 |  1.65 |  1.25 |  1.16 |  1.79
        5143 |  1.38 |  0.55 |  1.02 |  1.65 |  1.25 |  1.16 |  1.79
        5143 |  1.38 |  0.55 |  1.02 |  1.65 |  1.25 |  1.16 |  1.79
        5143 |  1.38 |  0.55 |  1.02 |  1.65 |  1.25 |  1.16 |  1.79
        5143 |  1.38 |  0.55 |  1.02 |  1.65 |  1.25 |  1.16 |  1.79
        5143 |  1.38 |  0.55 |  1.02 |  1.65 |  1.25 |  1.16 |  1.79
        5143 |  1.38 |  0.55 |  1.02 |  1.65 |  1.25 |  1.16 |  1.79
        5143 |  1.38 |  0.55 |  1.02 |  1.65 |  1.25 |  1.16 |  1.79
        5143 |  1.38 |  0.55 |  1.02 |  1.65 |  1.25 |  1.16 |  1.79
        5144 |  1.01 |  0.73 |  0.49 |  0.50 |  0.50 |  0.46 |  0.34
        5144 |  1.01 |  0.73 |  0.49 |  0.50 |  0.50 |  0.46 |  0.34
        5144 |  1.01 |  0.73 |  0.49 |  0.50 |  0.50 |  0.46 |  0.34
        5144 |  1.01 |  0.73 |  0.49 |  0.50 |  0.50 |  0.46 |  0.34
        5144 |  1.01 |  0.73 |  0.49 |  0.50 |  0.50 |  0.46 |  0.34
        5144 |  1.01 |  0.73 |  0.49 |  0.50 |  0.50 |  0.46 |  0.34
        5144 |  1.01 |  0.73 |  0.49 |  0.50 |  0.50 |  0.46 |  0.34
        5144 |  1.01 |  0.73 |  0.49 |  0.50 |  0.50 |  0.46 |  0.34
        5144 |  1.01 |  0.73 |  0.49 |  0.50 |  0.50 |  0.46 |  0.34
        5144 |  1.01 |  0.73 |  0.49 |  0.50 |  0.50 |  0.46 |  0.34
        5144 |  1.01 |  0.73 |  0.49 |  0.50 |  0.50 |  0.46 |  0.34
        5144 |  1.01 |  0.73 |  0.49 |  0.50 |  0.50 |  0.46 |  0.34
        5144 |  1.01 |  0.73 |  0.49 |  0.50 |  0.50 |  0.46 |  0.34
        5144 |  1.01 |  0.73 |  0.49 |  0.50 |  0.50 |  0.46 |  0.34
        5144 |  1.01 |  0.73 |  0.49 |  0.50 |  0.50 |  0.46 |  0.34
        5144 |  1.01 |  0.73 |  0.49 |  0.50 |  0.50 |  0.46 |  0.34
        5144 |  1.01 |  0.73 |  0.49 |  0.50 |  0.50 |  0.46 |  0.34
        5144 |  1.01 |  0.73 |  0.49 |  0.50 |  0.50 |  0.46 |  0.34
        5144 |  1.01 |  0.73 |  0.49 |  0.50 |  0.50 |  0.46 |  0.34
        5144 |  1.01 |  0.73 |  0.49 |  0.50 |  0.50 |  0.46 |  0.34
        5144 |  1.01 |  0.73 |  0.49 |  0.50 |  0.50 |  0.46 |  0.34
        5144 |  1.01 |  0.73 |  0.49 |  0.50 |  0.50 |  0.46 |  0.34
        5144 |  1.01 |  0.73 |  0.49 |  0.50 |  0.50 |  0.46 |  0.34
        5144 |  1.01 |  0.73 |  0.49 |  0.50 |  0.50 |  0.46 |  0.34
        5144 |  1.01 |  0.73 |  0.49 |  0.50 |  0.50 |  0.46 |  0.34
        5144 |  1.01 |  0.73 |  0.49 |  0.50 |  0.50 |  0.46 |  0.34
        5144 |  1.01 |  0.73 |  0.49 |  0.50 |  0.50 |  0.46 |  0.34
        5144 |  1.01 |  0.73 |  0.49 |  0.50 |  0.50 |  0.46 |  0.34
        5144 |  1.01 |  0.73 |  0.49 |  0.50 |  0.50 |  0.46 |  0.34
        5144 |  1.01 |  0.73 |  0.49 |  0.50 |  0.50 |  0.46 |  0.34
        5144 |  1.01 |  0.73 |  0.49 |  0.50 |  0.50 |  0.46 |  0.34
        5144 |  1.01 |  0.73 |  0.49 |  0.50 |  0.50 |  0.46 |  0.34
        5144 |  1.01 |  0.73 |  0.49 |  0.50 |  0.50 |  0.46 |  0.34
        5144 |  1.01 |  0.73 |  0.49 |  0.50 |  0.50 |  0.46 |  0.34
        5144 |  1.01 |  0.73 |  0.49 |  0.50 |  0.50 |  0.46 |  0.34
        5144 |  1.01 |  0.73 |  0.49 |  0.50 |  0.50 |  0.46 |  0.34
        5144 |  1.01 |  0.73 |  0.49 |  0.50 |  0.50 |  0.46 |  0.34
        5144 |  1.01 |  0.73 |  0.49 |  0.50 |  0.50 |  0.46 |  0.34
        5144 |  1.01 |  0.73 |  0.49 |  0.50 |  0.50 |  0.46 |  0.34
        5144 |  1.01 |  0.73 |  0.49 |  0.50 |  0.50 |  0.46 |  0.34
        5144 |  1.01 |  0.73 |  0.49 |  0.50 |  0.50 |  0.46 |  0.34
        5144 |  1.01 |  0.73 |  0.49 |  0.50 |  0.50 |  0.46 |  0.34
        5144 |  1.01 |  0.73 |  0.49 |  0.50 |  0.50 |  0.46 |  0.34
        5144 |  1.01 |  0.73 |  0.49 |  0.50 |  0.50 |  0.46 |  0.34
        5144 |  1.01 |  0.73 |  0.49 |  0.50 |  0.50 |  0.46 |  0.34
        5144 |  1.01 |  0.73 |  0.49 |  0.50 |  0.50 |  0.46 |  0.34
        5144 |  1.01 |  0.73 |  0.49 |  0.50 |  0.50 |  0.46 |  0.34
        5144 |  1.01 |  0.73 |  0.49 |  0.50 |  0.50 |  0.46 |  0.34
        5144 |  1.01 |  0.73 |  0.49 |  0.50 |  0.50 |  0.46 |  0.34
        5145 |  1.06 |  0.85 |  1.24 |  0.98 |  1.15 |  0.74 |  1.01
        5145 |  1.06 |  0.85 |  1.24 |  0.98 |  1.15 |  0.74 |  1.01
        5145 |  1.06 |  0.85 |  1.24 |  0.98 |  1.15 |  0.74 |  1.01
        5145 |  1.06 |  0.85 |  1.24 |  0.98 |  1.15 |  0.74 |  1.01
        5145 |  1.06 |  0.85 |  1.24 |  0.98 |  1.15 |  0.74 |  1.01
        5145 |  1.06 |  0.85 |  1.24 |  0.98 |  1.15 |  0.74 |  1.01
        5145 |  1.06 |  0.85 |  1.24 |  0.98 |  1.15 |  0.74 |  1.01
        5145 |  1.06 |  0.85 |  1.24 |  0.98 |  1.15 |  0.74 |  1.01
        5145 |  1.06 |  0.85 |  1.24 |  0.98 |  1.15 |  0.74 |  1.01
        5145 |  1.06 |  0.85 |  1.24 |  0.98 |  1.15 |  0.74 |  1.01
        5145 |  1.06 |  0.85 |  1.24 |  0.98 |  1.15 |  0.74 |  1.01
        5145 |  1.06 |  0.85 |  1.24 |  0.98 |  1.15 |  0.74 |  1.01
        5145 |  1.06 |  0.85 |  1.24 |  0.98 |  1.15 |  0.74 |  1.01
        5145 |  1.06 |  0.85 |  1.24 |  0.98 |  1.15 |  0.74 |  1.01
        5145 |  1.06 |  0.85 |  1.24 |  0.98 |  1.15 |  0.74 |  1.01
        5145 |  1.06 |  0.85 |  1.24 |  0.98 |  1.15 |  0.74 |  1.01
        5145 |  1.06 |  0.85 |  1.24 |  0.98 |  1.15 |  0.74 |  1.01
        5145 |  1.06 |  0.85 |  1.24 |  0.98 |  1.15 |  0.74 |  1.01
        5145 |  1.06 |  0.85 |  1.24 |  0.98 |  1.15 |  0.74 |  1.01
        5145 |  1.06 |  0.85 |  1.24 |  0.98 |  1.15 |  0.74 |  1.01
        5145 |  1.06 |  0.85 |  1.24 |  0.98 |  1.15 |  0.74 |  1.01
        5145 |  1.06 |  0.85 |  1.24 |  0.98 |  1.15 |  0.74 |  1.01
        5145 |  1.06 |  0.85 |  1.24 |  0.98 |  1.15 |  0.74 |  1.01
        5145 |  1.06 |  0.85 |  1.24 |  0.98 |  1.15 |  0.74 |  1.01
        5145 |  1.06 |  0.85 |  1.24 |  0.98 |  1.15 |  0.74 |  1.01
        5145 |  1.06 |  0.85 |  1.24 |  0.98 |  1.15 |  0.74 |  1.01
        5145 |  1.06 |  0.85 |  1.24 |  0.98 |  1.15 |  0.74 |  1.01
        5145 |  1.06 |  0.85 |  1.24 |  0.98 |  1.15 |  0.74 |  1.01
        5145 |  1.06 |  0.85 |  1.24 |  0.98 |  1.15 |  0.74 |  1.01
        5145 |  1.06 |  0.85 |  1.24 |  0.98 |  1.15 |  0.74 |  1.01
        5145 |  1.06 |  0.85 |  1.24 |  0.98 |  1.15 |  0.74 |  1.01
        5145 |  1.06 |  0.85 |  1.24 |  0.98 |  1.15 |  0.74 |  1.01
        5145 |  1.06 |  0.85 |  1.24 |  0.98 |  1.15 |  0.74 |  1.01
        5145 |  1.06 |  0.85 |  1.24 |  0.98 |  1.15 |  0.74 |  1.01
        5145 |  1.06 |  0.85 |  1.24 |  0.98 |  1.15 |  0.74 |  1.01
        5145 |  1.06 |  0.85 |  1.24 |  0.98 |  1.15 |  0.74 |  1.01
        5145 |  1.06 |  0.85 |  1.24 |  0.98 |  1.15 |  0.74 |  1.01
        5145 |  1.06 |  0.85 |  1.24 |  0.98 |  1.15 |  0.74 |  1.01
        5145 |  1.06 |  0.85 |  1.24 |  0.98 |  1.15 |  0.74 |  1.01
        5145 |  1.06 |  0.85 |  1.24 |  0.98 |  1.15 |  0.74 |  1.01
        5145 |  1.06 |  0.85 |  1.24 |  0.98 |  1.15 |  0.74 |  1.01
        5145 |  1.06 |  0.85 |  1.24 |  0.98 |  1.15 |  0.74 |  1.01
        5145 |  1.06 |  0.85 |  1.24 |  0.98 |  1.15 |  0.74 |  1.01
        5145 |  1.06 |  0.85 |  1.24 |  0.98 |  1.15 |  0.74 |  1.01
        5145 |  1.06 |  0.85 |  1.24 |  0.98 |  1.15 |  0.74 |  1.01
        5145 |  1.06 |  0.85 |  1.24 |  0.98 |  1.15 |  0.74 |  1.01
        5145 |  1.06 |  0.85 |  1.24 |  0.98 |  1.15 |  0.74 |  1.01
        5145 |  1.06 |  0.85 |  1.24 |  0.98 |  1.15 |  0.74 |  1.01
        5145 |  1.06 |  0.85 |  1.24 |  0.98 |  1.15 |  0.74 |  1.01
        5146 |  1.30 |  0.95 |  1.10 |  1.10 |  1.27 |  0.92 |  1.13
        5146 |  1.30 |  0.95 |  1.10 |  1.10 |  1.27 |  0.92 |  1.13
        5146 |  1.30 |  0.95 |  1.10 |  1.10 |  1.27 |  0.92 |  1.13
        5146 |  1.30 |  0.95 |  1.10 |  1.10 |  1.27 |  0.92 |  1.13
        5146 |  1.30 |  0.95 |  1.10 |  1.10 |  1.27 |  0.92 |  1.13
        5146 |  1.30 |  0.95 |  1.10 |  1.10 |  1.27 |  0.92 |  1.13
        5146 |  1.30 |  0.95 |  1.10 |  1.10 |  1.27 |  0.92 |  1.13
        5146 |  1.30 |  0.95 |  1.10 |  1.10 |  1.27 |  0.92 |  1.13
        5146 |  1.30 |  0.95 |  1.10 |  1.10 |  1.27 |  0.92 |  1.13
        5146 |  1.30 |  0.95 |  1.10 |  1.10 |  1.27 |  0.92 |  1.13
        5146 |  1.30 |  0.95 |  1.10 |  1.10 |  1.27 |  0.92 |  1.13
        5146 |  1.30 |  0.95 |  1.10 |  1.10 |  1.27 |  0.92 |  1.13
        5146 |  1.30 |  0.95 |  1.10 |  1.10 |  1.27 |  0.92 |  1.13
        5146 |  1.30 |  0.95 |  1.10 |  1.10 |  1.27 |  0.92 |  1.13
        5146 |  1.30 |  0.95 |  1.10 |  1.10 |  1.27 |  0.92 |  1.13
        5146 |  1.30 |  0.95 |  1.10 |  1.10 |  1.27 |  0.92 |  1.13
        5146 |  1.30 |  0.95 |  1.10 |  1.10 |  1.27 |  0.92 |  1.13
        5146 |  1.30 |  0.95 |  1.10 |  1.10 |  1.27 |  0.92 |  1.13
        5146 |  1.30 |  0.95 |  1.10 |  1.10 |  1.27 |  0.92 |  1.13
        5146 |  1.30 |  0.95 |  1.10 |  1.10 |  1.27 |  0.92 |  1.13
        5146 |  1.30 |  0.95 |  1.10 |  1.10 |  1.27 |  0.92 |  1.13
        5146 |  1.30 |  0.95 |  1.10 |  1.10 |  1.27 |  0.92 |  1.13
        5146 |  1.30 |  0.95 |  1.10 |  1.10 |  1.27 |  0.92 |  1.13
        5146 |  1.30 |  0.95 |  1.10 |  1.10 |  1.27 |  0.92 |  1.13
        5146 |  1.30 |  0.95 |  1.10 |  1.10 |  1.27 |  0.92 |  1.13
        5146 |  1.30 |  0.95 |  1.10 |  1.10 |  1.27 |  0.92 |  1.13
        5146 |  1.30 |  0.95 |  1.10 |  1.10 |  1.27 |  0.92 |  1.13
        5146 |  1.30 |  0.95 |  1.10 |  1.10 |  1.27 |  0.92 |  1.13
        5146 |  1.30 |  0.95 |  1.10 |  1.10 |  1.27 |  0.92 |  1.13
        5146 |  1.30 |  0.95 |  1.10 |  1.10 |  1.27 |  0.92 |  1.13
        5146 |  1.30 |  0.95 |  1.10 |  1.10 |  1.27 |  0.92 |  1.13
        5146 |  1.30 |  0.95 |  1.10 |  1.10 |  1.27 |  0.92 |  1.13
        5146 |  1.30 |  0.95 |  1.10 |  1.10 |  1.27 |  0.92 |  1.13
        5146 |  1.30 |  0.95 |  1.10 |  1.10 |  1.27 |  0.92 |  1.13
        5146 |  1.30 |  0.95 |  1.10 |  1.10 |  1.27 |  0.92 |  1.13
        5146 |  1.30 |  0.95 |  1.10 |  1.10 |  1.27 |  0.92 |  1.13
        5146 |  1.30 |  0.95 |  1.10 |  1.10 |  1.27 |  0.92 |  1.13
        5146 |  1.30 |  0.95 |  1.10 |  1.10 |  1.27 |  0.92 |  1.13
        5146 |  1.30 |  0.95 |  1.10 |  1.10 |  1.27 |  0.92 |  1.13
        5146 |  1.30 |  0.95 |  1.10 |  1.10 |  1.27 |  0.92 |  1.13
        5146 |  1.30 |  0.95 |  1.10 |  1.10 |  1.27 |  0.92 |  1.13
        5146 |  1.30 |  0.95 |  1.10 |  1.10 |  1.27 |  0.92 |  1.13
        5146 |  1.30 |  0.95 |  1.10 |  1.10 |  1.27 |  0.92 |  1.13
        5146 |  1.30 |  0.95 |  1.10 |  1.10 |  1.27 |  0.92 |  1.13
        5146 |  1.30 |  0.95 |  1.10 |  1.10 |  1.27 |  0.92 |  1.13
        5146 |  1.30 |  0.95 |  1.10 |  1.10 |  1.27 |  0.92 |  1.13
        5146 |  1.30 |  0.95 |  1.10 |  1.10 |  1.27 |  0.92 |  1.13
        5146 |  1.30 |  0.95 |  1.10 |  1.10 |  1.27 |  0.92 |  1.13
        5146 |  1.30 |  0.95 |  1.10 |  1.10 |  1.27 |  0.92 |  1.13
        5147 |  1.09 |  1.06 |  0.59 |  0.85 |  1.03 |  0.92 |  0.71
        5147 |  1.09 |  1.06 |  0.59 |  0.85 |  1.03 |  0.92 |  0.71
        5147 |  1.09 |  1.06 |  0.59 |  0.85 |  1.03 |  0.92 |  0.71
        5147 |  1.09 |  1.06 |  0.59 |  0.85 |  1.03 |  0.92 |  0.71
        5147 |  1.09 |  1.06 |  0.59 |  0.85 |  1.03 |  0.92 |  0.71
        5147 |  1.09 |  1.06 |  0.59 |  0.85 |  1.03 |  0.92 |  0.71
        5147 |  1.09 |  1.06 |  0.59 |  0.85 |  1.03 |  0.92 |  0.71
        5147 |  1.09 |  1.06 |  0.59 |  0.85 |  1.03 |  0.92 |  0.71
        5147 |  1.09 |  1.06 |  0.59 |  0.85 |  1.03 |  0.92 |  0.71
        5147 |  1.09 |  1.06 |  0.59 |  0.85 |  1.03 |  0.92 |  0.71
        5147 |  1.09 |  1.06 |  0.59 |  0.85 |  1.03 |  0.92 |  0.71
        5147 |  1.09 |  1.06 |  0.59 |  0.85 |  1.03 |  0.92 |  0.71
        5147 |  1.09 |  1.06 |  0.59 |  0.85 |  1.03 |  0.92 |  0.71
        5147 |  1.09 |  1.06 |  0.59 |  0.85 |  1.03 |  0.92 |  0.71
        5147 |  1.09 |  1.06 |  0.59 |  0.85 |  1.03 |  0.92 |  0.71
        5147 |  1.09 |  1.06 |  0.59 |  0.85 |  1.03 |  0.92 |  0.71
        5147 |  1.09 |  1.06 |  0.59 |  0.85 |  1.03 |  0.92 |  0.71
        5147 |  1.09 |  1.06 |  0.59 |  0.85 |  1.03 |  0.92 |  0.71
        5147 |  1.09 |  1.06 |  0.59 |  0.85 |  1.03 |  0.92 |  0.71
        5147 |  1.09 |  1.06 |  0.59 |  0.85 |  1.03 |  0.92 |  0.71
        5147 |  1.09 |  1.06 |  0.59 |  0.85 |  1.03 |  0.92 |  0.71
        5147 |  1.09 |  1.06 |  0.59 |  0.85 |  1.03 |  0.92 |  0.71
        5147 |  1.09 |  1.06 |  0.59 |  0.85 |  1.03 |  0.92 |  0.71
        5147 |  1.09 |  1.06 |  0.59 |  0.85 |  1.03 |  0.92 |  0.71
        5147 |  1.09 |  1.06 |  0.59 |  0.85 |  1.03 |  0.92 |  0.71
        5147 |  1.09 |  1.06 |  0.59 |  0.85 |  1.03 |  0.92 |  0.71
        5147 |  1.09 |  1.06 |  0.59 |  0.85 |  1.03 |  0.92 |  0.71
        5147 |  1.09 |  1.06 |  0.59 |  0.85 |  1.03 |  0.92 |  0.71
        5147 |  1.09 |  1.06 |  0.59 |  0.85 |  1.03 |  0.92 |  0.71
        5147 |  1.09 |  1.06 |  0.59 |  0.85 |  1.03 |  0.92 |  0.71
        5147 |  1.09 |  1.06 |  0.59 |  0.85 |  1.03 |  0.92 |  0.71
        5147 |  1.09 |  1.06 |  0.59 |  0.85 |  1.03 |  0.92 |  0.71
        5147 |  1.09 |  1.06 |  0.59 |  0.85 |  1.03 |  0.92 |  0.71
        5147 |  1.09 |  1.06 |  0.59 |  0.85 |  1.03 |  0.92 |  0.71
        5147 |  1.09 |  1.06 |  0.59 |  0.85 |  1.03 |  0.92 |  0.71
        5147 |  1.09 |  1.06 |  0.59 |  0.85 |  1.03 |  0.92 |  0.71
        5147 |  1.09 |  1.06 |  0.59 |  0.85 |  1.03 |  0.92 |  0.71
        5147 |  1.09 |  1.06 |  0.59 |  0.85 |  1.03 |  0.92 |  0.71
        5147 |  1.09 |  1.06 |  0.59 |  0.85 |  1.03 |  0.92 |  0.71
        5147 |  1.09 |  1.06 |  0.59 |  0.85 |  1.03 |  0.92 |  0.71
        5147 |  1.09 |  1.06 |  0.59 |  0.85 |  1.03 |  0.92 |  0.71
        5147 |  1.09 |  1.06 |  0.59 |  0.85 |  1.03 |  0.92 |  0.71
        5147 |  1.09 |  1.06 |  0.59 |  0.85 |  1.03 |  0.92 |  0.71
        5147 |  1.09 |  1.06 |  0.59 |  0.85 |  1.03 |  0.92 |  0.71
        5147 |  1.09 |  1.06 |  0.59 |  0.85 |  1.03 |  0.92 |  0.71
        5147 |  1.09 |  1.06 |  0.59 |  0.85 |  1.03 |  0.92 |  0.71
        5147 |  1.09 |  1.06 |  0.59 |  0.85 |  1.03 |  0.92 |  0.71
        5147 |  1.09 |  1.06 |  0.59 |  0.85 |  1.03 |  0.92 |  0.71
        5147 |  1.09 |  1.06 |  0.59 |  0.85 |  1.03 |  0.92 |  0.71
        5148 |  0.91 |  1.18 |  0.79 |  1.17 |  1.05 |  0.68 |  1.04
        5148 |  0.91 |  1.18 |  0.79 |  1.17 |  1.05 |  0.68 |  1.04
        5148 |  0.91 |  1.18 |  0.79 |  1.17 |  1.05 |  0.68 |  1.04
        5148 |  0.91 |  1.18 |  0.79 |  1.17 |  1.05 |  0.68 |  1.04
        5148 |  0.91 |  1.18 |  0.79 |  1.17 |  1.05 |  0.68 |  1.04
        5148 |  0.91 |  1.18 |  0.79 |  1.17 |  1.05 |  0.68 |  1.04
        5148 |  0.91 |  1.18 |  0.79 |  1.17 |  1.05 |  0.68 |  1.04
        5148 |  0.91 |  1.18 |  0.79 |  1.17 |  1.05 |  0.68 |  1.04
        5148 |  0.91 |  1.18 |  0.79 |  1.17 |  1.05 |  0.68 |  1.04
        5148 |  0.91 |  1.18 |  0.79 |  1.17 |  1.05 |  0.68 |  1.04
        5148 |  0.91 |  1.18 |  0.79 |  1.17 |  1.05 |  0.68 |  1.04
        5148 |  0.91 |  1.18 |  0.79 |  1.17 |  1.05 |  0.68 |  1.04
        5148 |  0.91 |  1.18 |  0.79 |  1.17 |  1.05 |  0.68 |  1.04
        5148 |  0.91 |  1.18 |  0.79 |  1.17 |  1.05 |  0.68 |  1.04
        5148 |  0.91 |  1.18 |  0.79 |  1.17 |  1.05 |  0.68 |  1.04
        5148 |  0.91 |  1.18 |  0.79 |  1.17 |  1.05 |  0.68 |  1.04
        5148 |  0.91 |  1.18 |  0.79 |  1.17 |  1.05 |  0.68 |  1.04
        5148 |  0.91 |  1.18 |  0.79 |  1.17 |  1.05 |  0.68 |  1.04
        5148 |  0.91 |  1.18 |  0.79 |  1.17 |  1.05 |  0.68 |  1.04
        5148 |  0.91 |  1.18 |  0.79 |  1.17 |  1.05 |  0.68 |  1.04
        5148 |  0.91 |  1.18 |  0.79 |  1.17 |  1.05 |  0.68 |  1.04
        5148 |  0.91 |  1.18 |  0.79 |  1.17 |  1.05 |  0.68 |  1.04
        5148 |  0.91 |  1.18 |  0.79 |  1.17 |  1.05 |  0.68 |  1.04
        5148 |  0.91 |  1.18 |  0.79 |  1.17 |  1.05 |  0.68 |  1.04
        5148 |  0.91 |  1.18 |  0.79 |  1.17 |  1.05 |  0.68 |  1.04
        5148 |  0.91 |  1.18 |  0.79 |  1.17 |  1.05 |  0.68 |  1.04
        5148 |  0.91 |  1.18 |  0.79 |  1.17 |  1.05 |  0.68 |  1.04
        5148 |  0.91 |  1.18 |  0.79 |  1.17 |  1.05 |  0.68 |  1.04
        5148 |  0.91 |  1.18 |  0.79 |  1.17 |  1.05 |  0.68 |  1.04
        5148 |  0.91 |  1.18 |  0.79 |  1.17 |  1.05 |  0.68 |  1.04
        5148 |  0.91 |  1.18 |  0.79 |  1.17 |  1.05 |  0.68 |  1.04
        5148 |  0.91 |  1.18 |  0.79 |  1.17 |  1.05 |  0.68 |  1.04
        5148 |  0.91 |  1.18 |  0.79 |  1.17 |  1.05 |  0.68 |  1.04
        5148 |  0.91 |  1.18 |  0.79 |  1.17 |  1.05 |  0.68 |  1.04
        5148 |  0.91 |  1.18 |  0.79 |  1.17 |  1.05 |  0.68 |  1.04
        5148 |  0.91 |  1.18 |  0.79 |  1.17 |  1.05 |  0.68 |  1.04
        5148 |  0.91 |  1.18 |  0.79 |  1.17 |  1.05 |  0.68 |  1.04
        5148 |  0.91 |  1.18 |  0.79 |  1.17 |  1.05 |  0.68 |  1.04
        5148 |  0.91 |  1.18 |  0.79 |  1.17 |  1.05 |  0.68 |  1.04
        5148 |  0.91 |  1.18 |  0.79 |  1.17 |  1.05 |  0.68 |  1.04
        5148 |  0.91 |  1.18 |  0.79 |  1.17 |  1.05 |  0.68 |  1.04
        5148 |  0.91 |  1.18 |  0.79 |  1.17 |  1.05 |  0.68 |  1.04
        5148 |  0.91 |  1.18 |  0.79 |  1.17 |  1.05 |  0.68 |  1.04
        5148 |  0.91 |  1.18 |  0.79 |  1.17 |  1.05 |  0.68 |  1.04
        5148 |  0.91 |  1.18 |  0.79 |  1.17 |  1.05 |  0.68 |  1.04
        5148 |  0.91 |  1.18 |  0.79 |  1.17 |  1.05 |  0.68 |  1.04
        5148 |  0.91 |  1.18 |  0.79 |  1.17 |  1.05 |  0.68 |  1.04
        5148 |  0.91 |  1.18 |  0.79 |  1.17 |  1.05 |  0.68 |  1.04
        5148 |  0.91 |  1.18 |  0.79 |  1.17 |  1.05 |  0.68 |  1.04
        5149 |  0.97 |  0.79 |  1.01 |  1.32 |  1.07 |  0.96 |  0.85
        5149 |  0.97 |  0.79 |  1.01 |  1.32 |  1.07 |  0.96 |  0.85
        5149 |  0.97 |  0.79 |  1.01 |  1.32 |  1.07 |  0.96 |  0.85
        5149 |  0.97 |  0.79 |  1.01 |  1.32 |  1.07 |  0.96 |  0.85
        5149 |  0.97 |  0.79 |  1.01 |  1.32 |  1.07 |  0.96 |  0.85
        5149 |  0.97 |  0.79 |  1.01 |  1.32 |  1.07 |  0.96 |  0.85
        5149 |  0.97 |  0.79 |  1.01 |  1.32 |  1.07 |  0.96 |  0.85
        5149 |  0.97 |  0.79 |  1.01 |  1.32 |  1.07 |  0.96 |  0.85
        5149 |  0.97 |  0.79 |  1.01 |  1.32 |  1.07 |  0.96 |  0.85
        5149 |  0.97 |  0.79 |  1.01 |  1.32 |  1.07 |  0.96 |  0.85
        5149 |  0.97 |  0.79 |  1.01 |  1.32 |  1.07 |  0.96 |  0.85
        5149 |  0.97 |  0.79 |  1.01 |  1.32 |  1.07 |  0.96 |  0.85
        5149 |  0.97 |  0.79 |  1.01 |  1.32 |  1.07 |  0.96 |  0.85
        5149 |  0.97 |  0.79 |  1.01 |  1.32 |  1.07 |  0.96 |  0.85
        5149 |  0.97 |  0.79 |  1.01 |  1.32 |  1.07 |  0.96 |  0.85
        5149 |  0.97 |  0.79 |  1.01 |  1.32 |  1.07 |  0.96 |  0.85
        5149 |  0.97 |  0.79 |  1.01 |  1.32 |  1.07 |  0.96 |  0.85
        5149 |  0.97 |  0.79 |  1.01 |  1.32 |  1.07 |  0.96 |  0.85
        5149 |  0.97 |  0.79 |  1.01 |  1.32 |  1.07 |  0.96 |  0.85
        5149 |  0.97 |  0.79 |  1.01 |  1.32 |  1.07 |  0.96 |  0.85
        5149 |  0.97 |  0.79 |  1.01 |  1.32 |  1.07 |  0.96 |  0.85
        5149 |  0.97 |  0.79 |  1.01 |  1.32 |  1.07 |  0.96 |  0.85
        5149 |  0.97 |  0.79 |  1.01 |  1.32 |  1.07 |  0.96 |  0.85
        5149 |  0.97 |  0.79 |  1.01 |  1.32 |  1.07 |  0.96 |  0.85
        5149 |  0.97 |  0.79 |  1.01 |  1.32 |  1.07 |  0.96 |  0.85
        5149 |  0.97 |  0.79 |  1.01 |  1.32 |  1.07 |  0.96 |  0.85
        5149 |  0.97 |  0.79 |  1.01 |  1.32 |  1.07 |  0.96 |  0.85
        5149 |  0.97 |  0.79 |  1.01 |  1.32 |  1.07 |  0.96 |  0.85
        5149 |  0.97 |  0.79 |  1.01 |  1.32 |  1.07 |  0.96 |  0.85
        5149 |  0.97 |  0.79 |  1.01 |  1.32 |  1.07 |  0.96 |  0.85
        5149 |  0.97 |  0.79 |  1.01 |  1.32 |  1.07 |  0.96 |  0.85
        5149 |  0.97 |  0.79 |  1.01 |  1.32 |  1.07 |  0.96 |  0.85
        5149 |  0.97 |  0.79 |  1.01 |  1.32 |  1.07 |  0.96 |  0.85
        5149 |  0.97 |  0.79 |  1.01 |  1.32 |  1.07 |  0.96 |  0.85
        5149 |  0.97 |  0.79 |  1.01 |  1.32 |  1.07 |  0.96 |  0.85
        5149 |  0.97 |  0.79 |  1.01 |  1.32 |  1.07 |  0.96 |  0.85
        5149 |  0.97 |  0.79 |  1.01 |  1.32 |  1.07 |  0.96 |  0.85
        5149 |  0.97 |  0.79 |  1.01 |  1.32 |  1.07 |  0.96 |  0.85
        5149 |  0.97 |  0.79 |  1.01 |  1.32 |  1.07 |  0.96 |  0.85
        5149 |  0.97 |  0.79 |  1.01 |  1.32 |  1.07 |  0.96 |  0.85
        5149 |  0.97 |  0.79 |  1.01 |  1.32 |  1.07 |  0.96 |  0.85
        5149 |  0.97 |  0.79 |  1.01 |  1.32 |  1.07 |  0.96 |  0.85
        5149 |  0.97 |  0.79 |  1.01 |  1.32 |  1.07 |  0.96 |  0.85
        5149 |  0.97 |  0.79 |  1.01 |  1.32 |  1.07 |  0.96 |  0.85
        5149 |  0.97 |  0.79 |  1.01 |  1.32 |  1.07 |  0.96 |  0.85
        5149 |  0.97 |  0.79 |  1.01 |  1.32 |  1.07 |  0.96 |  0.85
        5149 |  0.97 |  0.79 |  1.01 |  1.32 |  1.07 |  0.96 |  0.85
        5149 |  0.97 |  0.79 |  1.01 |  1.32 |  1.07 |  0.96 |  0.85
        5149 |  0.97 |  0.79 |  1.01 |  1.32 |  1.07 |  0.96 |  0.85
        5150 |  0.90 |  1.08 |  1.16 |  0.89 |  0.87 |  1.29 |  1.37
        5150 |  0.90 |  1.08 |  1.16 |  0.89 |  0.87 |  1.29 |  1.37
        5150 |  0.90 |  1.08 |  1.16 |  0.89 |  0.87 |  1.29 |  1.37
        5150 |  0.90 |  1.08 |  1.16 |  0.89 |  0.87 |  1.29 |  1.37
        5150 |  0.90 |  1.08 |  1.16 |  0.89 |  0.87 |  1.29 |  1.37
        5150 |  0.90 |  1.08 |  1.16 |  0.89 |  0.87 |  1.29 |  1.37
        5150 |  0.90 |  1.08 |  1.16 |  0.89 |  0.87 |  1.29 |  1.37
        5150 |  0.90 |  1.08 |  1.16 |  0.89 |  0.87 |  1.29 |  1.37
        5150 |  0.90 |  1.08 |  1.16 |  0.89 |  0.87 |  1.29 |  1.37
        5150 |  0.90 |  1.08 |  1.16 |  0.89 |  0.87 |  1.29 |  1.37
        5150 |  0.90 |  1.08 |  1.16 |  0.89 |  0.87 |  1.29 |  1.37
        5150 |  0.90 |  1.08 |  1.16 |  0.89 |  0.87 |  1.29 |  1.37
        5150 |  0.90 |  1.08 |  1.16 |  0.89 |  0.87 |  1.29 |  1.37
        5150 |  0.90 |  1.08 |  1.16 |  0.89 |  0.87 |  1.29 |  1.37
        5150 |  0.90 |  1.08 |  1.16 |  0.89 |  0.87 |  1.29 |  1.37
        5150 |  0.90 |  1.08 |  1.16 |  0.89 |  0.87 |  1.29 |  1.37
        5150 |  0.90 |  1.08 |  1.16 |  0.89 |  0.87 |  1.29 |  1.37
        5150 |  0.90 |  1.08 |  1.16 |  0.89 |  0.87 |  1.29 |  1.37
        5150 |  0.90 |  1.08 |  1.16 |  0.89 |  0.87 |  1.29 |  1.37
        5150 |  0.90 |  1.08 |  1.16 |  0.89 |  0.87 |  1.29 |  1.37
        5150 |  0.90 |  1.08 |  1.16 |  0.89 |  0.87 |  1.29 |  1.37
        5150 |  0.90 |  1.08 |  1.16 |  0.89 |  0.87 |  1.29 |  1.37
        5150 |  0.90 |  1.08 |  1.16 |  0.89 |  0.87 |  1.29 |  1.37
        5150 |  0.90 |  1.08 |  1.16 |  0.89 |  0.87 |  1.29 |  1.37
        5150 |  0.90 |  1.08 |  1.16 |  0.89 |  0.87 |  1.29 |  1.37
        5150 |  0.90 |  1.08 |  1.16 |  0.89 |  0.87 |  1.29 |  1.37
        5150 |  0.90 |  1.08 |  1.16 |  0.89 |  0.87 |  1.29 |  1.37
        5150 |  0.90 |  1.08 |  1.16 |  0.89 |  0.87 |  1.29 |  1.37
        5150 |  0.90 |  1.08 |  1.16 |  0.89 |  0.87 |  1.29 |  1.37
        5150 |  0.90 |  1.08 |  1.16 |  0.89 |  0.87 |  1.29 |  1.37
        5150 |  0.90 |  1.08 |  1.16 |  0.89 |  0.87 |  1.29 |  1.37
        5150 |  0.90 |  1.08 |  1.16 |  0.89 |  0.87 |  1.29 |  1.37
        5150 |  0.90 |  1.08 |  1.16 |  0.89 |  0.87 |  1.29 |  1.37
        5150 |  0.90 |  1.08 |  1.16 |  0.89 |  0.87 |  1.29 |  1.37
        5150 |  0.90 |  1.08 |  1.16 |  0.89 |  0.87 |  1.29 |  1.37
        5150 |  0.90 |  1.08 |  1.16 |  0.89 |  0.87 |  1.29 |  1.37
        5150 |  0.90 |  1.08 |  1.16 |  0.89 |  0.87 |  1.29 |  1.37
        5150 |  0.90 |  1.08 |  1.16 |  0.89 |  0.87 |  1.29 |  1.37
        5150 |  0.90 |  1.08 |  1.16 |  0.89 |  0.87 |  1.29 |  1.37
        5150 |  0.90 |  1.08 |  1.16 |  0.89 |  0.87 |  1.29 |  1.37
        5150 |  0.90 |  1.08 |  1.16 |  0.89 |  0.87 |  1.29 |  1.37
        5150 |  0.90 |  1.08 |  1.16 |  0.89 |  0.87 |  1.29 |  1.37
        5150 |  0.90 |  1.08 |  1.16 |  0.89 |  0.87 |  1.29 |  1.37
        5150 |  0.90 |  1.08 |  1.16 |  0.89 |  0.87 |  1.29 |  1.37
        5150 |  0.90 |  1.08 |  1.16 |  0.89 |  0.87 |  1.29 |  1.37
        5150 |  0.90 |  1.08 |  1.16 |  0.89 |  0.87 |  1.29 |  1.37
        5150 |  0.90 |  1.08 |  1.16 |  0.89 |  0.87 |  1.29 |  1.37
        5150 |  0.90 |  1.08 |  1.16 |  0.89 |  0.87 |  1.29 |  1.37
        5150 |  0.90 |  1.08 |  1.16 |  0.89 |  0.87 |  1.29 |  1.37
        5151 |  1.32 |  1.02 |  1.20 |  1.30 |  1.03 |  1.17 |  0.86
        5151 |  1.32 |  1.02 |  1.20 |  1.30 |  1.03 |  1.17 |  0.86
        5151 |  1.32 |  1.02 |  1.20 |  1.30 |  1.03 |  1.17 |  0.86
        5151 |  1.32 |  1.02 |  1.20 |  1.30 |  1.03 |  1.17 |  0.86
        5151 |  1.32 |  1.02 |  1.20 |  1.30 |  1.03 |  1.17 |  0.86
        5151 |  1.32 |  1.02 |  1.20 |  1.30 |  1.03 |  1.17 |  0.86
        5151 |  1.32 |  1.02 |  1.20 |  1.30 |  1.03 |  1.17 |  0.86
        5151 |  1.32 |  1.02 |  1.20 |  1.30 |  1.03 |  1.17 |  0.86
        5151 |  1.32 |  1.02 |  1.20 |  1.30 |  1.03 |  1.17 |  0.86
        5151 |  1.32 |  1.02 |  1.20 |  1.30 |  1.03 |  1.17 |  0.86
        5151 |  1.32 |  1.02 |  1.20 |  1.30 |  1.03 |  1.17 |  0.86
        5151 |  1.32 |  1.02 |  1.20 |  1.30 |  1.03 |  1.17 |  0.86
        5151 |  1.32 |  1.02 |  1.20 |  1.30 |  1.03 |  1.17 |  0.86
        5151 |  1.32 |  1.02 |  1.20 |  1.30 |  1.03 |  1.17 |  0.86
        5151 |  1.32 |  1.02 |  1.20 |  1.30 |  1.03 |  1.17 |  0.86
        5151 |  1.32 |  1.02 |  1.20 |  1.30 |  1.03 |  1.17 |  0.86
        5151 |  1.32 |  1.02 |  1.20 |  1.30 |  1.03 |  1.17 |  0.86
        5151 |  1.32 |  1.02 |  1.20 |  1.30 |  1.03 |  1.17 |  0.86
        5151 |  1.32 |  1.02 |  1.20 |  1.30 |  1.03 |  1.17 |  0.86
        5151 |  1.32 |  1.02 |  1.20 |  1.30 |  1.03 |  1.17 |  0.86
        5151 |  1.32 |  1.02 |  1.20 |  1.30 |  1.03 |  1.17 |  0.86
        5151 |  1.32 |  1.02 |  1.20 |  1.30 |  1.03 |  1.17 |  0.86
        5151 |  1.32 |  1.02 |  1.20 |  1.30 |  1.03 |  1.17 |  0.86
        5151 |  1.32 |  1.02 |  1.20 |  1.30 |  1.03 |  1.17 |  0.86
        5151 |  1.32 |  1.02 |  1.20 |  1.30 |  1.03 |  1.17 |  0.86
        5151 |  1.32 |  1.02 |  1.20 |  1.30 |  1.03 |  1.17 |  0.86
        5151 |  1.32 |  1.02 |  1.20 |  1.30 |  1.03 |  1.17 |  0.86
        5151 |  1.32 |  1.02 |  1.20 |  1.30 |  1.03 |  1.17 |  0.86
        5151 |  1.32 |  1.02 |  1.20 |  1.30 |  1.03 |  1.17 |  0.86
        5151 |  1.32 |  1.02 |  1.20 |  1.30 |  1.03 |  1.17 |  0.86
        5151 |  1.32 |  1.02 |  1.20 |  1.30 |  1.03 |  1.17 |  0.86
        5151 |  1.32 |  1.02 |  1.20 |  1.30 |  1.03 |  1.17 |  0.86
        5151 |  1.32 |  1.02 |  1.20 |  1.30 |  1.03 |  1.17 |  0.86
        5151 |  1.32 |  1.02 |  1.20 |  1.30 |  1.03 |  1.17 |  0.86
        5151 |  1.32 |  1.02 |  1.20 |  1.30 |  1.03 |  1.17 |  0.86
        5151 |  1.32 |  1.02 |  1.20 |  1.30 |  1.03 |  1.17 |  0.86
        5151 |  1.32 |  1.02 |  1.20 |  1.30 |  1.03 |  1.17 |  0.86
        5151 |  1.32 |  1.02 |  1.20 |  1.30 |  1.03 |  1.17 |  0.86
        5151 |  1.32 |  1.02 |  1.20 |  1.30 |  1.03 |  1.17 |  0.86
        5151 |  1.32 |  1.02 |  1.20 |  1.30 |  1.03 |  1.17 |  0.86
        5151 |  1.32 |  1.02 |  1.20 |  1.30 |  1.03 |  1.17 |  0.86
        5151 |  1.32 |  1.02 |  1.20 |  1.30 |  1.03 |  1.17 |  0.86
        5151 |  1.32 |  1.02 |  1.20 |  1.30 |  1.03 |  1.17 |  0.86
        5151 |  1.32 |  1.02 |  1.20 |  1.30 |  1.03 |  1.17 |  0.86
        5151 |  1.32 |  1.02 |  1.20 |  1.30 |  1.03 |  1.17 |  0.86
        5151 |  1.32 |  1.02 |  1.20 |  1.30 |  1.03 |  1.17 |  0.86
        5151 |  1.32 |  1.02 |  1.20 |  1.30 |  1.03 |  1.17 |  0.86
        5151 |  1.32 |  1.02 |  1.20 |  1.30 |  1.03 |  1.17 |  0.86
        5151 |  1.32 |  1.02 |  1.20 |  1.30 |  1.03 |  1.17 |  0.86
        5152 |  1.07 |  0.94 |  0.75 |  1.31 |  0.88 |  0.84 |  1.07
        5152 |  1.07 |  0.94 |  0.75 |  1.31 |  0.88 |  0.84 |  1.07
        5152 |  1.07 |  0.94 |  0.75 |  1.31 |  0.88 |  0.84 |  1.07
        5152 |  1.07 |  0.94 |  0.75 |  1.31 |  0.88 |  0.84 |  1.07
        5152 |  1.07 |  0.94 |  0.75 |  1.31 |  0.88 |  0.84 |  1.07
        5152 |  1.07 |  0.94 |  0.75 |  1.31 |  0.88 |  0.84 |  1.07
        5152 |  1.07 |  0.94 |  0.75 |  1.31 |  0.88 |  0.84 |  1.07
        5152 |  1.07 |  0.94 |  0.75 |  1.31 |  0.88 |  0.84 |  1.07
        5152 |  1.07 |  0.94 |  0.75 |  1.31 |  0.88 |  0.84 |  1.07
        5152 |  1.07 |  0.94 |  0.75 |  1.31 |  0.88 |  0.84 |  1.07
        5152 |  1.07 |  0.94 |  0.75 |  1.31 |  0.88 |  0.84 |  1.07
        5152 |  1.07 |  0.94 |  0.75 |  1.31 |  0.88 |  0.84 |  1.07
        5152 |  1.07 |  0.94 |  0.75 |  1.31 |  0.88 |  0.84 |  1.07
        5152 |  1.07 |  0.94 |  0.75 |  1.31 |  0.88 |  0.84 |  1.07
        5152 |  1.07 |  0.94 |  0.75 |  1.31 |  0.88 |  0.84 |  1.07
        5152 |  1.07 |  0.94 |  0.75 |  1.31 |  0.88 |  0.84 |  1.07
        5152 |  1.07 |  0.94 |  0.75 |  1.31 |  0.88 |  0.84 |  1.07
        5152 |  1.07 |  0.94 |  0.75 |  1.31 |  0.88 |  0.84 |  1.07
        5152 |  1.07 |  0.94 |  0.75 |  1.31 |  0.88 |  0.84 |  1.07
        5152 |  1.07 |  0.94 |  0.75 |  1.31 |  0.88 |  0.84 |  1.07
        5152 |  1.07 |  0.94 |  0.75 |  1.31 |  0.88 |  0.84 |  1.07
        5152 |  1.07 |  0.94 |  0.75 |  1.31 |  0.88 |  0.84 |  1.07
        5152 |  1.07 |  0.94 |  0.75 |  1.31 |  0.88 |  0.84 |  1.07
        5152 |  1.07 |  0.94 |  0.75 |  1.31 |  0.88 |  0.84 |  1.07
        5152 |  1.07 |  0.94 |  0.75 |  1.31 |  0.88 |  0.84 |  1.07
        5152 |  1.07 |  0.94 |  0.75 |  1.31 |  0.88 |  0.84 |  1.07
        5152 |  1.07 |  0.94 |  0.75 |  1.31 |  0.88 |  0.84 |  1.07
        5152 |  1.07 |  0.94 |  0.75 |  1.31 |  0.88 |  0.84 |  1.07
        5152 |  1.07 |  0.94 |  0.75 |  1.31 |  0.88 |  0.84 |  1.07
        5152 |  1.07 |  0.94 |  0.75 |  1.31 |  0.88 |  0.84 |  1.07
        5152 |  1.07 |  0.94 |  0.75 |  1.31 |  0.88 |  0.84 |  1.07
        5152 |  1.07 |  0.94 |  0.75 |  1.31 |  0.88 |  0.84 |  1.07
        5152 |  1.07 |  0.94 |  0.75 |  1.31 |  0.88 |  0.84 |  1.07
        5152 |  1.07 |  0.94 |  0.75 |  1.31 |  0.88 |  0.84 |  1.07
        5152 |  1.07 |  0.94 |  0.75 |  1.31 |  0.88 |  0.84 |  1.07
        5152 |  1.07 |  0.94 |  0.75 |  1.31 |  0.88 |  0.84 |  1.07
        5152 |  1.07 |  0.94 |  0.75 |  1.31 |  0.88 |  0.84 |  1.07
        5152 |  1.07 |  0.94 |  0.75 |  1.31 |  0.88 |  0.84 |  1.07
        5152 |  1.07 |  0.94 |  0.75 |  1.31 |  0.88 |  0.84 |  1.07
        5152 |  1.07 |  0.94 |  0.75 |  1.31 |  0.88 |  0.84 |  1.07
        5152 |  1.07 |  0.94 |  0.75 |  1.31 |  0.88 |  0.84 |  1.07
        5152 |  1.07 |  0.94 |  0.75 |  1.31 |  0.88 |  0.84 |  1.07
        5152 |  1.07 |  0.94 |  0.75 |  1.31 |  0.88 |  0.84 |  1.07
        5152 |  1.07 |  0.94 |  0.75 |  1.31 |  0.88 |  0.84 |  1.07
        5152 |  1.07 |  0.94 |  0.75 |  1.31 |  0.88 |  0.84 |  1.07
        5152 |  1.07 |  0.94 |  0.75 |  1.31 |  0.88 |  0.84 |  1.07
        5152 |  1.07 |  0.94 |  0.75 |  1.31 |  0.88 |  0.84 |  1.07
        5152 |  1.07 |  0.94 |  0.75 |  1.31 |  0.88 |  0.84 |  1.07
        5152 |  1.07 |  0.94 |  0.75 |  1.31 |  0.88 |  0.84 |  1.07
        5153 |  1.05 |  0.89 |  1.05 |  1.38 |  1.02 |  1.10 |  0.96
        5153 |  1.05 |  0.89 |  1.05 |  1.38 |  1.02 |  1.10 |  0.96
        5153 |  1.05 |  0.89 |  1.05 |  1.38 |  1.02 |  1.10 |  0.96
        5153 |  1.05 |  0.89 |  1.05 |  1.38 |  1.02 |  1.10 |  0.96
        5153 |  1.05 |  0.89 |  1.05 |  1.38 |  1.02 |  1.10 |  0.96
        5153 |  1.05 |  0.89 |  1.05 |  1.38 |  1.02 |  1.10 |  0.96
        5153 |  1.05 |  0.89 |  1.05 |  1.38 |  1.02 |  1.10 |  0.96
        5153 |  1.05 |  0.89 |  1.05 |  1.38 |  1.02 |  1.10 |  0.96
        5153 |  1.05 |  0.89 |  1.05 |  1.38 |  1.02 |  1.10 |  0.96
        5153 |  1.05 |  0.89 |  1.05 |  1.38 |  1.02 |  1.10 |  0.96
        5153 |  1.05 |  0.89 |  1.05 |  1.38 |  1.02 |  1.10 |  0.96
        5153 |  1.05 |  0.89 |  1.05 |  1.38 |  1.02 |  1.10 |  0.96
        5153 |  1.05 |  0.89 |  1.05 |  1.38 |  1.02 |  1.10 |  0.96
        5153 |  1.05 |  0.89 |  1.05 |  1.38 |  1.02 |  1.10 |  0.96
        5153 |  1.05 |  0.89 |  1.05 |  1.38 |  1.02 |  1.10 |  0.96
        5153 |  1.05 |  0.89 |  1.05 |  1.38 |  1.02 |  1.10 |  0.96
        5153 |  1.05 |  0.89 |  1.05 |  1.38 |  1.02 |  1.10 |  0.96
        5153 |  1.05 |  0.89 |  1.05 |  1.38 |  1.02 |  1.10 |  0.96
        5153 |  1.05 |  0.89 |  1.05 |  1.38 |  1.02 |  1.10 |  0.96
        5153 |  1.05 |  0.89 |  1.05 |  1.38 |  1.02 |  1.10 |  0.96
        5153 |  1.05 |  0.89 |  1.05 |  1.38 |  1.02 |  1.10 |  0.96
        5153 |  1.05 |  0.89 |  1.05 |  1.38 |  1.02 |  1.10 |  0.96
        5153 |  1.05 |  0.89 |  1.05 |  1.38 |  1.02 |  1.10 |  0.96
        5153 |  1.05 |  0.89 |  1.05 |  1.38 |  1.02 |  1.10 |  0.96
        5153 |  1.05 |  0.89 |  1.05 |  1.38 |  1.02 |  1.10 |  0.96
        5153 |  1.05 |  0.89 |  1.05 |  1.38 |  1.02 |  1.10 |  0.96
        5153 |  1.05 |  0.89 |  1.05 |  1.38 |  1.02 |  1.10 |  0.96
        5153 |  1.05 |  0.89 |  1.05 |  1.38 |  1.02 |  1.10 |  0.96
        5153 |  1.05 |  0.89 |  1.05 |  1.38 |  1.02 |  1.10 |  0.96
        5153 |  1.05 |  0.89 |  1.05 |  1.38 |  1.02 |  1.10 |  0.96
        5153 |  1.05 |  0.89 |  1.05 |  1.38 |  1.02 |  1.10 |  0.96
        5153 |  1.05 |  0.89 |  1.05 |  1.38 |  1.02 |  1.10 |  0.96
        5153 |  1.05 |  0.89 |  1.05 |  1.38 |  1.02 |  1.10 |  0.96
        5153 |  1.05 |  0.89 |  1.05 |  1.38 |  1.02 |  1.10 |  0.96
        5153 |  1.05 |  0.89 |  1.05 |  1.38 |  1.02 |  1.10 |  0.96
        5153 |  1.05 |  0.89 |  1.05 |  1.38 |  1.02 |  1.10 |  0.96
        5153 |  1.05 |  0.89 |  1.05 |  1.38 |  1.02 |  1.10 |  0.96
        5153 |  1.05 |  0.89 |  1.05 |  1.38 |  1.02 |  1.10 |  0.96
        5153 |  1.05 |  0.89 |  1.05 |  1.38 |  1.02 |  1.10 |  0.96
        5153 |  1.05 |  0.89 |  1.05 |  1.38 |  1.02 |  1.10 |  0.96
        5153 |  1.05 |  0.89 |  1.05 |  1.38 |  1.02 |  1.10 |  0.96
        5153 |  1.05 |  0.89 |  1.05 |  1.38 |  1.02 |  1.10 |  0.96
        5153 |  1.05 |  0.89 |  1.05 |  1.38 |  1.02 |  1.10 |  0.96
        5153 |  1.05 |  0.89 |  1.05 |  1.38 |  1.02 |  1.10 |  0.96
        5153 |  1.05 |  0.89 |  1.05 |  1.38 |  1.02 |  1.10 |  0.96
        5153 |  1.05 |  0.89 |  1.05 |  1.38 |  1.02 |  1.10 |  0.96
        5153 |  1.05 |  0.89 |  1.05 |  1.38 |  1.02 |  1.10 |  0.96
        5153 |  1.05 |  0.89 |  1.05 |  1.38 |  1.02 |  1.10 |  0.96
        5153 |  1.05 |  0.89 |  1.05 |  1.38 |  1.02 |  1.10 |  0.96
        5154 |  0.67 |  1.26 |  0.89 |  0.79 |  1.33 |  0.92 |  0.74
        5154 |  0.67 |  1.26 |  0.89 |  0.79 |  1.33 |  0.92 |  0.74
        5154 |  0.67 |  1.26 |  0.89 |  0.79 |  1.33 |  0.92 |  0.74
        5154 |  0.67 |  1.26 |  0.89 |  0.79 |  1.33 |  0.92 |  0.74
        5154 |  0.67 |  1.26 |  0.89 |  0.79 |  1.33 |  0.92 |  0.74
        5154 |  0.67 |  1.26 |  0.89 |  0.79 |  1.33 |  0.92 |  0.74
        5154 |  0.67 |  1.26 |  0.89 |  0.79 |  1.33 |  0.92 |  0.74
        5154 |  0.67 |  1.26 |  0.89 |  0.79 |  1.33 |  0.92 |  0.74
        5154 |  0.67 |  1.26 |  0.89 |  0.79 |  1.33 |  0.92 |  0.74
        5154 |  0.67 |  1.26 |  0.89 |  0.79 |  1.33 |  0.92 |  0.74
        5154 |  0.67 |  1.26 |  0.89 |  0.79 |  1.33 |  0.92 |  0.74
        5154 |  0.67 |  1.26 |  0.89 |  0.79 |  1.33 |  0.92 |  0.74
        5154 |  0.67 |  1.26 |  0.89 |  0.79 |  1.33 |  0.92 |  0.74
        5154 |  0.67 |  1.26 |  0.89 |  0.79 |  1.33 |  0.92 |  0.74
        5154 |  0.67 |  1.26 |  0.89 |  0.79 |  1.33 |  0.92 |  0.74
        5154 |  0.67 |  1.26 |  0.89 |  0.79 |  1.33 |  0.92 |  0.74
        5154 |  0.67 |  1.26 |  0.89 |  0.79 |  1.33 |  0.92 |  0.74
        5154 |  0.67 |  1.26 |  0.89 |  0.79 |  1.33 |  0.92 |  0.74
        5154 |  0.67 |  1.26 |  0.89 |  0.79 |  1.33 |  0.92 |  0.74
        5154 |  0.67 |  1.26 |  0.89 |  0.79 |  1.33 |  0.92 |  0.74
        5154 |  0.67 |  1.26 |  0.89 |  0.79 |  1.33 |  0.92 |  0.74
        5154 |  0.67 |  1.26 |  0.89 |  0.79 |  1.33 |  0.92 |  0.74
        5154 |  0.67 |  1.26 |  0.89 |  0.79 |  1.33 |  0.92 |  0.74
        5154 |  0.67 |  1.26 |  0.89 |  0.79 |  1.33 |  0.92 |  0.74
        5154 |  0.67 |  1.26 |  0.89 |  0.79 |  1.33 |  0.92 |  0.74
        5154 |  0.67 |  1.26 |  0.89 |  0.79 |  1.33 |  0.92 |  0.74
        5154 |  0.67 |  1.26 |  0.89 |  0.79 |  1.33 |  0.92 |  0.74
        5154 |  0.67 |  1.26 |  0.89 |  0.79 |  1.33 |  0.92 |  0.74
        5154 |  0.67 |  1.26 |  0.89 |  0.79 |  1.33 |  0.92 |  0.74
        5154 |  0.67 |  1.26 |  0.89 |  0.79 |  1.33 |  0.92 |  0.74
        5154 |  0.67 |  1.26 |  0.89 |  0.79 |  1.33 |  0.92 |  0.74
        5154 |  0.67 |  1.26 |  0.89 |  0.79 |  1.33 |  0.92 |  0.74
        5154 |  0.67 |  1.26 |  0.89 |  0.79 |  1.33 |  0.92 |  0.74
        5154 |  0.67 |  1.26 |  0.89 |  0.79 |  1.33 |  0.92 |  0.74
        5154 |  0.67 |  1.26 |  0.89 |  0.79 |  1.33 |  0.92 |  0.74
        5154 |  0.67 |  1.26 |  0.89 |  0.79 |  1.33 |  0.92 |  0.74
        5154 |  0.67 |  1.26 |  0.89 |  0.79 |  1.33 |  0.92 |  0.74
        5154 |  0.67 |  1.26 |  0.89 |  0.79 |  1.33 |  0.92 |  0.74
        5154 |  0.67 |  1.26 |  0.89 |  0.79 |  1.33 |  0.92 |  0.74
        5154 |  0.67 |  1.26 |  0.89 |  0.79 |  1.33 |  0.92 |  0.74
        5154 |  0.67 |  1.26 |  0.89 |  0.79 |  1.33 |  0.92 |  0.74
        5154 |  0.67 |  1.26 |  0.89 |  0.79 |  1.33 |  0.92 |  0.74
        5154 |  0.67 |  1.26 |  0.89 |  0.79 |  1.33 |  0.92 |  0.74
        5154 |  0.67 |  1.26 |  0.89 |  0.79 |  1.33 |  0.92 |  0.74
        5154 |  0.67 |  1.26 |  0.89 |  0.79 |  1.33 |  0.92 |  0.74
        5154 |  0.67 |  1.26 |  0.89 |  0.79 |  1.33 |  0.92 |  0.74
        5154 |  0.67 |  1.26 |  0.89 |  0.79 |  1.33 |  0.92 |  0.74
        5154 |  0.67 |  1.26 |  0.89 |  0.79 |  1.33 |  0.92 |  0.74
        5154 |  0.67 |  1.26 |  0.89 |  0.79 |  1.33 |  0.92 |  0.74
        5155 |  0.74 |  0.98 |  1.04 |  0.93 |  0.84 |  1.15 |  0.82
        5155 |  0.74 |  0.98 |  1.04 |  0.93 |  0.84 |  1.15 |  0.82
        5155 |  0.74 |  0.98 |  1.04 |  0.93 |  0.84 |  1.15 |  0.82
        5155 |  0.74 |  0.98 |  1.04 |  0.93 |  0.84 |  1.15 |  0.82
        5155 |  0.74 |  0.98 |  1.04 |  0.93 |  0.84 |  1.15 |  0.82
        5155 |  0.74 |  0.98 |  1.04 |  0.93 |  0.84 |  1.15 |  0.82
        5155 |  0.74 |  0.98 |  1.04 |  0.93 |  0.84 |  1.15 |  0.82
        5155 |  0.74 |  0.98 |  1.04 |  0.93 |  0.84 |  1.15 |  0.82
        5155 |  0.74 |  0.98 |  1.04 |  0.93 |  0.84 |  1.15 |  0.82
        5155 |  0.74 |  0.98 |  1.04 |  0.93 |  0.84 |  1.15 |  0.82
        5155 |  0.74 |  0.98 |  1.04 |  0.93 |  0.84 |  1.15 |  0.82
        5155 |  0.74 |  0.98 |  1.04 |  0.93 |  0.84 |  1.15 |  0.82
        5155 |  0.74 |  0.98 |  1.04 |  0.93 |  0.84 |  1.15 |  0.82
        5155 |  0.74 |  0.98 |  1.04 |  0.93 |  0.84 |  1.15 |  0.82
        5155 |  0.74 |  0.98 |  1.04 |  0.93 |  0.84 |  1.15 |  0.82
        5155 |  0.74 |  0.98 |  1.04 |  0.93 |  0.84 |  1.15 |  0.82
        5155 |  0.74 |  0.98 |  1.04 |  0.93 |  0.84 |  1.15 |  0.82
        5155 |  0.74 |  0.98 |  1.04 |  0.93 |  0.84 |  1.15 |  0.82
        5155 |  0.74 |  0.98 |  1.04 |  0.93 |  0.84 |  1.15 |  0.82
        5155 |  0.74 |  0.98 |  1.04 |  0.93 |  0.84 |  1.15 |  0.82
        5155 |  0.74 |  0.98 |  1.04 |  0.93 |  0.84 |  1.15 |  0.82
        5155 |  0.74 |  0.98 |  1.04 |  0.93 |  0.84 |  1.15 |  0.82
        5155 |  0.74 |  0.98 |  1.04 |  0.93 |  0.84 |  1.15 |  0.82
        5155 |  0.74 |  0.98 |  1.04 |  0.93 |  0.84 |  1.15 |  0.82
        5155 |  0.74 |  0.98 |  1.04 |  0.93 |  0.84 |  1.15 |  0.82
        5155 |  0.74 |  0.98 |  1.04 |  0.93 |  0.84 |  1.15 |  0.82
        5155 |  0.74 |  0.98 |  1.04 |  0.93 |  0.84 |  1.15 |  0.82
        5155 |  0.74 |  0.98 |  1.04 |  0.93 |  0.84 |  1.15 |  0.82
        5155 |  0.74 |  0.98 |  1.04 |  0.93 |  0.84 |  1.15 |  0.82
        5155 |  0.74 |  0.98 |  1.04 |  0.93 |  0.84 |  1.15 |  0.82
        5155 |  0.74 |  0.98 |  1.04 |  0.93 |  0.84 |  1.15 |  0.82
        5155 |  0.74 |  0.98 |  1.04 |  0.93 |  0.84 |  1.15 |  0.82
        5155 |  0.74 |  0.98 |  1.04 |  0.93 |  0.84 |  1.15 |  0.82
        5155 |  0.74 |  0.98 |  1.04 |  0.93 |  0.84 |  1.15 |  0.82
        5155 |  0.74 |  0.98 |  1.04 |  0.93 |  0.84 |  1.15 |  0.82
        5155 |  0.74 |  0.98 |  1.04 |  0.93 |  0.84 |  1.15 |  0.82
        5155 |  0.74 |  0.98 |  1.04 |  0.93 |  0.84 |  1.15 |  0.82
        5155 |  0.74 |  0.98 |  1.04 |  0.93 |  0.84 |  1.15 |  0.82
        5155 |  0.74 |  0.98 |  1.04 |  0.93 |  0.84 |  1.15 |  0.82
        5155 |  0.74 |  0.98 |  1.04 |  0.93 |  0.84 |  1.15 |  0.82
        5155 |  0.74 |  0.98 |  1.04 |  0.93 |  0.84 |  1.15 |  0.82
        5155 |  0.74 |  0.98 |  1.04 |  0.93 |  0.84 |  1.15 |  0.82
        5155 |  0.74 |  0.98 |  1.04 |  0.93 |  0.84 |  1.15 |  0.82
        5155 |  0.74 |  0.98 |  1.04 |  0.93 |  0.84 |  1.15 |  0.82
        5155 |  0.74 |  0.98 |  1.04 |  0.93 |  0.84 |  1.15 |  0.82
        5155 |  0.74 |  0.98 |  1.04 |  0.93 |  0.84 |  1.15 |  0.82
        5155 |  0.74 |  0.98 |  1.04 |  0.93 |  0.84 |  1.15 |  0.82
        5155 |  0.74 |  0.98 |  1.04 |  0.93 |  0.84 |  1.15 |  0.82
        5155 |  0.74 |  0.98 |  1.04 |  0.93 |  0.84 |  1.15 |  0.82
        5156 |  1.05 |  1.08 |  1.32 |  0.92 |  0.71 |  0.95 |  1.10
        5156 |  1.05 |  1.08 |  1.32 |  0.92 |  0.71 |  0.95 |  1.10
        5156 |  1.05 |  1.08 |  1.32 |  0.92 |  0.71 |  0.95 |  1.10
        5156 |  1.05 |  1.08 |  1.32 |  0.92 |  0.71 |  0.95 |  1.10
        5156 |  1.05 |  1.08 |  1.32 |  0.92 |  0.71 |  0.95 |  1.10
        5156 |  1.05 |  1.08 |  1.32 |  0.92 |  0.71 |  0.95 |  1.10
        5156 |  1.05 |  1.08 |  1.32 |  0.92 |  0.71 |  0.95 |  1.10
        5156 |  1.05 |  1.08 |  1.32 |  0.92 |  0.71 |  0.95 |  1.10
        5156 |  1.05 |  1.08 |  1.32 |  0.92 |  0.71 |  0.95 |  1.10
        5156 |  1.05 |  1.08 |  1.32 |  0.92 |  0.71 |  0.95 |  1.10
        5156 |  1.05 |  1.08 |  1.32 |  0.92 |  0.71 |  0.95 |  1.10
        5156 |  1.05 |  1.08 |  1.32 |  0.92 |  0.71 |  0.95 |  1.10
        5156 |  1.05 |  1.08 |  1.32 |  0.92 |  0.71 |  0.95 |  1.10
        5156 |  1.05 |  1.08 |  1.32 |  0.92 |  0.71 |  0.95 |  1.10
        5156 |  1.05 |  1.08 |  1.32 |  0.92 |  0.71 |  0.95 |  1.10
        5156 |  1.05 |  1.08 |  1.32 |  0.92 |  0.71 |  0.95 |  1.10
        5156 |  1.05 |  1.08 |  1.32 |  0.92 |  0.71 |  0.95 |  1.10
        5156 |  1.05 |  1.08 |  1.32 |  0.92 |  0.71 |  0.95 |  1.10
        5156 |  1.05 |  1.08 |  1.32 |  0.92 |  0.71 |  0.95 |  1.10
        5156 |  1.05 |  1.08 |  1.32 |  0.92 |  0.71 |  0.95 |  1.10
        5156 |  1.05 |  1.08 |  1.32 |  0.92 |  0.71 |  0.95 |  1.10
        5156 |  1.05 |  1.08 |  1.32 |  0.92 |  0.71 |  0.95 |  1.10
        5156 |  1.05 |  1.08 |  1.32 |  0.92 |  0.71 |  0.95 |  1.10
        5156 |  1.05 |  1.08 |  1.32 |  0.92 |  0.71 |  0.95 |  1.10
        5156 |  1.05 |  1.08 |  1.32 |  0.92 |  0.71 |  0.95 |  1.10
        5156 |  1.05 |  1.08 |  1.32 |  0.92 |  0.71 |  0.95 |  1.10
        5156 |  1.05 |  1.08 |  1.32 |  0.92 |  0.71 |  0.95 |  1.10
        5156 |  1.05 |  1.08 |  1.32 |  0.92 |  0.71 |  0.95 |  1.10
        5156 |  1.05 |  1.08 |  1.32 |  0.92 |  0.71 |  0.95 |  1.10
        5156 |  1.05 |  1.08 |  1.32 |  0.92 |  0.71 |  0.95 |  1.10
        5156 |  1.05 |  1.08 |  1.32 |  0.92 |  0.71 |  0.95 |  1.10
        5156 |  1.05 |  1.08 |  1.32 |  0.92 |  0.71 |  0.95 |  1.10
        5156 |  1.05 |  1.08 |  1.32 |  0.92 |  0.71 |  0.95 |  1.10
        5156 |  1.05 |  1.08 |  1.32 |  0.92 |  0.71 |  0.95 |  1.10
        5156 |  1.05 |  1.08 |  1.32 |  0.92 |  0.71 |  0.95 |  1.10
        5156 |  1.05 |  1.08 |  1.32 |  0.92 |  0.71 |  0.95 |  1.10
        5156 |  1.05 |  1.08 |  1.32 |  0.92 |  0.71 |  0.95 |  1.10
        5156 |  1.05 |  1.08 |  1.32 |  0.92 |  0.71 |  0.95 |  1.10
        5156 |  1.05 |  1.08 |  1.32 |  0.92 |  0.71 |  0.95 |  1.10
        5156 |  1.05 |  1.08 |  1.32 |  0.92 |  0.71 |  0.95 |  1.10
        5156 |  1.05 |  1.08 |  1.32 |  0.92 |  0.71 |  0.95 |  1.10
        5156 |  1.05 |  1.08 |  1.32 |  0.92 |  0.71 |  0.95 |  1.10
        5156 |  1.05 |  1.08 |  1.32 |  0.92 |  0.71 |  0.95 |  1.10
        5156 |  1.05 |  1.08 |  1.32 |  0.92 |  0.71 |  0.95 |  1.10
        5156 |  1.05 |  1.08 |  1.32 |  0.92 |  0.71 |  0.95 |  1.10
        5156 |  1.05 |  1.08 |  1.32 |  0.92 |  0.71 |  0.95 |  1.10
        5156 |  1.05 |  1.08 |  1.32 |  0.92 |  0.71 |  0.95 |  1.10
        5156 |  1.05 |  1.08 |  1.32 |  0.92 |  0.71 |  0.95 |  1.10
        5156 |  1.05 |  1.08 |  1.32 |  0.92 |  0.71 |  0.95 |  1.10
        5157 |  0.96 |  1.09 |  0.73 |  0.58 |  0.69 |  0.73 |  0.59
        5157 |  0.96 |  1.09 |  0.73 |  0.58 |  0.69 |  0.73 |  0.59
        5157 |  0.96 |  1.09 |  0.73 |  0.58 |  0.69 |  0.73 |  0.59
        5157 |  0.96 |  1.09 |  0.73 |  0.58 |  0.69 |  0.73 |  0.59
        5157 |  0.96 |  1.09 |  0.73 |  0.58 |  0.69 |  0.73 |  0.59
        5157 |  0.96 |  1.09 |  0.73 |  0.58 |  0.69 |  0.73 |  0.59
        5157 |  0.96 |  1.09 |  0.73 |  0.58 |  0.69 |  0.73 |  0.59
        5157 |  0.96 |  1.09 |  0.73 |  0.58 |  0.69 |  0.73 |  0.59
        5157 |  0.96 |  1.09 |  0.73 |  0.58 |  0.69 |  0.73 |  0.59
        5157 |  0.96 |  1.09 |  0.73 |  0.58 |  0.69 |  0.73 |  0.59
        5157 |  0.96 |  1.09 |  0.73 |  0.58 |  0.69 |  0.73 |  0.59
        5157 |  0.96 |  1.09 |  0.73 |  0.58 |  0.69 |  0.73 |  0.59
        5157 |  0.96 |  1.09 |  0.73 |  0.58 |  0.69 |  0.73 |  0.59
        5157 |  0.96 |  1.09 |  0.73 |  0.58 |  0.69 |  0.73 |  0.59
        5157 |  0.96 |  1.09 |  0.73 |  0.58 |  0.69 |  0.73 |  0.59
        5157 |  0.96 |  1.09 |  0.73 |  0.58 |  0.69 |  0.73 |  0.59
        5157 |  0.96 |  1.09 |  0.73 |  0.58 |  0.69 |  0.73 |  0.59
        5157 |  0.96 |  1.09 |  0.73 |  0.58 |  0.69 |  0.73 |  0.59
        5157 |  0.96 |  1.09 |  0.73 |  0.58 |  0.69 |  0.73 |  0.59
        5157 |  0.96 |  1.09 |  0.73 |  0.58 |  0.69 |  0.73 |  0.59
        5157 |  0.96 |  1.09 |  0.73 |  0.58 |  0.69 |  0.73 |  0.59
        5157 |  0.96 |  1.09 |  0.73 |  0.58 |  0.69 |  0.73 |  0.59
        5157 |  0.96 |  1.09 |  0.73 |  0.58 |  0.69 |  0.73 |  0.59
        5157 |  0.96 |  1.09 |  0.73 |  0.58 |  0.69 |  0.73 |  0.59
        5157 |  0.96 |  1.09 |  0.73 |  0.58 |  0.69 |  0.73 |  0.59
        5157 |  0.96 |  1.09 |  0.73 |  0.58 |  0.69 |  0.73 |  0.59
        5157 |  0.96 |  1.09 |  0.73 |  0.58 |  0.69 |  0.73 |  0.59
        5157 |  0.96 |  1.09 |  0.73 |  0.58 |  0.69 |  0.73 |  0.59
        5157 |  0.96 |  1.09 |  0.73 |  0.58 |  0.69 |  0.73 |  0.59
        5157 |  0.96 |  1.09 |  0.73 |  0.58 |  0.69 |  0.73 |  0.59
        5157 |  0.96 |  1.09 |  0.73 |  0.58 |  0.69 |  0.73 |  0.59
        5157 |  0.96 |  1.09 |  0.73 |  0.58 |  0.69 |  0.73 |  0.59
        5157 |  0.96 |  1.09 |  0.73 |  0.58 |  0.69 |  0.73 |  0.59
        5157 |  0.96 |  1.09 |  0.73 |  0.58 |  0.69 |  0.73 |  0.59
        5157 |  0.96 |  1.09 |  0.73 |  0.58 |  0.69 |  0.73 |  0.59
        5157 |  0.96 |  1.09 |  0.73 |  0.58 |  0.69 |  0.73 |  0.59
        5157 |  0.96 |  1.09 |  0.73 |  0.58 |  0.69 |  0.73 |  0.59
        5157 |  0.96 |  1.09 |  0.73 |  0.58 |  0.69 |  0.73 |  0.59
        5157 |  0.96 |  1.09 |  0.73 |  0.58 |  0.69 |  0.73 |  0.59
        5157 |  0.96 |  1.09 |  0.73 |  0.58 |  0.69 |  0.73 |  0.59
        5157 |  0.96 |  1.09 |  0.73 |  0.58 |  0.69 |  0.73 |  0.59
        5157 |  0.96 |  1.09 |  0.73 |  0.58 |  0.69 |  0.73 |  0.59
        5157 |  0.96 |  1.09 |  0.73 |  0.58 |  0.69 |  0.73 |  0.59
        5157 |  0.96 |  1.09 |  0.73 |  0.58 |  0.69 |  0.73 |  0.59
        5157 |  0.96 |  1.09 |  0.73 |  0.58 |  0.69 |  0.73 |  0.59
        5157 |  0.96 |  1.09 |  0.73 |  0.58 |  0.69 |  0.73 |  0.59
        5157 |  0.96 |  1.09 |  0.73 |  0.58 |  0.69 |  0.73 |  0.59
        5157 |  0.96 |  1.09 |  0.73 |  0.58 |  0.69 |  0.73 |  0.59
        5157 |  0.96 |  1.09 |  0.73 |  0.58 |  0.69 |  0.73 |  0.59
        5158 |  0.99 |  1.04 |  1.03 |  1.24 |  1.00 |  0.96 |  1.05
        5158 |  0.99 |  1.04 |  1.03 |  1.24 |  1.00 |  0.96 |  1.05
        5158 |  0.99 |  1.04 |  1.03 |  1.24 |  1.00 |  0.96 |  1.05
        5158 |  0.99 |  1.04 |  1.03 |  1.24 |  1.00 |  0.96 |  1.05
        5158 |  0.99 |  1.04 |  1.03 |  1.24 |  1.00 |  0.96 |  1.05
        5158 |  0.99 |  1.04 |  1.03 |  1.24 |  1.00 |  0.96 |  1.05
        5158 |  0.99 |  1.04 |  1.03 |  1.24 |  1.00 |  0.96 |  1.05
        5158 |  0.99 |  1.04 |  1.03 |  1.24 |  1.00 |  0.96 |  1.05
        5158 |  0.99 |  1.04 |  1.03 |  1.24 |  1.00 |  0.96 |  1.05
        5158 |  0.99 |  1.04 |  1.03 |  1.24 |  1.00 |  0.96 |  1.05
        5158 |  0.99 |  1.04 |  1.03 |  1.24 |  1.00 |  0.96 |  1.05
        5158 |  0.99 |  1.04 |  1.03 |  1.24 |  1.00 |  0.96 |  1.05
        5158 |  0.99 |  1.04 |  1.03 |  1.24 |  1.00 |  0.96 |  1.05
        5158 |  0.99 |  1.04 |  1.03 |  1.24 |  1.00 |  0.96 |  1.05
        5158 |  0.99 |  1.04 |  1.03 |  1.24 |  1.00 |  0.96 |  1.05
        5158 |  0.99 |  1.04 |  1.03 |  1.24 |  1.00 |  0.96 |  1.05
        5158 |  0.99 |  1.04 |  1.03 |  1.24 |  1.00 |  0.96 |  1.05
        5158 |  0.99 |  1.04 |  1.03 |  1.24 |  1.00 |  0.96 |  1.05
        5158 |  0.99 |  1.04 |  1.03 |  1.24 |  1.00 |  0.96 |  1.05
        5158 |  0.99 |  1.04 |  1.03 |  1.24 |  1.00 |  0.96 |  1.05
        5158 |  0.99 |  1.04 |  1.03 |  1.24 |  1.00 |  0.96 |  1.05
        5158 |  0.99 |  1.04 |  1.03 |  1.24 |  1.00 |  0.96 |  1.05
        5158 |  0.99 |  1.04 |  1.03 |  1.24 |  1.00 |  0.96 |  1.05
        5158 |  0.99 |  1.04 |  1.03 |  1.24 |  1.00 |  0.96 |  1.05
        5158 |  0.99 |  1.04 |  1.03 |  1.24 |  1.00 |  0.96 |  1.05
        5158 |  0.99 |  1.04 |  1.03 |  1.24 |  1.00 |  0.96 |  1.05
        5158 |  0.99 |  1.04 |  1.03 |  1.24 |  1.00 |  0.96 |  1.05
        5158 |  0.99 |  1.04 |  1.03 |  1.24 |  1.00 |  0.96 |  1.05
        5158 |  0.99 |  1.04 |  1.03 |  1.24 |  1.00 |  0.96 |  1.05
        5158 |  0.99 |  1.04 |  1.03 |  1.24 |  1.00 |  0.96 |  1.05
        5158 |  0.99 |  1.04 |  1.03 |  1.24 |  1.00 |  0.96 |  1.05
        5158 |  0.99 |  1.04 |  1.03 |  1.24 |  1.00 |  0.96 |  1.05
        5158 |  0.99 |  1.04 |  1.03 |  1.24 |  1.00 |  0.96 |  1.05
        5158 |  0.99 |  1.04 |  1.03 |  1.24 |  1.00 |  0.96 |  1.05
        5158 |  0.99 |  1.04 |  1.03 |  1.24 |  1.00 |  0.96 |  1.05
        5158 |  0.99 |  1.04 |  1.03 |  1.24 |  1.00 |  0.96 |  1.05
        5158 |  0.99 |  1.04 |  1.03 |  1.24 |  1.00 |  0.96 |  1.05
        5158 |  0.99 |  1.04 |  1.03 |  1.24 |  1.00 |  0.96 |  1.05
        5158 |  0.99 |  1.04 |  1.03 |  1.24 |  1.00 |  0.96 |  1.05
        5158 |  0.99 |  1.04 |  1.03 |  1.24 |  1.00 |  0.96 |  1.05
        5158 |  0.99 |  1.04 |  1.03 |  1.24 |  1.00 |  0.96 |  1.05
        5158 |  0.99 |  1.04 |  1.03 |  1.24 |  1.00 |  0.96 |  1.05
        5158 |  0.99 |  1.04 |  1.03 |  1.24 |  1.00 |  0.96 |  1.05
        5158 |  0.99 |  1.04 |  1.03 |  1.24 |  1.00 |  0.96 |  1.05
        5158 |  0.99 |  1.04 |  1.03 |  1.24 |  1.00 |  0.96 |  1.05
        5158 |  0.99 |  1.04 |  1.03 |  1.24 |  1.00 |  0.96 |  1.05
        5158 |  0.99 |  1.04 |  1.03 |  1.24 |  1.00 |  0.96 |  1.05
        5158 |  0.99 |  1.04 |  1.03 |  1.24 |  1.00 |  0.96 |  1.05
        5158 |  0.99 |  1.04 |  1.03 |  1.24 |  1.00 |  0.96 |  1.05
        5159 |  0.73 |  1.13 |  0.84 |  1.04 |  1.04 |  1.14 |  0.96
        5159 |  0.73 |  1.13 |  0.84 |  1.04 |  1.04 |  1.14 |  0.96
        5159 |  0.73 |  1.13 |  0.84 |  1.04 |  1.04 |  1.14 |  0.96
        5159 |  0.73 |  1.13 |  0.84 |  1.04 |  1.04 |  1.14 |  0.96
        5159 |  0.73 |  1.13 |  0.84 |  1.04 |  1.04 |  1.14 |  0.96
        5159 |  0.73 |  1.13 |  0.84 |  1.04 |  1.04 |  1.14 |  0.96
        5159 |  0.73 |  1.13 |  0.84 |  1.04 |  1.04 |  1.14 |  0.96
        5159 |  0.73 |  1.13 |  0.84 |  1.04 |  1.04 |  1.14 |  0.96
        5159 |  0.73 |  1.13 |  0.84 |  1.04 |  1.04 |  1.14 |  0.96
        5159 |  0.73 |  1.13 |  0.84 |  1.04 |  1.04 |  1.14 |  0.96
        5159 |  0.73 |  1.13 |  0.84 |  1.04 |  1.04 |  1.14 |  0.96
        5159 |  0.73 |  1.13 |  0.84 |  1.04 |  1.04 |  1.14 |  0.96
        5159 |  0.73 |  1.13 |  0.84 |  1.04 |  1.04 |  1.14 |  0.96
        5159 |  0.73 |  1.13 |  0.84 |  1.04 |  1.04 |  1.14 |  0.96
        5159 |  0.73 |  1.13 |  0.84 |  1.04 |  1.04 |  1.14 |  0.96
        5159 |  0.73 |  1.13 |  0.84 |  1.04 |  1.04 |  1.14 |  0.96
        5159 |  0.73 |  1.13 |  0.84 |  1.04 |  1.04 |  1.14 |  0.96
        5159 |  0.73 |  1.13 |  0.84 |  1.04 |  1.04 |  1.14 |  0.96
        5159 |  0.73 |  1.13 |  0.84 |  1.04 |  1.04 |  1.14 |  0.96
        5159 |  0.73 |  1.13 |  0.84 |  1.04 |  1.04 |  1.14 |  0.96
        5159 |  0.73 |  1.13 |  0.84 |  1.04 |  1.04 |  1.14 |  0.96
        5159 |  0.73 |  1.13 |  0.84 |  1.04 |  1.04 |  1.14 |  0.96
        5159 |  0.73 |  1.13 |  0.84 |  1.04 |  1.04 |  1.14 |  0.96
        5159 |  0.73 |  1.13 |  0.84 |  1.04 |  1.04 |  1.14 |  0.96
        5159 |  0.73 |  1.13 |  0.84 |  1.04 |  1.04 |  1.14 |  0.96
        5159 |  0.73 |  1.13 |  0.84 |  1.04 |  1.04 |  1.14 |  0.96
        5159 |  0.73 |  1.13 |  0.84 |  1.04 |  1.04 |  1.14 |  0.96
        5159 |  0.73 |  1.13 |  0.84 |  1.04 |  1.04 |  1.14 |  0.96
        5159 |  0.73 |  1.13 |  0.84 |  1.04 |  1.04 |  1.14 |  0.96
        5159 |  0.73 |  1.13 |  0.84 |  1.04 |  1.04 |  1.14 |  0.96
        5159 |  0.73 |  1.13 |  0.84 |  1.04 |  1.04 |  1.14 |  0.96
        5159 |  0.73 |  1.13 |  0.84 |  1.04 |  1.04 |  1.14 |  0.96
        5159 |  0.73 |  1.13 |  0.84 |  1.04 |  1.04 |  1.14 |  0.96
        5159 |  0.73 |  1.13 |  0.84 |  1.04 |  1.04 |  1.14 |  0.96
        5159 |  0.73 |  1.13 |  0.84 |  1.04 |  1.04 |  1.14 |  0.96
        5159 |  0.73 |  1.13 |  0.84 |  1.04 |  1.04 |  1.14 |  0.96
        5159 |  0.73 |  1.13 |  0.84 |  1.04 |  1.04 |  1.14 |  0.96
        5159 |  0.73 |  1.13 |  0.84 |  1.04 |  1.04 |  1.14 |  0.96
        5159 |  0.73 |  1.13 |  0.84 |  1.04 |  1.04 |  1.14 |  0.96
        5159 |  0.73 |  1.13 |  0.84 |  1.04 |  1.04 |  1.14 |  0.96
        5159 |  0.73 |  1.13 |  0.84 |  1.04 |  1.04 |  1.14 |  0.96
        5159 |  0.73 |  1.13 |  0.84 |  1.04 |  1.04 |  1.14 |  0.96
        5159 |  0.73 |  1.13 |  0.84 |  1.04 |  1.04 |  1.14 |  0.96
        5159 |  0.73 |  1.13 |  0.84 |  1.04 |  1.04 |  1.14 |  0.96
        5159 |  0.73 |  1.13 |  0.84 |  1.04 |  1.04 |  1.14 |  0.96
        5159 |  0.73 |  1.13 |  0.84 |  1.04 |  1.04 |  1.14 |  0.96
        5159 |  0.73 |  1.13 |  0.84 |  1.04 |  1.04 |  1.14 |  0.96
        5159 |  0.73 |  1.13 |  0.84 |  1.04 |  1.04 |  1.14 |  0.96
        5159 |  0.73 |  1.13 |  0.84 |  1.04 |  1.04 |  1.14 |  0.96
        5160 |  0.84 |  0.96 |  0.91 |  0.99 |  1.24 |  1.11 |  0.97
        5160 |  0.84 |  0.96 |  0.91 |  0.99 |  1.24 |  1.11 |  0.97
        5160 |  0.84 |  0.96 |  0.91 |  0.99 |  1.24 |  1.11 |  0.97
        5160 |  0.84 |  0.96 |  0.91 |  0.99 |  1.24 |  1.11 |  0.97
        5160 |  0.84 |  0.96 |  0.91 |  0.99 |  1.24 |  1.11 |  0.97
        5160 |  0.84 |  0.96 |  0.91 |  0.99 |  1.24 |  1.11 |  0.97
        5160 |  0.84 |  0.96 |  0.91 |  0.99 |  1.24 |  1.11 |  0.97
        5160 |  0.84 |  0.96 |  0.91 |  0.99 |  1.24 |  1.11 |  0.97
        5160 |  0.84 |  0.96 |  0.91 |  0.99 |  1.24 |  1.11 |  0.97
        5160 |  0.84 |  0.96 |  0.91 |  0.99 |  1.24 |  1.11 |  0.97
        5160 |  0.84 |  0.96 |  0.91 |  0.99 |  1.24 |  1.11 |  0.97
        5160 |  0.84 |  0.96 |  0.91 |  0.99 |  1.24 |  1.11 |  0.97
        5160 |  0.84 |  0.96 |  0.91 |  0.99 |  1.24 |  1.11 |  0.97
        5160 |  0.84 |  0.96 |  0.91 |  0.99 |  1.24 |  1.11 |  0.97
        5160 |  0.84 |  0.96 |  0.91 |  0.99 |  1.24 |  1.11 |  0.97
        5160 |  0.84 |  0.96 |  0.91 |  0.99 |  1.24 |  1.11 |  0.97
        5160 |  0.84 |  0.96 |  0.91 |  0.99 |  1.24 |  1.11 |  0.97
        5160 |  0.84 |  0.96 |  0.91 |  0.99 |  1.24 |  1.11 |  0.97
        5160 |  0.84 |  0.96 |  0.91 |  0.99 |  1.24 |  1.11 |  0.97
        5160 |  0.84 |  0.96 |  0.91 |  0.99 |  1.24 |  1.11 |  0.97
        5160 |  0.84 |  0.96 |  0.91 |  0.99 |  1.24 |  1.11 |  0.97
        5160 |  0.84 |  0.96 |  0.91 |  0.99 |  1.24 |  1.11 |  0.97
        5160 |  0.84 |  0.96 |  0.91 |  0.99 |  1.24 |  1.11 |  0.97
        5160 |  0.84 |  0.96 |  0.91 |  0.99 |  1.24 |  1.11 |  0.97
        5160 |  0.84 |  0.96 |  0.91 |  0.99 |  1.24 |  1.11 |  0.97
        5160 |  0.84 |  0.96 |  0.91 |  0.99 |  1.24 |  1.11 |  0.97
        5160 |  0.84 |  0.96 |  0.91 |  0.99 |  1.24 |  1.11 |  0.97
        5160 |  0.84 |  0.96 |  0.91 |  0.99 |  1.24 |  1.11 |  0.97
        5160 |  0.84 |  0.96 |  0.91 |  0.99 |  1.24 |  1.11 |  0.97
        5160 |  0.84 |  0.96 |  0.91 |  0.99 |  1.24 |  1.11 |  0.97
        5160 |  0.84 |  0.96 |  0.91 |  0.99 |  1.24 |  1.11 |  0.97
        5160 |  0.84 |  0.96 |  0.91 |  0.99 |  1.24 |  1.11 |  0.97
        5160 |  0.84 |  0.96 |  0.91 |  0.99 |  1.24 |  1.11 |  0.97
        5160 |  0.84 |  0.96 |  0.91 |  0.99 |  1.24 |  1.11 |  0.97
        5160 |  0.84 |  0.96 |  0.91 |  0.99 |  1.24 |  1.11 |  0.97
        5160 |  0.84 |  0.96 |  0.91 |  0.99 |  1.24 |  1.11 |  0.97
        5160 |  0.84 |  0.96 |  0.91 |  0.99 |  1.24 |  1.11 |  0.97
        5160 |  0.84 |  0.96 |  0.91 |  0.99 |  1.24 |  1.11 |  0.97
        5160 |  0.84 |  0.96 |  0.91 |  0.99 |  1.24 |  1.11 |  0.97
        5160 |  0.84 |  0.96 |  0.91 |  0.99 |  1.24 |  1.11 |  0.97
        5160 |  0.84 |  0.96 |  0.91 |  0.99 |  1.24 |  1.11 |  0.97
        5160 |  0.84 |  0.96 |  0.91 |  0.99 |  1.24 |  1.11 |  0.97
        5160 |  0.84 |  0.96 |  0.91 |  0.99 |  1.24 |  1.11 |  0.97
        5160 |  0.84 |  0.96 |  0.91 |  0.99 |  1.24 |  1.11 |  0.97
        5160 |  0.84 |  0.96 |  0.91 |  0.99 |  1.24 |  1.11 |  0.97
        5160 |  0.84 |  0.96 |  0.91 |  0.99 |  1.24 |  1.11 |  0.97
        5160 |  0.84 |  0.96 |  0.91 |  0.99 |  1.24 |  1.11 |  0.97
        5160 |  0.84 |  0.96 |  0.91 |  0.99 |  1.24 |  1.11 |  0.97
        5160 |  0.84 |  0.96 |  0.91 |  0.99 |  1.24 |  1.11 |  0.97
        5161 |  1.07 |  0.98 |  0.93 |  0.87 |  1.16 |  0.77 |  1.05
        5161 |  1.07 |  0.98 |  0.93 |  0.87 |  1.16 |  0.77 |  1.05
        5161 |  1.07 |  0.98 |  0.93 |  0.87 |  1.16 |  0.77 |  1.05
        5161 |  1.07 |  0.98 |  0.93 |  0.87 |  1.16 |  0.77 |  1.05
        5161 |  1.07 |  0.98 |  0.93 |  0.87 |  1.16 |  0.77 |  1.05
        5161 |  1.07 |  0.98 |  0.93 |  0.87 |  1.16 |  0.77 |  1.05
        5161 |  1.07 |  0.98 |  0.93 |  0.87 |  1.16 |  0.77 |  1.05
        5161 |  1.07 |  0.98 |  0.93 |  0.87 |  1.16 |  0.77 |  1.05
        5161 |  1.07 |  0.98 |  0.93 |  0.87 |  1.16 |  0.77 |  1.05
        5161 |  1.07 |  0.98 |  0.93 |  0.87 |  1.16 |  0.77 |  1.05
        5161 |  1.07 |  0.98 |  0.93 |  0.87 |  1.16 |  0.77 |  1.05
        5161 |  1.07 |  0.98 |  0.93 |  0.87 |  1.16 |  0.77 |  1.05
        5161 |  1.07 |  0.98 |  0.93 |  0.87 |  1.16 |  0.77 |  1.05
        5161 |  1.07 |  0.98 |  0.93 |  0.87 |  1.16 |  0.77 |  1.05
        5161 |  1.07 |  0.98 |  0.93 |  0.87 |  1.16 |  0.77 |  1.05
        5161 |  1.07 |  0.98 |  0.93 |  0.87 |  1.16 |  0.77 |  1.05
        5161 |  1.07 |  0.98 |  0.93 |  0.87 |  1.16 |  0.77 |  1.05
        5161 |  1.07 |  0.98 |  0.93 |  0.87 |  1.16 |  0.77 |  1.05
        5161 |  1.07 |  0.98 |  0.93 |  0.87 |  1.16 |  0.77 |  1.05
        5161 |  1.07 |  0.98 |  0.93 |  0.87 |  1.16 |  0.77 |  1.05
        5161 |  1.07 |  0.98 |  0.93 |  0.87 |  1.16 |  0.77 |  1.05
        5161 |  1.07 |  0.98 |  0.93 |  0.87 |  1.16 |  0.77 |  1.05
        5161 |  1.07 |  0.98 |  0.93 |  0.87 |  1.16 |  0.77 |  1.05
        5161 |  1.07 |  0.98 |  0.93 |  0.87 |  1.16 |  0.77 |  1.05
        5161 |  1.07 |  0.98 |  0.93 |  0.87 |  1.16 |  0.77 |  1.05
        5161 |  1.07 |  0.98 |  0.93 |  0.87 |  1.16 |  0.77 |  1.05
        5161 |  1.07 |  0.98 |  0.93 |  0.87 |  1.16 |  0.77 |  1.05
        5161 |  1.07 |  0.98 |  0.93 |  0.87 |  1.16 |  0.77 |  1.05
        5161 |  1.07 |  0.98 |  0.93 |  0.87 |  1.16 |  0.77 |  1.05
        5161 |  1.07 |  0.98 |  0.93 |  0.87 |  1.16 |  0.77 |  1.05
        5161 |  1.07 |  0.98 |  0.93 |  0.87 |  1.16 |  0.77 |  1.05
        5161 |  1.07 |  0.98 |  0.93 |  0.87 |  1.16 |  0.77 |  1.05
        5161 |  1.07 |  0.98 |  0.93 |  0.87 |  1.16 |  0.77 |  1.05
        5161 |  1.07 |  0.98 |  0.93 |  0.87 |  1.16 |  0.77 |  1.05
        5161 |  1.07 |  0.98 |  0.93 |  0.87 |  1.16 |  0.77 |  1.05
        5161 |  1.07 |  0.98 |  0.93 |  0.87 |  1.16 |  0.77 |  1.05
        5161 |  1.07 |  0.98 |  0.93 |  0.87 |  1.16 |  0.77 |  1.05
        5161 |  1.07 |  0.98 |  0.93 |  0.87 |  1.16 |  0.77 |  1.05
        5161 |  1.07 |  0.98 |  0.93 |  0.87 |  1.16 |  0.77 |  1.05
        5161 |  1.07 |  0.98 |  0.93 |  0.87 |  1.16 |  0.77 |  1.05
        5161 |  1.07 |  0.98 |  0.93 |  0.87 |  1.16 |  0.77 |  1.05
        5161 |  1.07 |  0.98 |  0.93 |  0.87 |  1.16 |  0.77 |  1.05
        5161 |  1.07 |  0.98 |  0.93 |  0.87 |  1.16 |  0.77 |  1.05
        5161 |  1.07 |  0.98 |  0.93 |  0.87 |  1.16 |  0.77 |  1.05
        5161 |  1.07 |  0.98 |  0.93 |  0.87 |  1.16 |  0.77 |  1.05
        5161 |  1.07 |  0.98 |  0.93 |  0.87 |  1.16 |  0.77 |  1.05
        5161 |  1.07 |  0.98 |  0.93 |  0.87 |  1.16 |  0.77 |  1.05
        5161 |  1.07 |  0.98 |  0.93 |  0.87 |  1.16 |  0.77 |  1.05
        5161 |  1.07 |  0.98 |  0.93 |  0.87 |  1.16 |  0.77 |  1.05
        5162 |  0.89 |  0.95 |  0.83 |  0.79 |  1.31 |  1.29 |  1.06
        5162 |  0.89 |  0.95 |  0.83 |  0.79 |  1.31 |  1.29 |  1.06
        5162 |  0.89 |  0.95 |  0.83 |  0.79 |  1.31 |  1.29 |  1.06
        5162 |  0.89 |  0.95 |  0.83 |  0.79 |  1.31 |  1.29 |  1.06
        5162 |  0.89 |  0.95 |  0.83 |  0.79 |  1.31 |  1.29 |  1.06
        5162 |  0.89 |  0.95 |  0.83 |  0.79 |  1.31 |  1.29 |  1.06
        5162 |  0.89 |  0.95 |  0.83 |  0.79 |  1.31 |  1.29 |  1.06
        5162 |  0.89 |  0.95 |  0.83 |  0.79 |  1.31 |  1.29 |  1.06
        5162 |  0.89 |  0.95 |  0.83 |  0.79 |  1.31 |  1.29 |  1.06
        5162 |  0.89 |  0.95 |  0.83 |  0.79 |  1.31 |  1.29 |  1.06
        5162 |  0.89 |  0.95 |  0.83 |  0.79 |  1.31 |  1.29 |  1.06
        5162 |  0.89 |  0.95 |  0.83 |  0.79 |  1.31 |  1.29 |  1.06
        5162 |  0.89 |  0.95 |  0.83 |  0.79 |  1.31 |  1.29 |  1.06
        5162 |  0.89 |  0.95 |  0.83 |  0.79 |  1.31 |  1.29 |  1.06
        5162 |  0.89 |  0.95 |  0.83 |  0.79 |  1.31 |  1.29 |  1.06
        5162 |  0.89 |  0.95 |  0.83 |  0.79 |  1.31 |  1.29 |  1.06
        5162 |  0.89 |  0.95 |  0.83 |  0.79 |  1.31 |  1.29 |  1.06
        5162 |  0.89 |  0.95 |  0.83 |  0.79 |  1.31 |  1.29 |  1.06
        5162 |  0.89 |  0.95 |  0.83 |  0.79 |  1.31 |  1.29 |  1.06
        5162 |  0.89 |  0.95 |  0.83 |  0.79 |  1.31 |  1.29 |  1.06
        5162 |  0.89 |  0.95 |  0.83 |  0.79 |  1.31 |  1.29 |  1.06
        5162 |  0.89 |  0.95 |  0.83 |  0.79 |  1.31 |  1.29 |  1.06
        5162 |  0.89 |  0.95 |  0.83 |  0.79 |  1.31 |  1.29 |  1.06
        5162 |  0.89 |  0.95 |  0.83 |  0.79 |  1.31 |  1.29 |  1.06
        5162 |  0.89 |  0.95 |  0.83 |  0.79 |  1.31 |  1.29 |  1.06
        5162 |  0.89 |  0.95 |  0.83 |  0.79 |  1.31 |  1.29 |  1.06
        5162 |  0.89 |  0.95 |  0.83 |  0.79 |  1.31 |  1.29 |  1.06
        5162 |  0.89 |  0.95 |  0.83 |  0.79 |  1.31 |  1.29 |  1.06
        5162 |  0.89 |  0.95 |  0.83 |  0.79 |  1.31 |  1.29 |  1.06
        5162 |  0.89 |  0.95 |  0.83 |  0.79 |  1.31 |  1.29 |  1.06
        5162 |  0.89 |  0.95 |  0.83 |  0.79 |  1.31 |  1.29 |  1.06
        5162 |  0.89 |  0.95 |  0.83 |  0.79 |  1.31 |  1.29 |  1.06
        5162 |  0.89 |  0.95 |  0.83 |  0.79 |  1.31 |  1.29 |  1.06
        5162 |  0.89 |  0.95 |  0.83 |  0.79 |  1.31 |  1.29 |  1.06
        5162 |  0.89 |  0.95 |  0.83 |  0.79 |  1.31 |  1.29 |  1.06
        5162 |  0.89 |  0.95 |  0.83 |  0.79 |  1.31 |  1.29 |  1.06
        5162 |  0.89 |  0.95 |  0.83 |  0.79 |  1.31 |  1.29 |  1.06
        5162 |  0.89 |  0.95 |  0.83 |  0.79 |  1.31 |  1.29 |  1.06
        5162 |  0.89 |  0.95 |  0.83 |  0.79 |  1.31 |  1.29 |  1.06
        5162 |  0.89 |  0.95 |  0.83 |  0.79 |  1.31 |  1.29 |  1.06
        5162 |  0.89 |  0.95 |  0.83 |  0.79 |  1.31 |  1.29 |  1.06
        5162 |  0.89 |  0.95 |  0.83 |  0.79 |  1.31 |  1.29 |  1.06
        5162 |  0.89 |  0.95 |  0.83 |  0.79 |  1.31 |  1.29 |  1.06
        5162 |  0.89 |  0.95 |  0.83 |  0.79 |  1.31 |  1.29 |  1.06
        5162 |  0.89 |  0.95 |  0.83 |  0.79 |  1.31 |  1.29 |  1.06
        5162 |  0.89 |  0.95 |  0.83 |  0.79 |  1.31 |  1.29 |  1.06
        5162 |  0.89 |  0.95 |  0.83 |  0.79 |  1.31 |  1.29 |  1.06
        5162 |  0.89 |  0.95 |  0.83 |  0.79 |  1.31 |  1.29 |  1.06
        5162 |  0.89 |  0.95 |  0.83 |  0.79 |  1.31 |  1.29 |  1.06
        5163 |  0.90 |  0.97 |  0.84 |  0.73 |  1.26 |  1.21 |  0.84
        5163 |  0.90 |  0.97 |  0.84 |  0.73 |  1.26 |  1.21 |  0.84
        5163 |  0.90 |  0.97 |  0.84 |  0.73 |  1.26 |  1.21 |  0.84
        5163 |  0.90 |  0.97 |  0.84 |  0.73 |  1.26 |  1.21 |  0.84
        5163 |  0.90 |  0.97 |  0.84 |  0.73 |  1.26 |  1.21 |  0.84
        5163 |  0.90 |  0.97 |  0.84 |  0.73 |  1.26 |  1.21 |  0.84
        5163 |  0.90 |  0.97 |  0.84 |  0.73 |  1.26 |  1.21 |  0.84
        5163 |  0.90 |  0.97 |  0.84 |  0.73 |  1.26 |  1.21 |  0.84
        5163 |  0.90 |  0.97 |  0.84 |  0.73 |  1.26 |  1.21 |  0.84
        5163 |  0.90 |  0.97 |  0.84 |  0.73 |  1.26 |  1.21 |  0.84
        5163 |  0.90 |  0.97 |  0.84 |  0.73 |  1.26 |  1.21 |  0.84
        5163 |  0.90 |  0.97 |  0.84 |  0.73 |  1.26 |  1.21 |  0.84
        5163 |  0.90 |  0.97 |  0.84 |  0.73 |  1.26 |  1.21 |  0.84
        5163 |  0.90 |  0.97 |  0.84 |  0.73 |  1.26 |  1.21 |  0.84
        5163 |  0.90 |  0.97 |  0.84 |  0.73 |  1.26 |  1.21 |  0.84
        5163 |  0.90 |  0.97 |  0.84 |  0.73 |  1.26 |  1.21 |  0.84
        5163 |  0.90 |  0.97 |  0.84 |  0.73 |  1.26 |  1.21 |  0.84
        5163 |  0.90 |  0.97 |  0.84 |  0.73 |  1.26 |  1.21 |  0.84
        5163 |  0.90 |  0.97 |  0.84 |  0.73 |  1.26 |  1.21 |  0.84
        5163 |  0.90 |  0.97 |  0.84 |  0.73 |  1.26 |  1.21 |  0.84
        5163 |  0.90 |  0.97 |  0.84 |  0.73 |  1.26 |  1.21 |  0.84
        5163 |  0.90 |  0.97 |  0.84 |  0.73 |  1.26 |  1.21 |  0.84
        5163 |  0.90 |  0.97 |  0.84 |  0.73 |  1.26 |  1.21 |  0.84
        5163 |  0.90 |  0.97 |  0.84 |  0.73 |  1.26 |  1.21 |  0.84
        5163 |  0.90 |  0.97 |  0.84 |  0.73 |  1.26 |  1.21 |  0.84
        5163 |  0.90 |  0.97 |  0.84 |  0.73 |  1.26 |  1.21 |  0.84
        5163 |  0.90 |  0.97 |  0.84 |  0.73 |  1.26 |  1.21 |  0.84
        5163 |  0.90 |  0.97 |  0.84 |  0.73 |  1.26 |  1.21 |  0.84
        5163 |  0.90 |  0.97 |  0.84 |  0.73 |  1.26 |  1.21 |  0.84
        5163 |  0.90 |  0.97 |  0.84 |  0.73 |  1.26 |  1.21 |  0.84
        5163 |  0.90 |  0.97 |  0.84 |  0.73 |  1.26 |  1.21 |  0.84
        5163 |  0.90 |  0.97 |  0.84 |  0.73 |  1.26 |  1.21 |  0.84
        5163 |  0.90 |  0.97 |  0.84 |  0.73 |  1.26 |  1.21 |  0.84
        5163 |  0.90 |  0.97 |  0.84 |  0.73 |  1.26 |  1.21 |  0.84
        5163 |  0.90 |  0.97 |  0.84 |  0.73 |  1.26 |  1.21 |  0.84
        5163 |  0.90 |  0.97 |  0.84 |  0.73 |  1.26 |  1.21 |  0.84
        5163 |  0.90 |  0.97 |  0.84 |  0.73 |  1.26 |  1.21 |  0.84
        5163 |  0.90 |  0.97 |  0.84 |  0.73 |  1.26 |  1.21 |  0.84
        5163 |  0.90 |  0.97 |  0.84 |  0.73 |  1.26 |  1.21 |  0.84
        5163 |  0.90 |  0.97 |  0.84 |  0.73 |  1.26 |  1.21 |  0.84
        5163 |  0.90 |  0.97 |  0.84 |  0.73 |  1.26 |  1.21 |  0.84
        5163 |  0.90 |  0.97 |  0.84 |  0.73 |  1.26 |  1.21 |  0.84
        5163 |  0.90 |  0.97 |  0.84 |  0.73 |  1.26 |  1.21 |  0.84
        5163 |  0.90 |  0.97 |  0.84 |  0.73 |  1.26 |  1.21 |  0.84
        5163 |  0.90 |  0.97 |  0.84 |  0.73 |  1.26 |  1.21 |  0.84
        5163 |  0.90 |  0.97 |  0.84 |  0.73 |  1.26 |  1.21 |  0.84
        5163 |  0.90 |  0.97 |  0.84 |  0.73 |  1.26 |  1.21 |  0.84
        5163 |  0.90 |  0.97 |  0.84 |  0.73 |  1.26 |  1.21 |  0.84
        5163 |  0.90 |  0.97 |  0.84 |  0.73 |  1.26 |  1.21 |  0.84
        5164 |  0.93 |  0.95 |  0.88 |  0.96 |  0.95 |  0.81 |  1.01
        5164 |  0.93 |  0.95 |  0.88 |  0.96 |  0.95 |  0.81 |  1.01
        5164 |  0.93 |  0.95 |  0.88 |  0.96 |  0.95 |  0.81 |  1.01
        5164 |  0.93 |  0.95 |  0.88 |  0.96 |  0.95 |  0.81 |  1.01
        5164 |  0.93 |  0.95 |  0.88 |  0.96 |  0.95 |  0.81 |  1.01
        5164 |  0.93 |  0.95 |  0.88 |  0.96 |  0.95 |  0.81 |  1.01
        5164 |  0.93 |  0.95 |  0.88 |  0.96 |  0.95 |  0.81 |  1.01
        5164 |  0.93 |  0.95 |  0.88 |  0.96 |  0.95 |  0.81 |  1.01
        5164 |  0.93 |  0.95 |  0.88 |  0.96 |  0.95 |  0.81 |  1.01
        5164 |  0.93 |  0.95 |  0.88 |  0.96 |  0.95 |  0.81 |  1.01
        5164 |  0.93 |  0.95 |  0.88 |  0.96 |  0.95 |  0.81 |  1.01
        5164 |  0.93 |  0.95 |  0.88 |  0.96 |  0.95 |  0.81 |  1.01
        5164 |  0.93 |  0.95 |  0.88 |  0.96 |  0.95 |  0.81 |  1.01
        5164 |  0.93 |  0.95 |  0.88 |  0.96 |  0.95 |  0.81 |  1.01
        5164 |  0.93 |  0.95 |  0.88 |  0.96 |  0.95 |  0.81 |  1.01
        5164 |  0.93 |  0.95 |  0.88 |  0.96 |  0.95 |  0.81 |  1.01
        5164 |  0.93 |  0.95 |  0.88 |  0.96 |  0.95 |  0.81 |  1.01
        5164 |  0.93 |  0.95 |  0.88 |  0.96 |  0.95 |  0.81 |  1.01
        5164 |  0.93 |  0.95 |  0.88 |  0.96 |  0.95 |  0.81 |  1.01
        5164 |  0.93 |  0.95 |  0.88 |  0.96 |  0.95 |  0.81 |  1.01
        5164 |  0.93 |  0.95 |  0.88 |  0.96 |  0.95 |  0.81 |  1.01
        5164 |  0.93 |  0.95 |  0.88 |  0.96 |  0.95 |  0.81 |  1.01
        5164 |  0.93 |  0.95 |  0.88 |  0.96 |  0.95 |  0.81 |  1.01
        5164 |  0.93 |  0.95 |  0.88 |  0.96 |  0.95 |  0.81 |  1.01
        5164 |  0.93 |  0.95 |  0.88 |  0.96 |  0.95 |  0.81 |  1.01
        5164 |  0.93 |  0.95 |  0.88 |  0.96 |  0.95 |  0.81 |  1.01
        5164 |  0.93 |  0.95 |  0.88 |  0.96 |  0.95 |  0.81 |  1.01
        5164 |  0.93 |  0.95 |  0.88 |  0.96 |  0.95 |  0.81 |  1.01
        5164 |  0.93 |  0.95 |  0.88 |  0.96 |  0.95 |  0.81 |  1.01
        5164 |  0.93 |  0.95 |  0.88 |  0.96 |  0.95 |  0.81 |  1.01
        5164 |  0.93 |  0.95 |  0.88 |  0.96 |  0.95 |  0.81 |  1.01
        5164 |  0.93 |  0.95 |  0.88 |  0.96 |  0.95 |  0.81 |  1.01
        5164 |  0.93 |  0.95 |  0.88 |  0.96 |  0.95 |  0.81 |  1.01
        5164 |  0.93 |  0.95 |  0.88 |  0.96 |  0.95 |  0.81 |  1.01
        5164 |  0.93 |  0.95 |  0.88 |  0.96 |  0.95 |  0.81 |  1.01
        5164 |  0.93 |  0.95 |  0.88 |  0.96 |  0.95 |  0.81 |  1.01
        5164 |  0.93 |  0.95 |  0.88 |  0.96 |  0.95 |  0.81 |  1.01
        5164 |  0.93 |  0.95 |  0.88 |  0.96 |  0.95 |  0.81 |  1.01
        5164 |  0.93 |  0.95 |  0.88 |  0.96 |  0.95 |  0.81 |  1.01
        5164 |  0.93 |  0.95 |  0.88 |  0.96 |  0.95 |  0.81 |  1.01
        5164 |  0.93 |  0.95 |  0.88 |  0.96 |  0.95 |  0.81 |  1.01
        5164 |  0.93 |  0.95 |  0.88 |  0.96 |  0.95 |  0.81 |  1.01
        5164 |  0.93 |  0.95 |  0.88 |  0.96 |  0.95 |  0.81 |  1.01
        5164 |  0.93 |  0.95 |  0.88 |  0.96 |  0.95 |  0.81 |  1.01
        5164 |  0.93 |  0.95 |  0.88 |  0.96 |  0.95 |  0.81 |  1.01
        5164 |  0.93 |  0.95 |  0.88 |  0.96 |  0.95 |  0.81 |  1.01
        5164 |  0.93 |  0.95 |  0.88 |  0.96 |  0.95 |  0.81 |  1.01
        5164 |  0.93 |  0.95 |  0.88 |  0.96 |  0.95 |  0.81 |  1.01
        5164 |  0.93 |  0.95 |  0.88 |  0.96 |  0.95 |  0.81 |  1.01
        5165 |  1.64 |  3.94 |  1.15 |  0.84 |  1.26 |  1.02 |  1.96
        5165 |  1.64 |  3.94 |  1.15 |  0.84 |  1.26 |  1.02 |  1.96
        5165 |  1.64 |  3.94 |  1.15 |  0.84 |  1.26 |  1.02 |  1.96
        5165 |  1.64 |  3.94 |  1.15 |  0.84 |  1.26 |  1.02 |  1.96
        5165 |  1.64 |  3.94 |  1.15 |  0.84 |  1.26 |  1.02 |  1.96
        5165 |  1.64 |  3.94 |  1.15 |  0.84 |  1.26 |  1.02 |  1.96
        5165 |  1.64 |  3.94 |  1.15 |  0.84 |  1.26 |  1.02 |  1.96
        5165 |  1.64 |  3.94 |  1.15 |  0.84 |  1.26 |  1.02 |  1.96
        5165 |  1.64 |  3.94 |  1.15 |  0.84 |  1.26 |  1.02 |  1.96
        5165 |  1.64 |  3.94 |  1.15 |  0.84 |  1.26 |  1.02 |  1.96
        5165 |  1.64 |  3.94 |  1.15 |  0.84 |  1.26 |  1.02 |  1.96
        5165 |  1.64 |  3.94 |  1.15 |  0.84 |  1.26 |  1.02 |  1.96
        5165 |  1.64 |  3.94 |  1.15 |  0.84 |  1.26 |  1.02 |  1.96
        5165 |  1.64 |  3.94 |  1.15 |  0.84 |  1.26 |  1.02 |  1.96
        5165 |  1.64 |  3.94 |  1.15 |  0.84 |  1.26 |  1.02 |  1.96
        5165 |  1.64 |  3.94 |  1.15 |  0.84 |  1.26 |  1.02 |  1.96
        5165 |  1.64 |  3.94 |  1.15 |  0.84 |  1.26 |  1.02 |  1.96
        5165 |  1.64 |  3.94 |  1.15 |  0.84 |  1.26 |  1.02 |  1.96
        5165 |  1.64 |  3.94 |  1.15 |  0.84 |  1.26 |  1.02 |  1.96
        5165 |  1.64 |  3.94 |  1.15 |  0.84 |  1.26 |  1.02 |  1.96
        5165 |  1.64 |  3.94 |  1.15 |  0.84 |  1.26 |  1.02 |  1.96
        5165 |  1.64 |  3.94 |  1.15 |  0.84 |  1.26 |  1.02 |  1.96
        5165 |  1.64 |  3.94 |  1.15 |  0.84 |  1.26 |  1.02 |  1.96
        5165 |  1.64 |  3.94 |  1.15 |  0.84 |  1.26 |  1.02 |  1.96
        5165 |  1.64 |  3.94 |  1.15 |  0.84 |  1.26 |  1.02 |  1.96
        5165 |  1.64 |  3.94 |  1.15 |  0.84 |  1.26 |  1.02 |  1.96
        5165 |  1.64 |  3.94 |  1.15 |  0.84 |  1.26 |  1.02 |  1.96
        5165 |  1.64 |  3.94 |  1.15 |  0.84 |  1.26 |  1.02 |  1.96
(2513 rows)

