 d_week_seq1 | round | round | round | round | round | round | round 
-------------+-------+-------+-------+-------+-------+-------+-------
        5114 |  1.21 |  0.86 |       |       |  0.64 |  1.03 |  0.86
        5114 |  1.21 |  0.86 |       |       |  0.64 |  1.03 |  0.86
        5114 |  1.21 |  0.86 |       |       |  0.64 |  1.03 |  0.86
        5114 |  1.21 |  0.86 |       |       |  0.64 |  1.03 |  0.86
        5114 |  1.21 |  0.86 |       |       |  0.64 |  1.03 |  0.86
        5114 |  1.21 |  0.86 |       |       |  0.64 |  1.03 |  0.86
        5114 |  1.21 |  0.86 |       |       |  0.64 |  1.03 |  0.86
        5114 |  1.21 |  0.86 |       |       |  0.64 |  1.03 |  0.86
        5114 |  1.21 |  0.86 |       |       |  0.64 |  1.03 |  0.86
        5114 |  1.21 |  0.86 |       |       |  0.64 |  1.03 |  0.86
        5114 |  1.21 |  0.86 |       |       |  0.64 |  1.03 |  0.86
        5114 |  1.21 |  0.86 |       |       |  0.64 |  1.03 |  0.86
        5114 |  1.21 |  0.86 |       |       |  0.64 |  1.03 |  0.86
        5114 |  1.21 |  0.86 |       |       |  0.64 |  1.03 |  0.86
        5114 |  1.21 |  0.86 |       |       |  0.64 |  1.03 |  0.86
        5114 |  1.21 |  0.86 |       |       |  0.64 |  1.03 |  0.86
        5114 |  1.21 |  0.86 |       |       |  0.64 |  1.03 |  0.86
        5114 |  1.21 |  0.86 |       |       |  0.64 |  1.03 |  0.86
        5114 |  1.21 |  0.86 |       |       |  0.64 |  1.03 |  0.86
        5114 |  1.21 |  0.86 |       |       |  0.64 |  1.03 |  0.86
        5114 |  1.21 |  0.86 |       |       |  0.64 |  1.03 |  0.86
        5114 |  1.21 |  0.86 |       |       |  0.64 |  1.03 |  0.86
        5114 |  1.21 |  0.86 |       |       |  0.64 |  1.03 |  0.86
        5114 |  1.21 |  0.86 |       |       |  0.64 |  1.03 |  0.86
        5114 |  1.21 |  0.86 |       |       |  0.64 |  1.03 |  0.86
        5114 |  1.21 |  0.86 |       |       |  0.64 |  1.03 |  0.86
        5114 |  1.21 |  0.86 |       |       |  0.64 |  1.03 |  0.86
        5114 |  1.21 |  0.86 |       |       |  0.64 |  1.03 |  0.86
        5114 |  1.21 |  0.86 |       |       |  0.64 |  1.03 |  0.86
        5114 |  1.21 |  0.86 |       |       |  0.64 |  1.03 |  0.86
        5114 |  1.21 |  0.86 |       |       |  0.64 |  1.03 |  0.86
        5114 |  1.21 |  0.86 |       |       |  0.64 |  1.03 |  0.86
        5114 |  1.21 |  0.86 |       |       |  0.64 |  1.03 |  0.86
        5114 |  1.21 |  0.86 |       |       |  0.64 |  1.03 |  0.86
        5114 |  1.21 |  0.86 |       |       |  0.64 |  1.03 |  0.86
        5115 |  0.87 |  1.15 |  1.05 |  1.06 |  0.96 |  0.83 |  1.29
        5115 |  0.87 |  1.15 |  1.05 |  1.06 |  0.96 |  0.83 |  1.29
        5115 |  0.87 |  1.15 |  1.05 |  1.06 |  0.96 |  0.83 |  1.29
        5115 |  0.87 |  1.15 |  1.05 |  1.06 |  0.96 |  0.83 |  1.29
        5115 |  0.87 |  1.15 |  1.05 |  1.06 |  0.96 |  0.83 |  1.29
        5115 |  0.87 |  1.15 |  1.05 |  1.06 |  0.96 |  0.83 |  1.29
        5115 |  0.87 |  1.15 |  1.05 |  1.06 |  0.96 |  0.83 |  1.29
        5115 |  0.87 |  1.15 |  1.05 |  1.06 |  0.96 |  0.83 |  1.29
        5115 |  0.87 |  1.15 |  1.05 |  1.06 |  0.96 |  0.83 |  1.29
        5115 |  0.87 |  1.15 |  1.05 |  1.06 |  0.96 |  0.83 |  1.29
        5115 |  0.87 |  1.15 |  1.05 |  1.06 |  0.96 |  0.83 |  1.29
        5115 |  0.87 |  1.15 |  1.05 |  1.06 |  0.96 |  0.83 |  1.29
        5115 |  0.87 |  1.15 |  1.05 |  1.06 |  0.96 |  0.83 |  1.29
        5115 |  0.87 |  1.15 |  1.05 |  1.06 |  0.96 |  0.83 |  1.29
        5115 |  0.87 |  1.15 |  1.05 |  1.06 |  0.96 |  0.83 |  1.29
        5115 |  0.87 |  1.15 |  1.05 |  1.06 |  0.96 |  0.83 |  1.29
        5115 |  0.87 |  1.15 |  1.05 |  1.06 |  0.96 |  0.83 |  1.29
        5115 |  0.87 |  1.15 |  1.05 |  1.06 |  0.96 |  0.83 |  1.29
        5115 |  0.87 |  1.15 |  1.05 |  1.06 |  0.96 |  0.83 |  1.29
        5115 |  0.87 |  1.15 |  1.05 |  1.06 |  0.96 |  0.83 |  1.29
        5115 |  0.87 |  1.15 |  1.05 |  1.06 |  0.96 |  0.83 |  1.29
        5115 |  0.87 |  1.15 |  1.05 |  1.06 |  0.96 |  0.83 |  1.29
        5115 |  0.87 |  1.15 |  1.05 |  1.06 |  0.96 |  0.83 |  1.29
        5115 |  0.87 |  1.15 |  1.05 |  1.06 |  0.96 |  0.83 |  1.29
        5115 |  0.87 |  1.15 |  1.05 |  1.06 |  0.96 |  0.83 |  1.29
        5115 |  0.87 |  1.15 |  1.05 |  1.06 |  0.96 |  0.83 |  1.29
        5115 |  0.87 |  1.15 |  1.05 |  1.06 |  0.96 |  0.83 |  1.29
        5115 |  0.87 |  1.15 |  1.05 |  1.06 |  0.96 |  0.83 |  1.29
        5115 |  0.87 |  1.15 |  1.05 |  1.06 |  0.96 |  0.83 |  1.29
        5115 |  0.87 |  1.15 |  1.05 |  1.06 |  0.96 |  0.83 |  1.29
        5115 |  0.87 |  1.15 |  1.05 |  1.06 |  0.96 |  0.83 |  1.29
        5115 |  0.87 |  1.15 |  1.05 |  1.06 |  0.96 |  0.83 |  1.29
        5115 |  0.87 |  1.15 |  1.05 |  1.06 |  0.96 |  0.83 |  1.29
        5115 |  0.87 |  1.15 |  1.05 |  1.06 |  0.96 |  0.83 |  1.29
        5115 |  0.87 |  1.15 |  1.05 |  1.06 |  0.96 |  0.83 |  1.29
        5115 |  0.87 |  1.15 |  1.05 |  1.06 |  0.96 |  0.83 |  1.29
        5115 |  0.87 |  1.15 |  1.05 |  1.06 |  0.96 |  0.83 |  1.29
        5115 |  0.87 |  1.15 |  1.05 |  1.06 |  0.96 |  0.83 |  1.29
        5115 |  0.87 |  1.15 |  1.05 |  1.06 |  0.96 |  0.83 |  1.29
        5115 |  0.87 |  1.15 |  1.05 |  1.06 |  0.96 |  0.83 |  1.29
        5115 |  0.87 |  1.15 |  1.05 |  1.06 |  0.96 |  0.83 |  1.29
        5115 |  0.87 |  1.15 |  1.05 |  1.06 |  0.96 |  0.83 |  1.29
        5115 |  0.87 |  1.15 |  1.05 |  1.06 |  0.96 |  0.83 |  1.29
        5115 |  0.87 |  1.15 |  1.05 |  1.06 |  0.96 |  0.83 |  1.29
        5115 |  0.87 |  1.15 |  1.05 |  1.06 |  0.96 |  0.83 |  1.29
        5115 |  0.87 |  1.15 |  1.05 |  1.06 |  0.96 |  0.83 |  1.29
        5115 |  0.87 |  1.15 |  1.05 |  1.06 |  0.96 |  0.83 |  1.29
        5115 |  0.87 |  1.15 |  1.05 |  1.06 |  0.96 |  0.83 |  1.29
        5115 |  0.87 |  1.15 |  1.05 |  1.06 |  0.96 |  0.83 |  1.29
        5116 |  0.95 |  0.94 |  0.87 |  0.89 |  1.40 |  0.84 |  0.92
        5116 |  0.95 |  0.94 |  0.87 |  0.89 |  1.40 |  0.84 |  0.92
        5116 |  0.95 |  0.94 |  0.87 |  0.89 |  1.40 |  0.84 |  0.92
        5116 |  0.95 |  0.94 |  0.87 |  0.89 |  1.40 |  0.84 |  0.92
        5116 |  0.95 |  0.94 |  0.87 |  0.89 |  1.40 |  0.84 |  0.92
        5116 |  0.95 |  0.94 |  0.87 |  0.89 |  1.40 |  0.84 |  0.92
        5116 |  0.95 |  0.94 |  0.87 |  0.89 |  1.40 |  0.84 |  0.92
        5116 |  0.95 |  0.94 |  0.87 |  0.89 |  1.40 |  0.84 |  0.92
        5116 |  0.95 |  0.94 |  0.87 |  0.89 |  1.40 |  0.84 |  0.92
        5116 |  0.95 |  0.94 |  0.87 |  0.89 |  1.40 |  0.84 |  0.92
        5116 |  0.95 |  0.94 |  0.87 |  0.89 |  1.40 |  0.84 |  0.92
        5116 |  0.95 |  0.94 |  0.87 |  0.89 |  1.40 |  0.84 |  0.92
        5116 |  0.95 |  0.94 |  0.87 |  0.89 |  1.40 |  0.84 |  0.92
        5116 |  0.95 |  0.94 |  0.87 |  0.89 |  1.40 |  0.84 |  0.92
        5116 |  0.95 |  0.94 |  0.87 |  0.89 |  1.40 |  0.84 |  0.92
        5116 |  0.95 |  0.94 |  0.87 |  0.89 |  1.40 |  0.84 |  0.92
        5116 |  0.95 |  0.94 |  0.87 |  0.89 |  1.40 |  0.84 |  0.92
        5116 |  0.95 |  0.94 |  0.87 |  0.89 |  1.40 |  0.84 |  0.92
        5116 |  0.95 |  0.94 |  0.87 |  0.89 |  1.40 |  0.84 |  0.92
        5116 |  0.95 |  0.94 |  0.87 |  0.89 |  1.40 |  0.84 |  0.92
        5116 |  0.95 |  0.94 |  0.87 |  0.89 |  1.40 |  0.84 |  0.92
        5116 |  0.95 |  0.94 |  0.87 |  0.89 |  1.40 |  0.84 |  0.92
        5116 |  0.95 |  0.94 |  0.87 |  0.89 |  1.40 |  0.84 |  0.92
        5116 |  0.95 |  0.94 |  0.87 |  0.89 |  1.40 |  0.84 |  0.92
        5116 |  0.95 |  0.94 |  0.87 |  0.89 |  1.40 |  0.84 |  0.92
        5116 |  0.95 |  0.94 |  0.87 |  0.89 |  1.40 |  0.84 |  0.92
        5116 |  0.95 |  0.94 |  0.87 |  0.89 |  1.40 |  0.84 |  0.92
        5116 |  0.95 |  0.94 |  0.87 |  0.89 |  1.40 |  0.84 |  0.92
        5116 |  0.95 |  0.94 |  0.87 |  0.89 |  1.40 |  0.84 |  0.92
        5116 |  0.95 |  0.94 |  0.87 |  0.89 |  1.40 |  0.84 |  0.92
        5116 |  0.95 |  0.94 |  0.87 |  0.89 |  1.40 |  0.84 |  0.92
        5116 |  0.95 |  0.94 |  0.87 |  0.89 |  1.40 |  0.84 |  0.92
        5116 |  0.95 |  0.94 |  0.87 |  0.89 |  1.40 |  0.84 |  0.92
        5116 |  0.95 |  0.94 |  0.87 |  0.89 |  1.40 |  0.84 |  0.92
        5116 |  0.95 |  0.94 |  0.87 |  0.89 |  1.40 |  0.84 |  0.92
        5116 |  0.95 |  0.94 |  0.87 |  0.89 |  1.40 |  0.84 |  0.92
        5116 |  0.95 |  0.94 |  0.87 |  0.89 |  1.40 |  0.84 |  0.92
        5116 |  0.95 |  0.94 |  0.87 |  0.89 |  1.40 |  0.84 |  0.92
        5116 |  0.95 |  0.94 |  0.87 |  0.89 |  1.40 |  0.84 |  0.92
        5116 |  0.95 |  0.94 |  0.87 |  0.89 |  1.40 |  0.84 |  0.92
        5116 |  0.95 |  0.94 |  0.87 |  0.89 |  1.40 |  0.84 |  0.92
        5116 |  0.95 |  0.94 |  0.87 |  0.89 |  1.40 |  0.84 |  0.92
        5116 |  0.95 |  0.94 |  0.87 |  0.89 |  1.40 |  0.84 |  0.92
        5116 |  0.95 |  0.94 |  0.87 |  0.89 |  1.40 |  0.84 |  0.92
        5116 |  0.95 |  0.94 |  0.87 |  0.89 |  1.40 |  0.84 |  0.92
        5116 |  0.95 |  0.94 |  0.87 |  0.89 |  1.40 |  0.84 |  0.92
        5116 |  0.95 |  0.94 |  0.87 |  0.89 |  1.40 |  0.84 |  0.92
        5116 |  0.95 |  0.94 |  0.87 |  0.89 |  1.40 |  0.84 |  0.92
        5116 |  0.95 |  0.94 |  0.87 |  0.89 |  1.40 |  0.84 |  0.92
        5117 |  0.84 |  1.24 |  0.95 |  1.35 |  0.65 |  0.74 |  1.09
        5117 |  0.84 |  1.24 |  0.95 |  1.35 |  0.65 |  0.74 |  1.09
        5117 |  0.84 |  1.24 |  0.95 |  1.35 |  0.65 |  0.74 |  1.09
        5117 |  0.84 |  1.24 |  0.95 |  1.35 |  0.65 |  0.74 |  1.09
        5117 |  0.84 |  1.24 |  0.95 |  1.35 |  0.65 |  0.74 |  1.09
        5117 |  0.84 |  1.24 |  0.95 |  1.35 |  0.65 |  0.74 |  1.09
        5117 |  0.84 |  1.24 |  0.95 |  1.35 |  0.65 |  0.74 |  1.09
        5117 |  0.84 |  1.24 |  0.95 |  1.35 |  0.65 |  0.74 |  1.09
        5117 |  0.84 |  1.24 |  0.95 |  1.35 |  0.65 |  0.74 |  1.09
        5117 |  0.84 |  1.24 |  0.95 |  1.35 |  0.65 |  0.74 |  1.09
        5117 |  0.84 |  1.24 |  0.95 |  1.35 |  0.65 |  0.74 |  1.09
        5117 |  0.84 |  1.24 |  0.95 |  1.35 |  0.65 |  0.74 |  1.09
        5117 |  0.84 |  1.24 |  0.95 |  1.35 |  0.65 |  0.74 |  1.09
        5117 |  0.84 |  1.24 |  0.95 |  1.35 |  0.65 |  0.74 |  1.09
        5117 |  0.84 |  1.24 |  0.95 |  1.35 |  0.65 |  0.74 |  1.09
        5117 |  0.84 |  1.24 |  0.95 |  1.35 |  0.65 |  0.74 |  1.09
        5117 |  0.84 |  1.24 |  0.95 |  1.35 |  0.65 |  0.74 |  1.09
        5117 |  0.84 |  1.24 |  0.95 |  1.35 |  0.65 |  0.74 |  1.09
        5117 |  0.84 |  1.24 |  0.95 |  1.35 |  0.65 |  0.74 |  1.09
        5117 |  0.84 |  1.24 |  0.95 |  1.35 |  0.65 |  0.74 |  1.09
        5117 |  0.84 |  1.24 |  0.95 |  1.35 |  0.65 |  0.74 |  1.09
        5117 |  0.84 |  1.24 |  0.95 |  1.35 |  0.65 |  0.74 |  1.09
        5117 |  0.84 |  1.24 |  0.95 |  1.35 |  0.65 |  0.74 |  1.09
        5117 |  0.84 |  1.24 |  0.95 |  1.35 |  0.65 |  0.74 |  1.09
        5117 |  0.84 |  1.24 |  0.95 |  1.35 |  0.65 |  0.74 |  1.09
        5117 |  0.84 |  1.24 |  0.95 |  1.35 |  0.65 |  0.74 |  1.09
        5117 |  0.84 |  1.24 |  0.95 |  1.35 |  0.65 |  0.74 |  1.09
        5117 |  0.84 |  1.24 |  0.95 |  1.35 |  0.65 |  0.74 |  1.09
        5117 |  0.84 |  1.24 |  0.95 |  1.35 |  0.65 |  0.74 |  1.09
        5117 |  0.84 |  1.24 |  0.95 |  1.35 |  0.65 |  0.74 |  1.09
        5117 |  0.84 |  1.24 |  0.95 |  1.35 |  0.65 |  0.74 |  1.09
        5117 |  0.84 |  1.24 |  0.95 |  1.35 |  0.65 |  0.74 |  1.09
        5117 |  0.84 |  1.24 |  0.95 |  1.35 |  0.65 |  0.74 |  1.09
        5117 |  0.84 |  1.24 |  0.95 |  1.35 |  0.65 |  0.74 |  1.09
        5117 |  0.84 |  1.24 |  0.95 |  1.35 |  0.65 |  0.74 |  1.09
        5117 |  0.84 |  1.24 |  0.95 |  1.35 |  0.65 |  0.74 |  1.09
        5117 |  0.84 |  1.24 |  0.95 |  1.35 |  0.65 |  0.74 |  1.09
        5117 |  0.84 |  1.24 |  0.95 |  1.35 |  0.65 |  0.74 |  1.09
        5117 |  0.84 |  1.24 |  0.95 |  1.35 |  0.65 |  0.74 |  1.09
        5117 |  0.84 |  1.24 |  0.95 |  1.35 |  0.65 |  0.74 |  1.09
        5117 |  0.84 |  1.24 |  0.95 |  1.35 |  0.65 |  0.74 |  1.09
        5117 |  0.84 |  1.24 |  0.95 |  1.35 |  0.65 |  0.74 |  1.09
        5117 |  0.84 |  1.24 |  0.95 |  1.35 |  0.65 |  0.74 |  1.09
        5117 |  0.84 |  1.24 |  0.95 |  1.35 |  0.65 |  0.74 |  1.09
        5117 |  0.84 |  1.24 |  0.95 |  1.35 |  0.65 |  0.74 |  1.09
        5117 |  0.84 |  1.24 |  0.95 |  1.35 |  0.65 |  0.74 |  1.09
        5117 |  0.84 |  1.24 |  0.95 |  1.35 |  0.65 |  0.74 |  1.09
        5117 |  0.84 |  1.24 |  0.95 |  1.35 |  0.65 |  0.74 |  1.09
        5117 |  0.84 |  1.24 |  0.95 |  1.35 |  0.65 |  0.74 |  1.09
        5118 |  1.07 |  1.11 |  1.15 |  0.91 |  0.92 |  1.46 |  1.33
        5118 |  1.07 |  1.11 |  1.15 |  0.91 |  0.92 |  1.46 |  1.33
        5118 |  1.07 |  1.11 |  1.15 |  0.91 |  0.92 |  1.46 |  1.33
        5118 |  1.07 |  1.11 |  1.15 |  0.91 |  0.92 |  1.46 |  1.33
        5118 |  1.07 |  1.11 |  1.15 |  0.91 |  0.92 |  1.46 |  1.33
        5118 |  1.07 |  1.11 |  1.15 |  0.91 |  0.92 |  1.46 |  1.33
        5118 |  1.07 |  1.11 |  1.15 |  0.91 |  0.92 |  1.46 |  1.33
        5118 |  1.07 |  1.11 |  1.15 |  0.91 |  0.92 |  1.46 |  1.33
        5118 |  1.07 |  1.11 |  1.15 |  0.91 |  0.92 |  1.46 |  1.33
        5118 |  1.07 |  1.11 |  1.15 |  0.91 |  0.92 |  1.46 |  1.33
        5118 |  1.07 |  1.11 |  1.15 |  0.91 |  0.92 |  1.46 |  1.33
        5118 |  1.07 |  1.11 |  1.15 |  0.91 |  0.92 |  1.46 |  1.33
        5118 |  1.07 |  1.11 |  1.15 |  0.91 |  0.92 |  1.46 |  1.33
        5118 |  1.07 |  1.11 |  1.15 |  0.91 |  0.92 |  1.46 |  1.33
        5118 |  1.07 |  1.11 |  1.15 |  0.91 |  0.92 |  1.46 |  1.33
        5118 |  1.07 |  1.11 |  1.15 |  0.91 |  0.92 |  1.46 |  1.33
        5118 |  1.07 |  1.11 |  1.15 |  0.91 |  0.92 |  1.46 |  1.33
        5118 |  1.07 |  1.11 |  1.15 |  0.91 |  0.92 |  1.46 |  1.33
        5118 |  1.07 |  1.11 |  1.15 |  0.91 |  0.92 |  1.46 |  1.33
        5118 |  1.07 |  1.11 |  1.15 |  0.91 |  0.92 |  1.46 |  1.33
        5118 |  1.07 |  1.11 |  1.15 |  0.91 |  0.92 |  1.46 |  1.33
        5118 |  1.07 |  1.11 |  1.15 |  0.91 |  0.92 |  1.46 |  1.33
        5118 |  1.07 |  1.11 |  1.15 |  0.91 |  0.92 |  1.46 |  1.33
        5118 |  1.07 |  1.11 |  1.15 |  0.91 |  0.92 |  1.46 |  1.33
        5118 |  1.07 |  1.11 |  1.15 |  0.91 |  0.92 |  1.46 |  1.33
        5118 |  1.07 |  1.11 |  1.15 |  0.91 |  0.92 |  1.46 |  1.33
        5118 |  1.07 |  1.11 |  1.15 |  0.91 |  0.92 |  1.46 |  1.33
        5118 |  1.07 |  1.11 |  1.15 |  0.91 |  0.92 |  1.46 |  1.33
        5118 |  1.07 |  1.11 |  1.15 |  0.91 |  0.92 |  1.46 |  1.33
        5118 |  1.07 |  1.11 |  1.15 |  0.91 |  0.92 |  1.46 |  1.33
        5118 |  1.07 |  1.11 |  1.15 |  0.91 |  0.92 |  1.46 |  1.33
        5118 |  1.07 |  1.11 |  1.15 |  0.91 |  0.92 |  1.46 |  1.33
        5118 |  1.07 |  1.11 |  1.15 |  0.91 |  0.92 |  1.46 |  1.33
        5118 |  1.07 |  1.11 |  1.15 |  0.91 |  0.92 |  1.46 |  1.33
        5118 |  1.07 |  1.11 |  1.15 |  0.91 |  0.92 |  1.46 |  1.33
        5118 |  1.07 |  1.11 |  1.15 |  0.91 |  0.92 |  1.46 |  1.33
        5118 |  1.07 |  1.11 |  1.15 |  0.91 |  0.92 |  1.46 |  1.33
        5118 |  1.07 |  1.11 |  1.15 |  0.91 |  0.92 |  1.46 |  1.33
        5118 |  1.07 |  1.11 |  1.15 |  0.91 |  0.92 |  1.46 |  1.33
        5118 |  1.07 |  1.11 |  1.15 |  0.91 |  0.92 |  1.46 |  1.33
        5118 |  1.07 |  1.11 |  1.15 |  0.91 |  0.92 |  1.46 |  1.33
        5118 |  1.07 |  1.11 |  1.15 |  0.91 |  0.92 |  1.46 |  1.33
        5118 |  1.07 |  1.11 |  1.15 |  0.91 |  0.92 |  1.46 |  1.33
        5118 |  1.07 |  1.11 |  1.15 |  0.91 |  0.92 |  1.46 |  1.33
        5118 |  1.07 |  1.11 |  1.15 |  0.91 |  0.92 |  1.46 |  1.33
        5118 |  1.07 |  1.11 |  1.15 |  0.91 |  0.92 |  1.46 |  1.33
        5118 |  1.07 |  1.11 |  1.15 |  0.91 |  0.92 |  1.46 |  1.33
        5118 |  1.07 |  1.11 |  1.15 |  0.91 |  0.92 |  1.46 |  1.33
        5118 |  1.07 |  1.11 |  1.15 |  0.91 |  0.92 |  1.46 |  1.33
        5119 |  0.99 |  0.88 |  0.98 |  0.88 |  1.26 |  1.13 |  1.13
        5119 |  0.99 |  0.88 |  0.98 |  0.88 |  1.26 |  1.13 |  1.13
        5119 |  0.99 |  0.88 |  0.98 |  0.88 |  1.26 |  1.13 |  1.13
        5119 |  0.99 |  0.88 |  0.98 |  0.88 |  1.26 |  1.13 |  1.13
        5119 |  0.99 |  0.88 |  0.98 |  0.88 |  1.26 |  1.13 |  1.13
        5119 |  0.99 |  0.88 |  0.98 |  0.88 |  1.26 |  1.13 |  1.13
        5119 |  0.99 |  0.88 |  0.98 |  0.88 |  1.26 |  1.13 |  1.13
        5119 |  0.99 |  0.88 |  0.98 |  0.88 |  1.26 |  1.13 |  1.13
        5119 |  0.99 |  0.88 |  0.98 |  0.88 |  1.26 |  1.13 |  1.13
        5119 |  0.99 |  0.88 |  0.98 |  0.88 |  1.26 |  1.13 |  1.13
        5119 |  0.99 |  0.88 |  0.98 |  0.88 |  1.26 |  1.13 |  1.13
        5119 |  0.99 |  0.88 |  0.98 |  0.88 |  1.26 |  1.13 |  1.13
        5119 |  0.99 |  0.88 |  0.98 |  0.88 |  1.26 |  1.13 |  1.13
        5119 |  0.99 |  0.88 |  0.98 |  0.88 |  1.26 |  1.13 |  1.13
        5119 |  0.99 |  0.88 |  0.98 |  0.88 |  1.26 |  1.13 |  1.13
        5119 |  0.99 |  0.88 |  0.98 |  0.88 |  1.26 |  1.13 |  1.13
        5119 |  0.99 |  0.88 |  0.98 |  0.88 |  1.26 |  1.13 |  1.13
        5119 |  0.99 |  0.88 |  0.98 |  0.88 |  1.26 |  1.13 |  1.13
        5119 |  0.99 |  0.88 |  0.98 |  0.88 |  1.26 |  1.13 |  1.13
        5119 |  0.99 |  0.88 |  0.98 |  0.88 |  1.26 |  1.13 |  1.13
        5119 |  0.99 |  0.88 |  0.98 |  0.88 |  1.26 |  1.13 |  1.13
        5119 |  0.99 |  0.88 |  0.98 |  0.88 |  1.26 |  1.13 |  1.13
        5119 |  0.99 |  0.88 |  0.98 |  0.88 |  1.26 |  1.13 |  1.13
        5119 |  0.99 |  0.88 |  0.98 |  0.88 |  1.26 |  1.13 |  1.13
        5119 |  0.99 |  0.88 |  0.98 |  0.88 |  1.26 |  1.13 |  1.13
        5119 |  0.99 |  0.88 |  0.98 |  0.88 |  1.26 |  1.13 |  1.13
        5119 |  0.99 |  0.88 |  0.98 |  0.88 |  1.26 |  1.13 |  1.13
        5119 |  0.99 |  0.88 |  0.98 |  0.88 |  1.26 |  1.13 |  1.13
        5119 |  0.99 |  0.88 |  0.98 |  0.88 |  1.26 |  1.13 |  1.13
        5119 |  0.99 |  0.88 |  0.98 |  0.88 |  1.26 |  1.13 |  1.13
        5119 |  0.99 |  0.88 |  0.98 |  0.88 |  1.26 |  1.13 |  1.13
        5119 |  0.99 |  0.88 |  0.98 |  0.88 |  1.26 |  1.13 |  1.13
        5119 |  0.99 |  0.88 |  0.98 |  0.88 |  1.26 |  1.13 |  1.13
        5119 |  0.99 |  0.88 |  0.98 |  0.88 |  1.26 |  1.13 |  1.13
        5119 |  0.99 |  0.88 |  0.98 |  0.88 |  1.26 |  1.13 |  1.13
        5119 |  0.99 |  0.88 |  0.98 |  0.88 |  1.26 |  1.13 |  1.13
        5119 |  0.99 |  0.88 |  0.98 |  0.88 |  1.26 |  1.13 |  1.13
        5119 |  0.99 |  0.88 |  0.98 |  0.88 |  1.26 |  1.13 |  1.13
        5119 |  0.99 |  0.88 |  0.98 |  0.88 |  1.26 |  1.13 |  1.13
        5119 |  0.99 |  0.88 |  0.98 |  0.88 |  1.26 |  1.13 |  1.13
        5119 |  0.99 |  0.88 |  0.98 |  0.88 |  1.26 |  1.13 |  1.13
        5119 |  0.99 |  0.88 |  0.98 |  0.88 |  1.26 |  1.13 |  1.13
        5119 |  0.99 |  0.88 |  0.98 |  0.88 |  1.26 |  1.13 |  1.13
        5119 |  0.99 |  0.88 |  0.98 |  0.88 |  1.26 |  1.13 |  1.13
        5119 |  0.99 |  0.88 |  0.98 |  0.88 |  1.26 |  1.13 |  1.13
        5119 |  0.99 |  0.88 |  0.98 |  0.88 |  1.26 |  1.13 |  1.13
        5119 |  0.99 |  0.88 |  0.98 |  0.88 |  1.26 |  1.13 |  1.13
        5119 |  0.99 |  0.88 |  0.98 |  0.88 |  1.26 |  1.13 |  1.13
        5119 |  0.99 |  0.88 |  0.98 |  0.88 |  1.26 |  1.13 |  1.13
        5120 |  1.27 |  0.96 |  0.90 |  0.85 |  0.73 |  1.09 |  0.86
        5120 |  1.27 |  0.96 |  0.90 |  0.85 |  0.73 |  1.09 |  0.86
        5120 |  1.27 |  0.96 |  0.90 |  0.85 |  0.73 |  1.09 |  0.86
        5120 |  1.27 |  0.96 |  0.90 |  0.85 |  0.73 |  1.09 |  0.86
        5120 |  1.27 |  0.96 |  0.90 |  0.85 |  0.73 |  1.09 |  0.86
        5120 |  1.27 |  0.96 |  0.90 |  0.85 |  0.73 |  1.09 |  0.86
        5120 |  1.27 |  0.96 |  0.90 |  0.85 |  0.73 |  1.09 |  0.86
        5120 |  1.27 |  0.96 |  0.90 |  0.85 |  0.73 |  1.09 |  0.86
        5120 |  1.27 |  0.96 |  0.90 |  0.85 |  0.73 |  1.09 |  0.86
        5120 |  1.27 |  0.96 |  0.90 |  0.85 |  0.73 |  1.09 |  0.86
        5120 |  1.27 |  0.96 |  0.90 |  0.85 |  0.73 |  1.09 |  0.86
        5120 |  1.27 |  0.96 |  0.90 |  0.85 |  0.73 |  1.09 |  0.86
        5120 |  1.27 |  0.96 |  0.90 |  0.85 |  0.73 |  1.09 |  0.86
        5120 |  1.27 |  0.96 |  0.90 |  0.85 |  0.73 |  1.09 |  0.86
        5120 |  1.27 |  0.96 |  0.90 |  0.85 |  0.73 |  1.09 |  0.86
        5120 |  1.27 |  0.96 |  0.90 |  0.85 |  0.73 |  1.09 |  0.86
        5120 |  1.27 |  0.96 |  0.90 |  0.85 |  0.73 |  1.09 |  0.86
        5120 |  1.27 |  0.96 |  0.90 |  0.85 |  0.73 |  1.09 |  0.86
        5120 |  1.27 |  0.96 |  0.90 |  0.85 |  0.73 |  1.09 |  0.86
        5120 |  1.27 |  0.96 |  0.90 |  0.85 |  0.73 |  1.09 |  0.86
        5120 |  1.27 |  0.96 |  0.90 |  0.85 |  0.73 |  1.09 |  0.86
        5120 |  1.27 |  0.96 |  0.90 |  0.85 |  0.73 |  1.09 |  0.86
        5120 |  1.27 |  0.96 |  0.90 |  0.85 |  0.73 |  1.09 |  0.86
        5120 |  1.27 |  0.96 |  0.90 |  0.85 |  0.73 |  1.09 |  0.86
        5120 |  1.27 |  0.96 |  0.90 |  0.85 |  0.73 |  1.09 |  0.86
        5120 |  1.27 |  0.96 |  0.90 |  0.85 |  0.73 |  1.09 |  0.86
        5120 |  1.27 |  0.96 |  0.90 |  0.85 |  0.73 |  1.09 |  0.86
        5120 |  1.27 |  0.96 |  0.90 |  0.85 |  0.73 |  1.09 |  0.86
        5120 |  1.27 |  0.96 |  0.90 |  0.85 |  0.73 |  1.09 |  0.86
        5120 |  1.27 |  0.96 |  0.90 |  0.85 |  0.73 |  1.09 |  0.86
        5120 |  1.27 |  0.96 |  0.90 |  0.85 |  0.73 |  1.09 |  0.86
        5120 |  1.27 |  0.96 |  0.90 |  0.85 |  0.73 |  1.09 |  0.86
        5120 |  1.27 |  0.96 |  0.90 |  0.85 |  0.73 |  1.09 |  0.86
        5120 |  1.27 |  0.96 |  0.90 |  0.85 |  0.73 |  1.09 |  0.86
        5120 |  1.27 |  0.96 |  0.90 |  0.85 |  0.73 |  1.09 |  0.86
        5120 |  1.27 |  0.96 |  0.90 |  0.85 |  0.73 |  1.09 |  0.86
        5120 |  1.27 |  0.96 |  0.90 |  0.85 |  0.73 |  1.09 |  0.86
        5120 |  1.27 |  0.96 |  0.90 |  0.85 |  0.73 |  1.09 |  0.86
        5120 |  1.27 |  0.96 |  0.90 |  0.85 |  0.73 |  1.09 |  0.86
        5120 |  1.27 |  0.96 |  0.90 |  0.85 |  0.73 |  1.09 |  0.86
        5120 |  1.27 |  0.96 |  0.90 |  0.85 |  0.73 |  1.09 |  0.86
        5120 |  1.27 |  0.96 |  0.90 |  0.85 |  0.73 |  1.09 |  0.86
        5120 |  1.27 |  0.96 |  0.90 |  0.85 |  0.73 |  1.09 |  0.86
        5120 |  1.27 |  0.96 |  0.90 |  0.85 |  0.73 |  1.09 |  0.86
        5120 |  1.27 |  0.96 |  0.90 |  0.85 |  0.73 |  1.09 |  0.86
        5120 |  1.27 |  0.96 |  0.90 |  0.85 |  0.73 |  1.09 |  0.86
        5120 |  1.27 |  0.96 |  0.90 |  0.85 |  0.73 |  1.09 |  0.86
        5120 |  1.27 |  0.96 |  0.90 |  0.85 |  0.73 |  1.09 |  0.86
        5120 |  1.27 |  0.96 |  0.90 |  0.85 |  0.73 |  1.09 |  0.86
        5121 |  1.58 |  3.38 |  1.14 |  0.95 |  0.83 |  1.33 |  1.14
        5121 |  1.58 |  3.38 |  1.14 |  0.95 |  0.83 |  1.33 |  1.14
        5121 |  1.58 |  3.38 |  1.14 |  0.95 |  0.83 |  1.33 |  1.14
        5121 |  1.58 |  3.38 |  1.14 |  0.95 |  0.83 |  1.33 |  1.14
        5121 |  1.58 |  3.38 |  1.14 |  0.95 |  0.83 |  1.33 |  1.14
        5121 |  1.58 |  3.38 |  1.14 |  0.95 |  0.83 |  1.33 |  1.14
        5121 |  1.58 |  3.38 |  1.14 |  0.95 |  0.83 |  1.33 |  1.14
        5121 |  1.58 |  3.38 |  1.14 |  0.95 |  0.83 |  1.33 |  1.14
        5121 |  1.58 |  3.38 |  1.14 |  0.95 |  0.83 |  1.33 |  1.14
        5121 |  1.58 |  3.38 |  1.14 |  0.95 |  0.83 |  1.33 |  1.14
        5121 |  1.58 |  3.38 |  1.14 |  0.95 |  0.83 |  1.33 |  1.14
        5121 |  1.58 |  3.38 |  1.14 |  0.95 |  0.83 |  1.33 |  1.14
        5121 |  1.58 |  3.38 |  1.14 |  0.95 |  0.83 |  1.33 |  1.14
        5121 |  1.58 |  3.38 |  1.14 |  0.95 |  0.83 |  1.33 |  1.14
        5121 |  1.58 |  3.38 |  1.14 |  0.95 |  0.83 |  1.33 |  1.14
        5121 |  1.58 |  3.38 |  1.14 |  0.95 |  0.83 |  1.33 |  1.14
        5121 |  1.58 |  3.38 |  1.14 |  0.95 |  0.83 |  1.33 |  1.14
        5121 |  1.58 |  3.38 |  1.14 |  0.95 |  0.83 |  1.33 |  1.14
        5121 |  1.58 |  3.38 |  1.14 |  0.95 |  0.83 |  1.33 |  1.14
        5121 |  1.58 |  3.38 |  1.14 |  0.95 |  0.83 |  1.33 |  1.14
        5121 |  1.58 |  3.38 |  1.14 |  0.95 |  0.83 |  1.33 |  1.14
        5121 |  1.58 |  3.38 |  1.14 |  0.95 |  0.83 |  1.33 |  1.14
        5121 |  1.58 |  3.38 |  1.14 |  0.95 |  0.83 |  1.33 |  1.14
        5121 |  1.58 |  3.38 |  1.14 |  0.95 |  0.83 |  1.33 |  1.14
        5121 |  1.58 |  3.38 |  1.14 |  0.95 |  0.83 |  1.33 |  1.14
        5121 |  1.58 |  3.38 |  1.14 |  0.95 |  0.83 |  1.33 |  1.14
        5121 |  1.58 |  3.38 |  1.14 |  0.95 |  0.83 |  1.33 |  1.14
        5121 |  1.58 |  3.38 |  1.14 |  0.95 |  0.83 |  1.33 |  1.14
        5121 |  1.58 |  3.38 |  1.14 |  0.95 |  0.83 |  1.33 |  1.14
        5121 |  1.58 |  3.38 |  1.14 |  0.95 |  0.83 |  1.33 |  1.14
        5121 |  1.58 |  3.38 |  1.14 |  0.95 |  0.83 |  1.33 |  1.14
        5121 |  1.58 |  3.38 |  1.14 |  0.95 |  0.83 |  1.33 |  1.14
        5121 |  1.58 |  3.38 |  1.14 |  0.95 |  0.83 |  1.33 |  1.14
        5121 |  1.58 |  3.38 |  1.14 |  0.95 |  0.83 |  1.33 |  1.14
        5121 |  1.58 |  3.38 |  1.14 |  0.95 |  0.83 |  1.33 |  1.14
        5121 |  1.58 |  3.38 |  1.14 |  0.95 |  0.83 |  1.33 |  1.14
        5121 |  1.58 |  3.38 |  1.14 |  0.95 |  0.83 |  1.33 |  1.14
        5121 |  1.58 |  3.38 |  1.14 |  0.95 |  0.83 |  1.33 |  1.14
        5121 |  1.58 |  3.38 |  1.14 |  0.95 |  0.83 |  1.33 |  1.14
        5121 |  1.58 |  3.38 |  1.14 |  0.95 |  0.83 |  1.33 |  1.14
        5121 |  1.58 |  3.38 |  1.14 |  0.95 |  0.83 |  1.33 |  1.14
        5121 |  1.58 |  3.38 |  1.14 |  0.95 |  0.83 |  1.33 |  1.14
        5121 |  1.58 |  3.38 |  1.14 |  0.95 |  0.83 |  1.33 |  1.14
        5121 |  1.58 |  3.38 |  1.14 |  0.95 |  0.83 |  1.33 |  1.14
        5121 |  1.58 |  3.38 |  1.14 |  0.95 |  0.83 |  1.33 |  1.14
        5121 |  1.58 |  3.38 |  1.14 |  0.95 |  0.83 |  1.33 |  1.14
        5121 |  1.58 |  3.38 |  1.14 |  0.95 |  0.83 |  1.33 |  1.14
        5121 |  1.58 |  3.38 |  1.14 |  0.95 |  0.83 |  1.33 |  1.14
        5121 |  1.58 |  3.38 |  1.14 |  0.95 |  0.83 |  1.33 |  1.14
        5122 |  0.29 |  0.78 |  1.48 |  1.06 |  1.19 |  1.08 |  0.86
        5122 |  0.29 |  0.78 |  1.48 |  1.06 |  1.19 |  1.08 |  0.86
        5122 |  0.29 |  0.78 |  1.48 |  1.06 |  1.19 |  1.08 |  0.86
        5122 |  0.29 |  0.78 |  1.48 |  1.06 |  1.19 |  1.08 |  0.86
        5122 |  0.29 |  0.78 |  1.48 |  1.06 |  1.19 |  1.08 |  0.86
        5122 |  0.29 |  0.78 |  1.48 |  1.06 |  1.19 |  1.08 |  0.86
        5122 |  0.29 |  0.78 |  1.48 |  1.06 |  1.19 |  1.08 |  0.86
        5122 |  0.29 |  0.78 |  1.48 |  1.06 |  1.19 |  1.08 |  0.86
        5122 |  0.29 |  0.78 |  1.48 |  1.06 |  1.19 |  1.08 |  0.86
        5122 |  0.29 |  0.78 |  1.48 |  1.06 |  1.19 |  1.08 |  0.86
        5122 |  0.29 |  0.78 |  1.48 |  1.06 |  1.19 |  1.08 |  0.86
        5122 |  0.29 |  0.78 |  1.48 |  1.06 |  1.19 |  1.08 |  0.86
        5122 |  0.29 |  0.78 |  1.48 |  1.06 |  1.19 |  1.08 |  0.86
        5122 |  0.29 |  0.78 |  1.48 |  1.06 |  1.19 |  1.08 |  0.86
        5122 |  0.29 |  0.78 |  1.48 |  1.06 |  1.19 |  1.08 |  0.86
        5122 |  0.29 |  0.78 |  1.48 |  1.06 |  1.19 |  1.08 |  0.86
        5122 |  0.29 |  0.78 |  1.48 |  1.06 |  1.19 |  1.08 |  0.86
        5122 |  0.29 |  0.78 |  1.48 |  1.06 |  1.19 |  1.08 |  0.86
        5122 |  0.29 |  0.78 |  1.48 |  1.06 |  1.19 |  1.08 |  0.86
        5122 |  0.29 |  0.78 |  1.48 |  1.06 |  1.19 |  1.08 |  0.86
        5122 |  0.29 |  0.78 |  1.48 |  1.06 |  1.19 |  1.08 |  0.86
        5122 |  0.29 |  0.78 |  1.48 |  1.06 |  1.19 |  1.08 |  0.86
        5122 |  0.29 |  0.78 |  1.48 |  1.06 |  1.19 |  1.08 |  0.86
        5122 |  0.29 |  0.78 |  1.48 |  1.06 |  1.19 |  1.08 |  0.86
        5122 |  0.29 |  0.78 |  1.48 |  1.06 |  1.19 |  1.08 |  0.86
        5122 |  0.29 |  0.78 |  1.48 |  1.06 |  1.19 |  1.08 |  0.86
        5122 |  0.29 |  0.78 |  1.48 |  1.06 |  1.19 |  1.08 |  0.86
        5122 |  0.29 |  0.78 |  1.48 |  1.06 |  1.19 |  1.08 |  0.86
        5122 |  0.29 |  0.78 |  1.48 |  1.06 |  1.19 |  1.08 |  0.86
        5122 |  0.29 |  0.78 |  1.48 |  1.06 |  1.19 |  1.08 |  0.86
        5122 |  0.29 |  0.78 |  1.48 |  1.06 |  1.19 |  1.08 |  0.86
        5122 |  0.29 |  0.78 |  1.48 |  1.06 |  1.19 |  1.08 |  0.86
        5122 |  0.29 |  0.78 |  1.48 |  1.06 |  1.19 |  1.08 |  0.86
        5122 |  0.29 |  0.78 |  1.48 |  1.06 |  1.19 |  1.08 |  0.86
        5122 |  0.29 |  0.78 |  1.48 |  1.06 |  1.19 |  1.08 |  0.86
        5122 |  0.29 |  0.78 |  1.48 |  1.06 |  1.19 |  1.08 |  0.86
        5122 |  0.29 |  0.78 |  1.48 |  1.06 |  1.19 |  1.08 |  0.86
        5122 |  0.29 |  0.78 |  1.48 |  1.06 |  1.19 |  1.08 |  0.86
        5122 |  0.29 |  0.78 |  1.48 |  1.06 |  1.19 |  1.08 |  0.86
        5122 |  0.29 |  0.78 |  1.48 |  1.06 |  1.19 |  1.08 |  0.86
        5122 |  0.29 |  0.78 |  1.48 |  1.06 |  1.19 |  1.08 |  0.86
        5122 |  0.29 |  0.78 |  1.48 |  1.06 |  1.19 |  1.08 |  0.86
        5122 |  0.29 |  0.78 |  1.48 |  1.06 |  1.19 |  1.08 |  0.86
        5122 |  0.29 |  0.78 |  1.48 |  1.06 |  1.19 |  1.08 |  0.86
        5122 |  0.29 |  0.78 |  1.48 |  1.06 |  1.19 |  1.08 |  0.86
        5122 |  0.29 |  0.78 |  1.48 |  1.06 |  1.19 |  1.08 |  0.86
        5122 |  0.29 |  0.78 |  1.48 |  1.06 |  1.19 |  1.08 |  0.86
        5122 |  0.29 |  0.78 |  1.48 |  1.06 |  1.19 |  1.08 |  0.86
        5122 |  0.29 |  0.78 |  1.48 |  1.06 |  1.19 |  1.08 |  0.86
        5123 |  1.06 |  0.84 |  0.93 |  1.12 |  1.07 |  1.07 |  0.88
        5123 |  1.06 |  0.84 |  0.93 |  1.12 |  1.07 |  1.07 |  0.88
        5123 |  1.06 |  0.84 |  0.93 |  1.12 |  1.07 |  1.07 |  0.88
        5123 |  1.06 |  0.84 |  0.93 |  1.12 |  1.07 |  1.07 |  0.88
        5123 |  1.06 |  0.84 |  0.93 |  1.12 |  1.07 |  1.07 |  0.88
        5123 |  1.06 |  0.84 |  0.93 |  1.12 |  1.07 |  1.07 |  0.88
        5123 |  1.06 |  0.84 |  0.93 |  1.12 |  1.07 |  1.07 |  0.88
        5123 |  1.06 |  0.84 |  0.93 |  1.12 |  1.07 |  1.07 |  0.88
        5123 |  1.06 |  0.84 |  0.93 |  1.12 |  1.07 |  1.07 |  0.88
        5123 |  1.06 |  0.84 |  0.93 |  1.12 |  1.07 |  1.07 |  0.88
        5123 |  1.06 |  0.84 |  0.93 |  1.12 |  1.07 |  1.07 |  0.88
        5123 |  1.06 |  0.84 |  0.93 |  1.12 |  1.07 |  1.07 |  0.88
        5123 |  1.06 |  0.84 |  0.93 |  1.12 |  1.07 |  1.07 |  0.88
        5123 |  1.06 |  0.84 |  0.93 |  1.12 |  1.07 |  1.07 |  0.88
        5123 |  1.06 |  0.84 |  0.93 |  1.12 |  1.07 |  1.07 |  0.88
        5123 |  1.06 |  0.84 |  0.93 |  1.12 |  1.07 |  1.07 |  0.88
        5123 |  1.06 |  0.84 |  0.93 |  1.12 |  1.07 |  1.07 |  0.88
        5123 |  1.06 |  0.84 |  0.93 |  1.12 |  1.07 |  1.07 |  0.88
        5123 |  1.06 |  0.84 |  0.93 |  1.12 |  1.07 |  1.07 |  0.88
        5123 |  1.06 |  0.84 |  0.93 |  1.12 |  1.07 |  1.07 |  0.88
        5123 |  1.06 |  0.84 |  0.93 |  1.12 |  1.07 |  1.07 |  0.88
        5123 |  1.06 |  0.84 |  0.93 |  1.12 |  1.07 |  1.07 |  0.88
        5123 |  1.06 |  0.84 |  0.93 |  1.12 |  1.07 |  1.07 |  0.88
        5123 |  1.06 |  0.84 |  0.93 |  1.12 |  1.07 |  1.07 |  0.88
        5123 |  1.06 |  0.84 |  0.93 |  1.12 |  1.07 |  1.07 |  0.88
        5123 |  1.06 |  0.84 |  0.93 |  1.12 |  1.07 |  1.07 |  0.88
        5123 |  1.06 |  0.84 |  0.93 |  1.12 |  1.07 |  1.07 |  0.88
        5123 |  1.06 |  0.84 |  0.93 |  1.12 |  1.07 |  1.07 |  0.88
        5123 |  1.06 |  0.84 |  0.93 |  1.12 |  1.07 |  1.07 |  0.88
        5123 |  1.06 |  0.84 |  0.93 |  1.12 |  1.07 |  1.07 |  0.88
        5123 |  1.06 |  0.84 |  0.93 |  1.12 |  1.07 |  1.07 |  0.88
        5123 |  1.06 |  0.84 |  0.93 |  1.12 |  1.07 |  1.07 |  0.88
        5123 |  1.06 |  0.84 |  0.93 |  1.12 |  1.07 |  1.07 |  0.88
        5123 |  1.06 |  0.84 |  0.93 |  1.12 |  1.07 |  1.07 |  0.88
        5123 |  1.06 |  0.84 |  0.93 |  1.12 |  1.07 |  1.07 |  0.88
        5123 |  1.06 |  0.84 |  0.93 |  1.12 |  1.07 |  1.07 |  0.88
        5123 |  1.06 |  0.84 |  0.93 |  1.12 |  1.07 |  1.07 |  0.88
        5123 |  1.06 |  0.84 |  0.93 |  1.12 |  1.07 |  1.07 |  0.88
        5123 |  1.06 |  0.84 |  0.93 |  1.12 |  1.07 |  1.07 |  0.88
        5123 |  1.06 |  0.84 |  0.93 |  1.12 |  1.07 |  1.07 |  0.88
        5123 |  1.06 |  0.84 |  0.93 |  1.12 |  1.07 |  1.07 |  0.88
        5123 |  1.06 |  0.84 |  0.93 |  1.12 |  1.07 |  1.07 |  0.88
        5123 |  1.06 |  0.84 |  0.93 |  1.12 |  1.07 |  1.07 |  0.88
        5123 |  1.06 |  0.84 |  0.93 |  1.12 |  1.07 |  1.07 |  0.88
        5123 |  1.06 |  0.84 |  0.93 |  1.12 |  1.07 |  1.07 |  0.88
        5123 |  1.06 |  0.84 |  0.93 |  1.12 |  1.07 |  1.07 |  0.88
        5123 |  1.06 |  0.84 |  0.93 |  1.12 |  1.07 |  1.07 |  0.88
        5123 |  1.06 |  0.84 |  0.93 |  1.12 |  1.07 |  1.07 |  0.88
        5123 |  1.06 |  0.84 |  0.93 |  1.12 |  1.07 |  1.07 |  0.88
        5124 |  1.19 |  1.29 |  0.94 |  1.26 |  1.15 |  0.94 |  1.42
        5124 |  1.19 |  1.29 |  0.94 |  1.26 |  1.15 |  0.94 |  1.42
        5124 |  1.19 |  1.29 |  0.94 |  1.26 |  1.15 |  0.94 |  1.42
        5124 |  1.19 |  1.29 |  0.94 |  1.26 |  1.15 |  0.94 |  1.42
        5124 |  1.19 |  1.29 |  0.94 |  1.26 |  1.15 |  0.94 |  1.42
        5124 |  1.19 |  1.29 |  0.94 |  1.26 |  1.15 |  0.94 |  1.42
        5124 |  1.19 |  1.29 |  0.94 |  1.26 |  1.15 |  0.94 |  1.42
        5124 |  1.19 |  1.29 |  0.94 |  1.26 |  1.15 |  0.94 |  1.42
        5124 |  1.19 |  1.29 |  0.94 |  1.26 |  1.15 |  0.94 |  1.42
        5124 |  1.19 |  1.29 |  0.94 |  1.26 |  1.15 |  0.94 |  1.42
        5124 |  1.19 |  1.29 |  0.94 |  1.26 |  1.15 |  0.94 |  1.42
        5124 |  1.19 |  1.29 |  0.94 |  1.26 |  1.15 |  0.94 |  1.42
        5124 |  1.19 |  1.29 |  0.94 |  1.26 |  1.15 |  0.94 |  1.42
        5124 |  1.19 |  1.29 |  0.94 |  1.26 |  1.15 |  0.94 |  1.42
        5124 |  1.19 |  1.29 |  0.94 |  1.26 |  1.15 |  0.94 |  1.42
        5124 |  1.19 |  1.29 |  0.94 |  1.26 |  1.15 |  0.94 |  1.42
        5124 |  1.19 |  1.29 |  0.94 |  1.26 |  1.15 |  0.94 |  1.42
        5124 |  1.19 |  1.29 |  0.94 |  1.26 |  1.15 |  0.94 |  1.42
        5124 |  1.19 |  1.29 |  0.94 |  1.26 |  1.15 |  0.94 |  1.42
        5124 |  1.19 |  1.29 |  0.94 |  1.26 |  1.15 |  0.94 |  1.42
        5124 |  1.19 |  1.29 |  0.94 |  1.26 |  1.15 |  0.94 |  1.42
        5124 |  1.19 |  1.29 |  0.94 |  1.26 |  1.15 |  0.94 |  1.42
        5124 |  1.19 |  1.29 |  0.94 |  1.26 |  1.15 |  0.94 |  1.42
        5124 |  1.19 |  1.29 |  0.94 |  1.26 |  1.15 |  0.94 |  1.42
        5124 |  1.19 |  1.29 |  0.94 |  1.26 |  1.15 |  0.94 |  1.42
        5124 |  1.19 |  1.29 |  0.94 |  1.26 |  1.15 |  0.94 |  1.42
        5124 |  1.19 |  1.29 |  0.94 |  1.26 |  1.15 |  0.94 |  1.42
        5124 |  1.19 |  1.29 |  0.94 |  1.26 |  1.15 |  0.94 |  1.42
        5124 |  1.19 |  1.29 |  0.94 |  1.26 |  1.15 |  0.94 |  1.42
        5124 |  1.19 |  1.29 |  0.94 |  1.26 |  1.15 |  0.94 |  1.42
        5124 |  1.19 |  1.29 |  0.94 |  1.26 |  1.15 |  0.94 |  1.42
        5124 |  1.19 |  1.29 |  0.94 |  1.26 |  1.15 |  0.94 |  1.42
        5124 |  1.19 |  1.29 |  0.94 |  1.26 |  1.15 |  0.94 |  1.42
        5124 |  1.19 |  1.29 |  0.94 |  1.26 |  1.15 |  0.94 |  1.42
        5124 |  1.19 |  1.29 |  0.94 |  1.26 |  1.15 |  0.94 |  1.42
        5124 |  1.19 |  1.29 |  0.94 |  1.26 |  1.15 |  0.94 |  1.42
        5124 |  1.19 |  1.29 |  0.94 |  1.26 |  1.15 |  0.94 |  1.42
        5124 |  1.19 |  1.29 |  0.94 |  1.26 |  1.15 |  0.94 |  1.42
        5124 |  1.19 |  1.29 |  0.94 |  1.26 |  1.15 |  0.94 |  1.42
        5124 |  1.19 |  1.29 |  0.94 |  1.26 |  1.15 |  0.94 |  1.42
        5124 |  1.19 |  1.29 |  0.94 |  1.26 |  1.15 |  0.94 |  1.42
        5124 |  1.19 |  1.29 |  0.94 |  1.26 |  1.15 |  0.94 |  1.42
        5124 |  1.19 |  1.29 |  0.94 |  1.26 |  1.15 |  0.94 |  1.42
        5124 |  1.19 |  1.29 |  0.94 |  1.26 |  1.15 |  0.94 |  1.42
        5124 |  1.19 |  1.29 |  0.94 |  1.26 |  1.15 |  0.94 |  1.42
        5124 |  1.19 |  1.29 |  0.94 |  1.26 |  1.15 |  0.94 |  1.42
        5124 |  1.19 |  1.29 |  0.94 |  1.26 |  1.15 |  0.94 |  1.42
        5124 |  1.19 |  1.29 |  0.94 |  1.26 |  1.15 |  0.94 |  1.42
        5124 |  1.19 |  1.29 |  0.94 |  1.26 |  1.15 |  0.94 |  1.42
        5125 |  0.85 |  1.23 |  0.92 |  1.18 |  0.90 |  1.19 |  1.06
        5125 |  0.85 |  1.23 |  0.92 |  1.18 |  0.90 |  1.19 |  1.06
        5125 |  0.85 |  1.23 |  0.92 |  1.18 |  0.90 |  1.19 |  1.06
        5125 |  0.85 |  1.23 |  0.92 |  1.18 |  0.90 |  1.19 |  1.06
        5125 |  0.85 |  1.23 |  0.92 |  1.18 |  0.90 |  1.19 |  1.06
        5125 |  0.85 |  1.23 |  0.92 |  1.18 |  0.90 |  1.19 |  1.06
        5125 |  0.85 |  1.23 |  0.92 |  1.18 |  0.90 |  1.19 |  1.06
        5125 |  0.85 |  1.23 |  0.92 |  1.18 |  0.90 |  1.19 |  1.06
        5125 |  0.85 |  1.23 |  0.92 |  1.18 |  0.90 |  1.19 |  1.06
        5125 |  0.85 |  1.23 |  0.92 |  1.18 |  0.90 |  1.19 |  1.06
        5125 |  0.85 |  1.23 |  0.92 |  1.18 |  0.90 |  1.19 |  1.06
        5125 |  0.85 |  1.23 |  0.92 |  1.18 |  0.90 |  1.19 |  1.06
        5125 |  0.85 |  1.23 |  0.92 |  1.18 |  0.90 |  1.19 |  1.06
        5125 |  0.85 |  1.23 |  0.92 |  1.18 |  0.90 |  1.19 |  1.06
        5125 |  0.85 |  1.23 |  0.92 |  1.18 |  0.90 |  1.19 |  1.06
        5125 |  0.85 |  1.23 |  0.92 |  1.18 |  0.90 |  1.19 |  1.06
        5125 |  0.85 |  1.23 |  0.92 |  1.18 |  0.90 |  1.19 |  1.06
        5125 |  0.85 |  1.23 |  0.92 |  1.18 |  0.90 |  1.19 |  1.06
        5125 |  0.85 |  1.23 |  0.92 |  1.18 |  0.90 |  1.19 |  1.06
        5125 |  0.85 |  1.23 |  0.92 |  1.18 |  0.90 |  1.19 |  1.06
        5125 |  0.85 |  1.23 |  0.92 |  1.18 |  0.90 |  1.19 |  1.06
        5125 |  0.85 |  1.23 |  0.92 |  1.18 |  0.90 |  1.19 |  1.06
        5125 |  0.85 |  1.23 |  0.92 |  1.18 |  0.90 |  1.19 |  1.06
        5125 |  0.85 |  1.23 |  0.92 |  1.18 |  0.90 |  1.19 |  1.06
        5125 |  0.85 |  1.23 |  0.92 |  1.18 |  0.90 |  1.19 |  1.06
        5125 |  0.85 |  1.23 |  0.92 |  1.18 |  0.90 |  1.19 |  1.06
        5125 |  0.85 |  1.23 |  0.92 |  1.18 |  0.90 |  1.19 |  1.06
        5125 |  0.85 |  1.23 |  0.92 |  1.18 |  0.90 |  1.19 |  1.06
        5125 |  0.85 |  1.23 |  0.92 |  1.18 |  0.90 |  1.19 |  1.06
        5125 |  0.85 |  1.23 |  0.92 |  1.18 |  0.90 |  1.19 |  1.06
        5125 |  0.85 |  1.23 |  0.92 |  1.18 |  0.90 |  1.19 |  1.06
        5125 |  0.85 |  1.23 |  0.92 |  1.18 |  0.90 |  1.19 |  1.06
        5125 |  0.85 |  1.23 |  0.92 |  1.18 |  0.90 |  1.19 |  1.06
        5125 |  0.85 |  1.23 |  0.92 |  1.18 |  0.90 |  1.19 |  1.06
        5125 |  0.85 |  1.23 |  0.92 |  1.18 |  0.90 |  1.19 |  1.06
        5125 |  0.85 |  1.23 |  0.92 |  1.18 |  0.90 |  1.19 |  1.06
        5125 |  0.85 |  1.23 |  0.92 |  1.18 |  0.90 |  1.19 |  1.06
        5125 |  0.85 |  1.23 |  0.92 |  1.18 |  0.90 |  1.19 |  1.06
        5125 |  0.85 |  1.23 |  0.92 |  1.18 |  0.90 |  1.19 |  1.06
        5125 |  0.85 |  1.23 |  0.92 |  1.18 |  0.90 |  1.19 |  1.06
        5125 |  0.85 |  1.23 |  0.92 |  1.18 |  0.90 |  1.19 |  1.06
        5125 |  0.85 |  1.23 |  0.92 |  1.18 |  0.90 |  1.19 |  1.06
        5125 |  0.85 |  1.23 |  0.92 |  1.18 |  0.90 |  1.19 |  1.06
        5125 |  0.85 |  1.23 |  0.92 |  1.18 |  0.90 |  1.19 |  1.06
        5125 |  0.85 |  1.23 |  0.92 |  1.18 |  0.90 |  1.19 |  1.06
        5125 |  0.85 |  1.23 |  0.92 |  1.18 |  0.90 |  1.19 |  1.06
        5125 |  0.85 |  1.23 |  0.92 |  1.18 |  0.90 |  1.19 |  1.06
        5125 |  0.85 |  1.23 |  0.92 |  1.18 |  0.90 |  1.19 |  1.06
        5125 |  0.85 |  1.23 |  0.92 |  1.18 |  0.90 |  1.19 |  1.06
        5126 |  1.00 |  0.97 |  0.96 |  1.36 |  1.13 |  1.14 |  1.36
        5126 |  1.00 |  0.97 |  0.96 |  1.36 |  1.13 |  1.14 |  1.36
        5126 |  1.00 |  0.97 |  0.96 |  1.36 |  1.13 |  1.14 |  1.36
        5126 |  1.00 |  0.97 |  0.96 |  1.36 |  1.13 |  1.14 |  1.36
        5126 |  1.00 |  0.97 |  0.96 |  1.36 |  1.13 |  1.14 |  1.36
        5126 |  1.00 |  0.97 |  0.96 |  1.36 |  1.13 |  1.14 |  1.36
        5126 |  1.00 |  0.97 |  0.96 |  1.36 |  1.13 |  1.14 |  1.36
        5126 |  1.00 |  0.97 |  0.96 |  1.36 |  1.13 |  1.14 |  1.36
        5126 |  1.00 |  0.97 |  0.96 |  1.36 |  1.13 |  1.14 |  1.36
        5126 |  1.00 |  0.97 |  0.96 |  1.36 |  1.13 |  1.14 |  1.36
        5126 |  1.00 |  0.97 |  0.96 |  1.36 |  1.13 |  1.14 |  1.36
        5126 |  1.00 |  0.97 |  0.96 |  1.36 |  1.13 |  1.14 |  1.36
        5126 |  1.00 |  0.97 |  0.96 |  1.36 |  1.13 |  1.14 |  1.36
        5126 |  1.00 |  0.97 |  0.96 |  1.36 |  1.13 |  1.14 |  1.36
        5126 |  1.00 |  0.97 |  0.96 |  1.36 |  1.13 |  1.14 |  1.36
        5126 |  1.00 |  0.97 |  0.96 |  1.36 |  1.13 |  1.14 |  1.36
        5126 |  1.00 |  0.97 |  0.96 |  1.36 |  1.13 |  1.14 |  1.36
        5126 |  1.00 |  0.97 |  0.96 |  1.36 |  1.13 |  1.14 |  1.36
        5126 |  1.00 |  0.97 |  0.96 |  1.36 |  1.13 |  1.14 |  1.36
        5126 |  1.00 |  0.97 |  0.96 |  1.36 |  1.13 |  1.14 |  1.36
        5126 |  1.00 |  0.97 |  0.96 |  1.36 |  1.13 |  1.14 |  1.36
        5126 |  1.00 |  0.97 |  0.96 |  1.36 |  1.13 |  1.14 |  1.36
        5126 |  1.00 |  0.97 |  0.96 |  1.36 |  1.13 |  1.14 |  1.36
        5126 |  1.00 |  0.97 |  0.96 |  1.36 |  1.13 |  1.14 |  1.36
        5126 |  1.00 |  0.97 |  0.96 |  1.36 |  1.13 |  1.14 |  1.36
        5126 |  1.00 |  0.97 |  0.96 |  1.36 |  1.13 |  1.14 |  1.36
        5126 |  1.00 |  0.97 |  0.96 |  1.36 |  1.13 |  1.14 |  1.36
        5126 |  1.00 |  0.97 |  0.96 |  1.36 |  1.13 |  1.14 |  1.36
        5126 |  1.00 |  0.97 |  0.96 |  1.36 |  1.13 |  1.14 |  1.36
        5126 |  1.00 |  0.97 |  0.96 |  1.36 |  1.13 |  1.14 |  1.36
        5126 |  1.00 |  0.97 |  0.96 |  1.36 |  1.13 |  1.14 |  1.36
        5126 |  1.00 |  0.97 |  0.96 |  1.36 |  1.13 |  1.14 |  1.36
        5126 |  1.00 |  0.97 |  0.96 |  1.36 |  1.13 |  1.14 |  1.36
        5126 |  1.00 |  0.97 |  0.96 |  1.36 |  1.13 |  1.14 |  1.36
        5126 |  1.00 |  0.97 |  0.96 |  1.36 |  1.13 |  1.14 |  1.36
        5126 |  1.00 |  0.97 |  0.96 |  1.36 |  1.13 |  1.14 |  1.36
        5126 |  1.00 |  0.97 |  0.96 |  1.36 |  1.13 |  1.14 |  1.36
        5126 |  1.00 |  0.97 |  0.96 |  1.36 |  1.13 |  1.14 |  1.36
        5126 |  1.00 |  0.97 |  0.96 |  1.36 |  1.13 |  1.14 |  1.36
        5126 |  1.00 |  0.97 |  0.96 |  1.36 |  1.13 |  1.14 |  1.36
        5126 |  1.00 |  0.97 |  0.96 |  1.36 |  1.13 |  1.14 |  1.36
        5126 |  1.00 |  0.97 |  0.96 |  1.36 |  1.13 |  1.14 |  1.36
        5126 |  1.00 |  0.97 |  0.96 |  1.36 |  1.13 |  1.14 |  1.36
        5126 |  1.00 |  0.97 |  0.96 |  1.36 |  1.13 |  1.14 |  1.36
        5126 |  1.00 |  0.97 |  0.96 |  1.36 |  1.13 |  1.14 |  1.36
        5126 |  1.00 |  0.97 |  0.96 |  1.36 |  1.13 |  1.14 |  1.36
        5126 |  1.00 |  0.97 |  0.96 |  1.36 |  1.13 |  1.14 |  1.36
        5126 |  1.00 |  0.97 |  0.96 |  1.36 |  1.13 |  1.14 |  1.36
        5126 |  1.00 |  0.97 |  0.96 |  1.36 |  1.13 |  1.14 |  1.36
        5127 |  1.07 |  1.13 |  1.07 |  1.06 |  0.91 |  0.89 |  0.94
        5127 |  1.07 |  1.13 |  1.07 |  1.06 |  0.91 |  0.89 |  0.94
        5127 |  1.07 |  1.13 |  1.07 |  1.06 |  0.91 |  0.89 |  0.94
        5127 |  1.07 |  1.13 |  1.07 |  1.06 |  0.91 |  0.89 |  0.94
        5127 |  1.07 |  1.13 |  1.07 |  1.06 |  0.91 |  0.89 |  0.94
        5127 |  1.07 |  1.13 |  1.07 |  1.06 |  0.91 |  0.89 |  0.94
        5127 |  1.07 |  1.13 |  1.07 |  1.06 |  0.91 |  0.89 |  0.94
        5127 |  1.07 |  1.13 |  1.07 |  1.06 |  0.91 |  0.89 |  0.94
        5127 |  1.07 |  1.13 |  1.07 |  1.06 |  0.91 |  0.89 |  0.94
        5127 |  1.07 |  1.13 |  1.07 |  1.06 |  0.91 |  0.89 |  0.94
        5127 |  1.07 |  1.13 |  1.07 |  1.06 |  0.91 |  0.89 |  0.94
        5127 |  1.07 |  1.13 |  1.07 |  1.06 |  0.91 |  0.89 |  0.94
        5127 |  1.07 |  1.13 |  1.07 |  1.06 |  0.91 |  0.89 |  0.94
        5127 |  1.07 |  1.13 |  1.07 |  1.06 |  0.91 |  0.89 |  0.94
        5127 |  1.07 |  1.13 |  1.07 |  1.06 |  0.91 |  0.89 |  0.94
        5127 |  1.07 |  1.13 |  1.07 |  1.06 |  0.91 |  0.89 |  0.94
        5127 |  1.07 |  1.13 |  1.07 |  1.06 |  0.91 |  0.89 |  0.94
        5127 |  1.07 |  1.13 |  1.07 |  1.06 |  0.91 |  0.89 |  0.94
        5127 |  1.07 |  1.13 |  1.07 |  1.06 |  0.91 |  0.89 |  0.94
        5127 |  1.07 |  1.13 |  1.07 |  1.06 |  0.91 |  0.89 |  0.94
        5127 |  1.07 |  1.13 |  1.07 |  1.06 |  0.91 |  0.89 |  0.94
        5127 |  1.07 |  1.13 |  1.07 |  1.06 |  0.91 |  0.89 |  0.94
        5127 |  1.07 |  1.13 |  1.07 |  1.06 |  0.91 |  0.89 |  0.94
        5127 |  1.07 |  1.13 |  1.07 |  1.06 |  0.91 |  0.89 |  0.94
        5127 |  1.07 |  1.13 |  1.07 |  1.06 |  0.91 |  0.89 |  0.94
        5127 |  1.07 |  1.13 |  1.07 |  1.06 |  0.91 |  0.89 |  0.94
        5127 |  1.07 |  1.13 |  1.07 |  1.06 |  0.91 |  0.89 |  0.94
        5127 |  1.07 |  1.13 |  1.07 |  1.06 |  0.91 |  0.89 |  0.94
        5127 |  1.07 |  1.13 |  1.07 |  1.06 |  0.91 |  0.89 |  0.94
        5127 |  1.07 |  1.13 |  1.07 |  1.06 |  0.91 |  0.89 |  0.94
        5127 |  1.07 |  1.13 |  1.07 |  1.06 |  0.91 |  0.89 |  0.94
        5127 |  1.07 |  1.13 |  1.07 |  1.06 |  0.91 |  0.89 |  0.94
        5127 |  1.07 |  1.13 |  1.07 |  1.06 |  0.91 |  0.89 |  0.94
        5127 |  1.07 |  1.13 |  1.07 |  1.06 |  0.91 |  0.89 |  0.94
        5127 |  1.07 |  1.13 |  1.07 |  1.06 |  0.91 |  0.89 |  0.94
        5127 |  1.07 |  1.13 |  1.07 |  1.06 |  0.91 |  0.89 |  0.94
        5127 |  1.07 |  1.13 |  1.07 |  1.06 |  0.91 |  0.89 |  0.94
        5127 |  1.07 |  1.13 |  1.07 |  1.06 |  0.91 |  0.89 |  0.94
        5127 |  1.07 |  1.13 |  1.07 |  1.06 |  0.91 |  0.89 |  0.94
        5127 |  1.07 |  1.13 |  1.07 |  1.06 |  0.91 |  0.89 |  0.94
        5127 |  1.07 |  1.13 |  1.07 |  1.06 |  0.91 |  0.89 |  0.94
        5127 |  1.07 |  1.13 |  1.07 |  1.06 |  0.91 |  0.89 |  0.94
        5127 |  1.07 |  1.13 |  1.07 |  1.06 |  0.91 |  0.89 |  0.94
        5127 |  1.07 |  1.13 |  1.07 |  1.06 |  0.91 |  0.89 |  0.94
        5127 |  1.07 |  1.13 |  1.07 |  1.06 |  0.91 |  0.89 |  0.94
        5127 |  1.07 |  1.13 |  1.07 |  1.06 |  0.91 |  0.89 |  0.94
        5127 |  1.07 |  1.13 |  1.07 |  1.06 |  0.91 |  0.89 |  0.94
        5127 |  1.07 |  1.13 |  1.07 |  1.06 |  0.91 |  0.89 |  0.94
        5127 |  1.07 |  1.13 |  1.07 |  1.06 |  0.91 |  0.89 |  0.94
        5128 |  1.02 |  0.88 |  1.22 |  0.82 |  0.92 |  0.99 |  1.18
        5128 |  1.02 |  0.88 |  1.22 |  0.82 |  0.92 |  0.99 |  1.18
        5128 |  1.02 |  0.88 |  1.22 |  0.82 |  0.92 |  0.99 |  1.18
        5128 |  1.02 |  0.88 |  1.22 |  0.82 |  0.92 |  0.99 |  1.18
        5128 |  1.02 |  0.88 |  1.22 |  0.82 |  0.92 |  0.99 |  1.18
        5128 |  1.02 |  0.88 |  1.22 |  0.82 |  0.92 |  0.99 |  1.18
        5128 |  1.02 |  0.88 |  1.22 |  0.82 |  0.92 |  0.99 |  1.18
        5128 |  1.02 |  0.88 |  1.22 |  0.82 |  0.92 |  0.99 |  1.18
        5128 |  1.02 |  0.88 |  1.22 |  0.82 |  0.92 |  0.99 |  1.18
        5128 |  1.02 |  0.88 |  1.22 |  0.82 |  0.92 |  0.99 |  1.18
        5128 |  1.02 |  0.88 |  1.22 |  0.82 |  0.92 |  0.99 |  1.18
        5128 |  1.02 |  0.88 |  1.22 |  0.82 |  0.92 |  0.99 |  1.18
        5128 |  1.02 |  0.88 |  1.22 |  0.82 |  0.92 |  0.99 |  1.18
        5128 |  1.02 |  0.88 |  1.22 |  0.82 |  0.92 |  0.99 |  1.18
        5128 |  1.02 |  0.88 |  1.22 |  0.82 |  0.92 |  0.99 |  1.18
        5128 |  1.02 |  0.88 |  1.22 |  0.82 |  0.92 |  0.99 |  1.18
        5128 |  1.02 |  0.88 |  1.22 |  0.82 |  0.92 |  0.99 |  1.18
        5128 |  1.02 |  0.88 |  1.22 |  0.82 |  0.92 |  0.99 |  1.18
        5128 |  1.02 |  0.88 |  1.22 |  0.82 |  0.92 |  0.99 |  1.18
        5128 |  1.02 |  0.88 |  1.22 |  0.82 |  0.92 |  0.99 |  1.18
        5128 |  1.02 |  0.88 |  1.22 |  0.82 |  0.92 |  0.99 |  1.18
        5128 |  1.02 |  0.88 |  1.22 |  0.82 |  0.92 |  0.99 |  1.18
        5128 |  1.02 |  0.88 |  1.22 |  0.82 |  0.92 |  0.99 |  1.18
        5128 |  1.02 |  0.88 |  1.22 |  0.82 |  0.92 |  0.99 |  1.18
        5128 |  1.02 |  0.88 |  1.22 |  0.82 |  0.92 |  0.99 |  1.18
        5128 |  1.02 |  0.88 |  1.22 |  0.82 |  0.92 |  0.99 |  1.18
        5128 |  1.02 |  0.88 |  1.22 |  0.82 |  0.92 |  0.99 |  1.18
        5128 |  1.02 |  0.88 |  1.22 |  0.82 |  0.92 |  0.99 |  1.18
        5128 |  1.02 |  0.88 |  1.22 |  0.82 |  0.92 |  0.99 |  1.18
        5128 |  1.02 |  0.88 |  1.22 |  0.82 |  0.92 |  0.99 |  1.18
        5128 |  1.02 |  0.88 |  1.22 |  0.82 |  0.92 |  0.99 |  1.18
        5128 |  1.02 |  0.88 |  1.22 |  0.82 |  0.92 |  0.99 |  1.18
        5128 |  1.02 |  0.88 |  1.22 |  0.82 |  0.92 |  0.99 |  1.18
        5128 |  1.02 |  0.88 |  1.22 |  0.82 |  0.92 |  0.99 |  1.18
        5128 |  1.02 |  0.88 |  1.22 |  0.82 |  0.92 |  0.99 |  1.18
        5128 |  1.02 |  0.88 |  1.22 |  0.82 |  0.92 |  0.99 |  1.18
        5128 |  1.02 |  0.88 |  1.22 |  0.82 |  0.92 |  0.99 |  1.18
        5128 |  1.02 |  0.88 |  1.22 |  0.82 |  0.92 |  0.99 |  1.18
        5128 |  1.02 |  0.88 |  1.22 |  0.82 |  0.92 |  0.99 |  1.18
        5128 |  1.02 |  0.88 |  1.22 |  0.82 |  0.92 |  0.99 |  1.18
        5128 |  1.02 |  0.88 |  1.22 |  0.82 |  0.92 |  0.99 |  1.18
        5128 |  1.02 |  0.88 |  1.22 |  0.82 |  0.92 |  0.99 |  1.18
        5128 |  1.02 |  0.88 |  1.22 |  0.82 |  0.92 |  0.99 |  1.18
        5128 |  1.02 |  0.88 |  1.22 |  0.82 |  0.92 |  0.99 |  1.18
        5128 |  1.02 |  0.88 |  1.22 |  0.82 |  0.92 |  0.99 |  1.18
        5128 |  1.02 |  0.88 |  1.22 |  0.82 |  0.92 |  0.99 |  1.18
        5128 |  1.02 |  0.88 |  1.22 |  0.82 |  0.92 |  0.99 |  1.18
        5128 |  1.02 |  0.88 |  1.22 |  0.82 |  0.92 |  0.99 |  1.18
        5128 |  1.02 |  0.88 |  1.22 |  0.82 |  0.92 |  0.99 |  1.18
        5129 |  0.89 |  1.41 |  1.34 |  1.48 |  0.69 |  0.76 |  1.23
        5129 |  0.89 |  1.41 |  1.34 |  1.48 |  0.69 |  0.76 |  1.23
        5129 |  0.89 |  1.41 |  1.34 |  1.48 |  0.69 |  0.76 |  1.23
        5129 |  0.89 |  1.41 |  1.34 |  1.48 |  0.69 |  0.76 |  1.23
        5129 |  0.89 |  1.41 |  1.34 |  1.48 |  0.69 |  0.76 |  1.23
        5129 |  0.89 |  1.41 |  1.34 |  1.48 |  0.69 |  0.76 |  1.23
        5129 |  0.89 |  1.41 |  1.34 |  1.48 |  0.69 |  0.76 |  1.23
        5129 |  0.89 |  1.41 |  1.34 |  1.48 |  0.69 |  0.76 |  1.23
        5129 |  0.89 |  1.41 |  1.34 |  1.48 |  0.69 |  0.76 |  1.23
        5129 |  0.89 |  1.41 |  1.34 |  1.48 |  0.69 |  0.76 |  1.23
        5129 |  0.89 |  1.41 |  1.34 |  1.48 |  0.69 |  0.76 |  1.23
        5129 |  0.89 |  1.41 |  1.34 |  1.48 |  0.69 |  0.76 |  1.23
        5129 |  0.89 |  1.41 |  1.34 |  1.48 |  0.69 |  0.76 |  1.23
        5129 |  0.89 |  1.41 |  1.34 |  1.48 |  0.69 |  0.76 |  1.23
        5129 |  0.89 |  1.41 |  1.34 |  1.48 |  0.69 |  0.76 |  1.23
        5129 |  0.89 |  1.41 |  1.34 |  1.48 |  0.69 |  0.76 |  1.23
        5129 |  0.89 |  1.41 |  1.34 |  1.48 |  0.69 |  0.76 |  1.23
        5129 |  0.89 |  1.41 |  1.34 |  1.48 |  0.69 |  0.76 |  1.23
        5129 |  0.89 |  1.41 |  1.34 |  1.48 |  0.69 |  0.76 |  1.23
        5129 |  0.89 |  1.41 |  1.34 |  1.48 |  0.69 |  0.76 |  1.23
        5129 |  0.89 |  1.41 |  1.34 |  1.48 |  0.69 |  0.76 |  1.23
        5129 |  0.89 |  1.41 |  1.34 |  1.48 |  0.69 |  0.76 |  1.23
        5129 |  0.89 |  1.41 |  1.34 |  1.48 |  0.69 |  0.76 |  1.23
        5129 |  0.89 |  1.41 |  1.34 |  1.48 |  0.69 |  0.76 |  1.23
        5129 |  0.89 |  1.41 |  1.34 |  1.48 |  0.69 |  0.76 |  1.23
        5129 |  0.89 |  1.41 |  1.34 |  1.48 |  0.69 |  0.76 |  1.23
        5129 |  0.89 |  1.41 |  1.34 |  1.48 |  0.69 |  0.76 |  1.23
        5129 |  0.89 |  1.41 |  1.34 |  1.48 |  0.69 |  0.76 |  1.23
        5129 |  0.89 |  1.41 |  1.34 |  1.48 |  0.69 |  0.76 |  1.23
        5129 |  0.89 |  1.41 |  1.34 |  1.48 |  0.69 |  0.76 |  1.23
        5129 |  0.89 |  1.41 |  1.34 |  1.48 |  0.69 |  0.76 |  1.23
        5129 |  0.89 |  1.41 |  1.34 |  1.48 |  0.69 |  0.76 |  1.23
        5129 |  0.89 |  1.41 |  1.34 |  1.48 |  0.69 |  0.76 |  1.23
        5129 |  0.89 |  1.41 |  1.34 |  1.48 |  0.69 |  0.76 |  1.23
        5129 |  0.89 |  1.41 |  1.34 |  1.48 |  0.69 |  0.76 |  1.23
        5129 |  0.89 |  1.41 |  1.34 |  1.48 |  0.69 |  0.76 |  1.23
        5129 |  0.89 |  1.41 |  1.34 |  1.48 |  0.69 |  0.76 |  1.23
        5129 |  0.89 |  1.41 |  1.34 |  1.48 |  0.69 |  0.76 |  1.23
        5129 |  0.89 |  1.41 |  1.34 |  1.48 |  0.69 |  0.76 |  1.23
        5129 |  0.89 |  1.41 |  1.34 |  1.48 |  0.69 |  0.76 |  1.23
        5129 |  0.89 |  1.41 |  1.34 |  1.48 |  0.69 |  0.76 |  1.23
        5129 |  0.89 |  1.41 |  1.34 |  1.48 |  0.69 |  0.76 |  1.23
        5129 |  0.89 |  1.41 |  1.34 |  1.48 |  0.69 |  0.76 |  1.23
        5129 |  0.89 |  1.41 |  1.34 |  1.48 |  0.69 |  0.76 |  1.23
        5129 |  0.89 |  1.41 |  1.34 |  1.48 |  0.69 |  0.76 |  1.23
        5129 |  0.89 |  1.41 |  1.34 |  1.48 |  0.69 |  0.76 |  1.23
        5129 |  0.89 |  1.41 |  1.34 |  1.48 |  0.69 |  0.76 |  1.23
        5129 |  0.89 |  1.41 |  1.34 |  1.48 |  0.69 |  0.76 |  1.23
        5129 |  0.89 |  1.41 |  1.34 |  1.48 |  0.69 |  0.76 |  1.23
        5130 |  1.06 |  1.30 |  0.97 |  1.23 |  0.83 |  1.31 |  0.83
        5130 |  1.06 |  1.30 |  0.97 |  1.23 |  0.83 |  1.31 |  0.83
        5130 |  1.06 |  1.30 |  0.97 |  1.23 |  0.83 |  1.31 |  0.83
        5130 |  1.06 |  1.30 |  0.97 |  1.23 |  0.83 |  1.31 |  0.83
        5130 |  1.06 |  1.30 |  0.97 |  1.23 |  0.83 |  1.31 |  0.83
        5130 |  1.06 |  1.30 |  0.97 |  1.23 |  0.83 |  1.31 |  0.83
        5130 |  1.06 |  1.30 |  0.97 |  1.23 |  0.83 |  1.31 |  0.83
        5130 |  1.06 |  1.30 |  0.97 |  1.23 |  0.83 |  1.31 |  0.83
        5130 |  1.06 |  1.30 |  0.97 |  1.23 |  0.83 |  1.31 |  0.83
        5130 |  1.06 |  1.30 |  0.97 |  1.23 |  0.83 |  1.31 |  0.83
        5130 |  1.06 |  1.30 |  0.97 |  1.23 |  0.83 |  1.31 |  0.83
        5130 |  1.06 |  1.30 |  0.97 |  1.23 |  0.83 |  1.31 |  0.83
        5130 |  1.06 |  1.30 |  0.97 |  1.23 |  0.83 |  1.31 |  0.83
        5130 |  1.06 |  1.30 |  0.97 |  1.23 |  0.83 |  1.31 |  0.83
        5130 |  1.06 |  1.30 |  0.97 |  1.23 |  0.83 |  1.31 |  0.83
        5130 |  1.06 |  1.30 |  0.97 |  1.23 |  0.83 |  1.31 |  0.83
        5130 |  1.06 |  1.30 |  0.97 |  1.23 |  0.83 |  1.31 |  0.83
        5130 |  1.06 |  1.30 |  0.97 |  1.23 |  0.83 |  1.31 |  0.83
        5130 |  1.06 |  1.30 |  0.97 |  1.23 |  0.83 |  1.31 |  0.83
        5130 |  1.06 |  1.30 |  0.97 |  1.23 |  0.83 |  1.31 |  0.83
        5130 |  1.06 |  1.30 |  0.97 |  1.23 |  0.83 |  1.31 |  0.83
        5130 |  1.06 |  1.30 |  0.97 |  1.23 |  0.83 |  1.31 |  0.83
        5130 |  1.06 |  1.30 |  0.97 |  1.23 |  0.83 |  1.31 |  0.83
        5130 |  1.06 |  1.30 |  0.97 |  1.23 |  0.83 |  1.31 |  0.83
        5130 |  1.06 |  1.30 |  0.97 |  1.23 |  0.83 |  1.31 |  0.83
        5130 |  1.06 |  1.30 |  0.97 |  1.23 |  0.83 |  1.31 |  0.83
        5130 |  1.06 |  1.30 |  0.97 |  1.23 |  0.83 |  1.31 |  0.83
        5130 |  1.06 |  1.30 |  0.97 |  1.23 |  0.83 |  1.31 |  0.83
        5130 |  1.06 |  1.30 |  0.97 |  1.23 |  0.83 |  1.31 |  0.83
        5130 |  1.06 |  1.30 |  0.97 |  1.23 |  0.83 |  1.31 |  0.83
        5130 |  1.06 |  1.30 |  0.97 |  1.23 |  0.83 |  1.31 |  0.83
        5130 |  1.06 |  1.30 |  0.97 |  1.23 |  0.83 |  1.31 |  0.83
        5130 |  1.06 |  1.30 |  0.97 |  1.23 |  0.83 |  1.31 |  0.83
        5130 |  1.06 |  1.30 |  0.97 |  1.23 |  0.83 |  1.31 |  0.83
        5130 |  1.06 |  1.30 |  0.97 |  1.23 |  0.83 |  1.31 |  0.83
        5130 |  1.06 |  1.30 |  0.97 |  1.23 |  0.83 |  1.31 |  0.83
        5130 |  1.06 |  1.30 |  0.97 |  1.23 |  0.83 |  1.31 |  0.83
        5130 |  1.06 |  1.30 |  0.97 |  1.23 |  0.83 |  1.31 |  0.83
        5130 |  1.06 |  1.30 |  0.97 |  1.23 |  0.83 |  1.31 |  0.83
        5130 |  1.06 |  1.30 |  0.97 |  1.23 |  0.83 |  1.31 |  0.83
        5130 |  1.06 |  1.30 |  0.97 |  1.23 |  0.83 |  1.31 |  0.83
        5130 |  1.06 |  1.30 |  0.97 |  1.23 |  0.83 |  1.31 |  0.83
        5130 |  1.06 |  1.30 |  0.97 |  1.23 |  0.83 |  1.31 |  0.83
        5130 |  1.06 |  1.30 |  0.97 |  1.23 |  0.83 |  1.31 |  0.83
        5130 |  1.06 |  1.30 |  0.97 |  1.23 |  0.83 |  1.31 |  0.83
        5130 |  1.06 |  1.30 |  0.97 |  1.23 |  0.83 |  1.31 |  0.83
        5130 |  1.06 |  1.30 |  0.97 |  1.23 |  0.83 |  1.31 |  0.83
        5130 |  1.06 |  1.30 |  0.97 |  1.23 |  0.83 |  1.31 |  0.83
        5130 |  1.06 |  1.30 |  0.97 |  1.23 |  0.83 |  1.31 |  0.83
        5131 |  0.80 |  1.07 |  0.82 |  0.76 |  1.01 |  1.06 |  0.97
        5131 |  0.80 |  1.07 |  0.82 |  0.76 |  1.01 |  1.06 |  0.97
        5131 |  0.80 |  1.07 |  0.82 |  0.76 |  1.01 |  1.06 |  0.97
        5131 |  0.80 |  1.07 |  0.82 |  0.76 |  1.01 |  1.06 |  0.97
        5131 |  0.80 |  1.07 |  0.82 |  0.76 |  1.01 |  1.06 |  0.97
        5131 |  0.80 |  1.07 |  0.82 |  0.76 |  1.01 |  1.06 |  0.97
        5131 |  0.80 |  1.07 |  0.82 |  0.76 |  1.01 |  1.06 |  0.97
        5131 |  0.80 |  1.07 |  0.82 |  0.76 |  1.01 |  1.06 |  0.97
        5131 |  0.80 |  1.07 |  0.82 |  0.76 |  1.01 |  1.06 |  0.97
        5131 |  0.80 |  1.07 |  0.82 |  0.76 |  1.01 |  1.06 |  0.97
        5131 |  0.80 |  1.07 |  0.82 |  0.76 |  1.01 |  1.06 |  0.97
        5131 |  0.80 |  1.07 |  0.82 |  0.76 |  1.01 |  1.06 |  0.97
        5131 |  0.80 |  1.07 |  0.82 |  0.76 |  1.01 |  1.06 |  0.97
        5131 |  0.80 |  1.07 |  0.82 |  0.76 |  1.01 |  1.06 |  0.97
        5131 |  0.80 |  1.07 |  0.82 |  0.76 |  1.01 |  1.06 |  0.97
        5131 |  0.80 |  1.07 |  0.82 |  0.76 |  1.01 |  1.06 |  0.97
        5131 |  0.80 |  1.07 |  0.82 |  0.76 |  1.01 |  1.06 |  0.97
        5131 |  0.80 |  1.07 |  0.82 |  0.76 |  1.01 |  1.06 |  0.97
        5131 |  0.80 |  1.07 |  0.82 |  0.76 |  1.01 |  1.06 |  0.97
        5131 |  0.80 |  1.07 |  0.82 |  0.76 |  1.01 |  1.06 |  0.97
        5131 |  0.80 |  1.07 |  0.82 |  0.76 |  1.01 |  1.06 |  0.97
        5131 |  0.80 |  1.07 |  0.82 |  0.76 |  1.01 |  1.06 |  0.97
        5131 |  0.80 |  1.07 |  0.82 |  0.76 |  1.01 |  1.06 |  0.97
        5131 |  0.80 |  1.07 |  0.82 |  0.76 |  1.01 |  1.06 |  0.97
        5131 |  0.80 |  1.07 |  0.82 |  0.76 |  1.01 |  1.06 |  0.97
        5131 |  0.80 |  1.07 |  0.82 |  0.76 |  1.01 |  1.06 |  0.97
        5131 |  0.80 |  1.07 |  0.82 |  0.76 |  1.01 |  1.06 |  0.97
        5131 |  0.80 |  1.07 |  0.82 |  0.76 |  1.01 |  1.06 |  0.97
        5131 |  0.80 |  1.07 |  0.82 |  0.76 |  1.01 |  1.06 |  0.97
        5131 |  0.80 |  1.07 |  0.82 |  0.76 |  1.01 |  1.06 |  0.97
        5131 |  0.80 |  1.07 |  0.82 |  0.76 |  1.01 |  1.06 |  0.97
        5131 |  0.80 |  1.07 |  0.82 |  0.76 |  1.01 |  1.06 |  0.97
        5131 |  0.80 |  1.07 |  0.82 |  0.76 |  1.01 |  1.06 |  0.97
        5131 |  0.80 |  1.07 |  0.82 |  0.76 |  1.01 |  1.06 |  0.97
        5131 |  0.80 |  1.07 |  0.82 |  0.76 |  1.01 |  1.06 |  0.97
        5131 |  0.80 |  1.07 |  0.82 |  0.76 |  1.01 |  1.06 |  0.97
        5131 |  0.80 |  1.07 |  0.82 |  0.76 |  1.01 |  1.06 |  0.97
        5131 |  0.80 |  1.07 |  0.82 |  0.76 |  1.01 |  1.06 |  0.97
        5131 |  0.80 |  1.07 |  0.82 |  0.76 |  1.01 |  1.06 |  0.97
        5131 |  0.80 |  1.07 |  0.82 |  0.76 |  1.01 |  1.06 |  0.97
        5131 |  0.80 |  1.07 |  0.82 |  0.76 |  1.01 |  1.06 |  0.97
        5131 |  0.80 |  1.07 |  0.82 |  0.76 |  1.01 |  1.06 |  0.97
        5131 |  0.80 |  1.07 |  0.82 |  0.76 |  1.01 |  1.06 |  0.97
        5131 |  0.80 |  1.07 |  0.82 |  0.76 |  1.01 |  1.06 |  0.97
        5131 |  0.80 |  1.07 |  0.82 |  0.76 |  1.01 |  1.06 |  0.97
        5131 |  0.80 |  1.07 |  0.82 |  0.76 |  1.01 |  1.06 |  0.97
        5131 |  0.80 |  1.07 |  0.82 |  0.76 |  1.01 |  1.06 |  0.97
        5131 |  0.80 |  1.07 |  0.82 |  0.76 |  1.01 |  1.06 |  0.97
        5131 |  0.80 |  1.07 |  0.82 |  0.76 |  1.01 |  1.06 |  0.97
        5132 |  1.29 |  1.08 |  0.99 |  1.04 |  1.17 |  1.16 |  1.16
        5132 |  1.29 |  1.08 |  0.99 |  1.04 |  1.17 |  1.16 |  1.16
        5132 |  1.29 |  1.08 |  0.99 |  1.04 |  1.17 |  1.16 |  1.16
        5132 |  1.29 |  1.08 |  0.99 |  1.04 |  1.17 |  1.16 |  1.16
        5132 |  1.29 |  1.08 |  0.99 |  1.04 |  1.17 |  1.16 |  1.16
        5132 |  1.29 |  1.08 |  0.99 |  1.04 |  1.17 |  1.16 |  1.16
        5132 |  1.29 |  1.08 |  0.99 |  1.04 |  1.17 |  1.16 |  1.16
        5132 |  1.29 |  1.08 |  0.99 |  1.04 |  1.17 |  1.16 |  1.16
        5132 |  1.29 |  1.08 |  0.99 |  1.04 |  1.17 |  1.16 |  1.16
        5132 |  1.29 |  1.08 |  0.99 |  1.04 |  1.17 |  1.16 |  1.16
        5132 |  1.29 |  1.08 |  0.99 |  1.04 |  1.17 |  1.16 |  1.16
        5132 |  1.29 |  1.08 |  0.99 |  1.04 |  1.17 |  1.16 |  1.16
        5132 |  1.29 |  1.08 |  0.99 |  1.04 |  1.17 |  1.16 |  1.16
        5132 |  1.29 |  1.08 |  0.99 |  1.04 |  1.17 |  1.16 |  1.16
        5132 |  1.29 |  1.08 |  0.99 |  1.04 |  1.17 |  1.16 |  1.16
        5132 |  1.29 |  1.08 |  0.99 |  1.04 |  1.17 |  1.16 |  1.16
        5132 |  1.29 |  1.08 |  0.99 |  1.04 |  1.17 |  1.16 |  1.16
        5132 |  1.29 |  1.08 |  0.99 |  1.04 |  1.17 |  1.16 |  1.16
        5132 |  1.29 |  1.08 |  0.99 |  1.04 |  1.17 |  1.16 |  1.16
        5132 |  1.29 |  1.08 |  0.99 |  1.04 |  1.17 |  1.16 |  1.16
        5132 |  1.29 |  1.08 |  0.99 |  1.04 |  1.17 |  1.16 |  1.16
        5132 |  1.29 |  1.08 |  0.99 |  1.04 |  1.17 |  1.16 |  1.16
        5132 |  1.29 |  1.08 |  0.99 |  1.04 |  1.17 |  1.16 |  1.16
        5132 |  1.29 |  1.08 |  0.99 |  1.04 |  1.17 |  1.16 |  1.16
        5132 |  1.29 |  1.08 |  0.99 |  1.04 |  1.17 |  1.16 |  1.16
        5132 |  1.29 |  1.08 |  0.99 |  1.04 |  1.17 |  1.16 |  1.16
        5132 |  1.29 |  1.08 |  0.99 |  1.04 |  1.17 |  1.16 |  1.16
        5132 |  1.29 |  1.08 |  0.99 |  1.04 |  1.17 |  1.16 |  1.16
        5132 |  1.29 |  1.08 |  0.99 |  1.04 |  1.17 |  1.16 |  1.16
        5132 |  1.29 |  1.08 |  0.99 |  1.04 |  1.17 |  1.16 |  1.16
        5132 |  1.29 |  1.08 |  0.99 |  1.04 |  1.17 |  1.16 |  1.16
        5132 |  1.29 |  1.08 |  0.99 |  1.04 |  1.17 |  1.16 |  1.16
        5132 |  1.29 |  1.08 |  0.99 |  1.04 |  1.17 |  1.16 |  1.16
        5132 |  1.29 |  1.08 |  0.99 |  1.04 |  1.17 |  1.16 |  1.16
        5132 |  1.29 |  1.08 |  0.99 |  1.04 |  1.17 |  1.16 |  1.16
        5132 |  1.29 |  1.08 |  0.99 |  1.04 |  1.17 |  1.16 |  1.16
        5132 |  1.29 |  1.08 |  0.99 |  1.04 |  1.17 |  1.16 |  1.16
        5132 |  1.29 |  1.08 |  0.99 |  1.04 |  1.17 |  1.16 |  1.16
        5132 |  1.29 |  1.08 |  0.99 |  1.04 |  1.17 |  1.16 |  1.16
        5132 |  1.29 |  1.08 |  0.99 |  1.04 |  1.17 |  1.16 |  1.16
        5132 |  1.29 |  1.08 |  0.99 |  1.04 |  1.17 |  1.16 |  1.16
        5132 |  1.29 |  1.08 |  0.99 |  1.04 |  1.17 |  1.16 |  1.16
        5132 |  1.29 |  1.08 |  0.99 |  1.04 |  1.17 |  1.16 |  1.16
        5132 |  1.29 |  1.08 |  0.99 |  1.04 |  1.17 |  1.16 |  1.16
        5132 |  1.29 |  1.08 |  0.99 |  1.04 |  1.17 |  1.16 |  1.16
        5132 |  1.29 |  1.08 |  0.99 |  1.04 |  1.17 |  1.16 |  1.16
        5132 |  1.29 |  1.08 |  0.99 |  1.04 |  1.17 |  1.16 |  1.16
        5132 |  1.29 |  1.08 |  0.99 |  1.04 |  1.17 |  1.16 |  1.16
        5132 |  1.29 |  1.08 |  0.99 |  1.04 |  1.17 |  1.16 |  1.16
        5133 |  1.27 |  0.93 |  1.41 |  1.17 |  1.31 |  1.44 |  1.33
        5133 |  1.27 |  0.93 |  1.41 |  1.17 |  1.31 |  1.44 |  1.33
        5133 |  1.27 |  0.93 |  1.41 |  1.17 |  1.31 |  1.44 |  1.33
        5133 |  1.27 |  0.93 |  1.41 |  1.17 |  1.31 |  1.44 |  1.33
        5133 |  1.27 |  0.93 |  1.41 |  1.17 |  1.31 |  1.44 |  1.33
        5133 |  1.27 |  0.93 |  1.41 |  1.17 |  1.31 |  1.44 |  1.33
        5133 |  1.27 |  0.93 |  1.41 |  1.17 |  1.31 |  1.44 |  1.33
        5133 |  1.27 |  0.93 |  1.41 |  1.17 |  1.31 |  1.44 |  1.33
        5133 |  1.27 |  0.93 |  1.41 |  1.17 |  1.31 |  1.44 |  1.33
        5133 |  1.27 |  0.93 |  1.41 |  1.17 |  1.31 |  1.44 |  1.33
        5133 |  1.27 |  0.93 |  1.41 |  1.17 |  1.31 |  1.44 |  1.33
        5133 |  1.27 |  0.93 |  1.41 |  1.17 |  1.31 |  1.44 |  1.33
        5133 |  1.27 |  0.93 |  1.41 |  1.17 |  1.31 |  1.44 |  1.33
        5133 |  1.27 |  0.93 |  1.41 |  1.17 |  1.31 |  1.44 |  1.33
        5133 |  1.27 |  0.93 |  1.41 |  1.17 |  1.31 |  1.44 |  1.33
        5133 |  1.27 |  0.93 |  1.41 |  1.17 |  1.31 |  1.44 |  1.33
        5133 |  1.27 |  0.93 |  1.41 |  1.17 |  1.31 |  1.44 |  1.33
        5133 |  1.27 |  0.93 |  1.41 |  1.17 |  1.31 |  1.44 |  1.33
        5133 |  1.27 |  0.93 |  1.41 |  1.17 |  1.31 |  1.44 |  1.33
        5133 |  1.27 |  0.93 |  1.41 |  1.17 |  1.31 |  1.44 |  1.33
        5133 |  1.27 |  0.93 |  1.41 |  1.17 |  1.31 |  1.44 |  1.33
        5133 |  1.27 |  0.93 |  1.41 |  1.17 |  1.31 |  1.44 |  1.33
        5133 |  1.27 |  0.93 |  1.41 |  1.17 |  1.31 |  1.44 |  1.33
        5133 |  1.27 |  0.93 |  1.41 |  1.17 |  1.31 |  1.44 |  1.33
        5133 |  1.27 |  0.93 |  1.41 |  1.17 |  1.31 |  1.44 |  1.33
        5133 |  1.27 |  0.93 |  1.41 |  1.17 |  1.31 |  1.44 |  1.33
        5133 |  1.27 |  0.93 |  1.41 |  1.17 |  1.31 |  1.44 |  1.33
        5133 |  1.27 |  0.93 |  1.41 |  1.17 |  1.31 |  1.44 |  1.33
        5133 |  1.27 |  0.93 |  1.41 |  1.17 |  1.31 |  1.44 |  1.33
        5133 |  1.27 |  0.93 |  1.41 |  1.17 |  1.31 |  1.44 |  1.33
        5133 |  1.27 |  0.93 |  1.41 |  1.17 |  1.31 |  1.44 |  1.33
        5133 |  1.27 |  0.93 |  1.41 |  1.17 |  1.31 |  1.44 |  1.33
        5133 |  1.27 |  0.93 |  1.41 |  1.17 |  1.31 |  1.44 |  1.33
        5133 |  1.27 |  0.93 |  1.41 |  1.17 |  1.31 |  1.44 |  1.33
        5133 |  1.27 |  0.93 |  1.41 |  1.17 |  1.31 |  1.44 |  1.33
        5133 |  1.27 |  0.93 |  1.41 |  1.17 |  1.31 |  1.44 |  1.33
        5133 |  1.27 |  0.93 |  1.41 |  1.17 |  1.31 |  1.44 |  1.33
        5133 |  1.27 |  0.93 |  1.41 |  1.17 |  1.31 |  1.44 |  1.33
        5133 |  1.27 |  0.93 |  1.41 |  1.17 |  1.31 |  1.44 |  1.33
        5133 |  1.27 |  0.93 |  1.41 |  1.17 |  1.31 |  1.44 |  1.33
        5133 |  1.27 |  0.93 |  1.41 |  1.17 |  1.31 |  1.44 |  1.33
        5133 |  1.27 |  0.93 |  1.41 |  1.17 |  1.31 |  1.44 |  1.33
        5133 |  1.27 |  0.93 |  1.41 |  1.17 |  1.31 |  1.44 |  1.33
        5133 |  1.27 |  0.93 |  1.41 |  1.17 |  1.31 |  1.44 |  1.33
        5133 |  1.27 |  0.93 |  1.41 |  1.17 |  1.31 |  1.44 |  1.33
        5133 |  1.27 |  0.93 |  1.41 |  1.17 |  1.31 |  1.44 |  1.33
        5133 |  1.27 |  0.93 |  1.41 |  1.17 |  1.31 |  1.44 |  1.33
        5133 |  1.27 |  0.93 |  1.41 |  1.17 |  1.31 |  1.44 |  1.33
        5133 |  1.27 |  0.93 |  1.41 |  1.17 |  1.31 |  1.44 |  1.33
        5134 |  1.07 |  1.09 |  0.95 |  0.82 |  0.85 |  1.04 |  0.84
        5134 |  1.07 |  1.09 |  0.95 |  0.82 |  0.85 |  1.04 |  0.84
        5134 |  1.07 |  1.09 |  0.95 |  0.82 |  0.85 |  1.04 |  0.84
        5134 |  1.07 |  1.09 |  0.95 |  0.82 |  0.85 |  1.04 |  0.84
        5134 |  1.07 |  1.09 |  0.95 |  0.82 |  0.85 |  1.04 |  0.84
        5134 |  1.07 |  1.09 |  0.95 |  0.82 |  0.85 |  1.04 |  0.84
        5134 |  1.07 |  1.09 |  0.95 |  0.82 |  0.85 |  1.04 |  0.84
        5134 |  1.07 |  1.09 |  0.95 |  0.82 |  0.85 |  1.04 |  0.84
        5134 |  1.07 |  1.09 |  0.95 |  0.82 |  0.85 |  1.04 |  0.84
        5134 |  1.07 |  1.09 |  0.95 |  0.82 |  0.85 |  1.04 |  0.84
        5134 |  1.07 |  1.09 |  0.95 |  0.82 |  0.85 |  1.04 |  0.84
        5134 |  1.07 |  1.09 |  0.95 |  0.82 |  0.85 |  1.04 |  0.84
        5134 |  1.07 |  1.09 |  0.95 |  0.82 |  0.85 |  1.04 |  0.84
        5134 |  1.07 |  1.09 |  0.95 |  0.82 |  0.85 |  1.04 |  0.84
        5134 |  1.07 |  1.09 |  0.95 |  0.82 |  0.85 |  1.04 |  0.84
        5134 |  1.07 |  1.09 |  0.95 |  0.82 |  0.85 |  1.04 |  0.84
        5134 |  1.07 |  1.09 |  0.95 |  0.82 |  0.85 |  1.04 |  0.84
        5134 |  1.07 |  1.09 |  0.95 |  0.82 |  0.85 |  1.04 |  0.84
        5134 |  1.07 |  1.09 |  0.95 |  0.82 |  0.85 |  1.04 |  0.84
        5134 |  1.07 |  1.09 |  0.95 |  0.82 |  0.85 |  1.04 |  0.84
        5134 |  1.07 |  1.09 |  0.95 |  0.82 |  0.85 |  1.04 |  0.84
        5134 |  1.07 |  1.09 |  0.95 |  0.82 |  0.85 |  1.04 |  0.84
        5134 |  1.07 |  1.09 |  0.95 |  0.82 |  0.85 |  1.04 |  0.84
        5134 |  1.07 |  1.09 |  0.95 |  0.82 |  0.85 |  1.04 |  0.84
        5134 |  1.07 |  1.09 |  0.95 |  0.82 |  0.85 |  1.04 |  0.84
        5134 |  1.07 |  1.09 |  0.95 |  0.82 |  0.85 |  1.04 |  0.84
        5134 |  1.07 |  1.09 |  0.95 |  0.82 |  0.85 |  1.04 |  0.84
        5134 |  1.07 |  1.09 |  0.95 |  0.82 |  0.85 |  1.04 |  0.84
        5134 |  1.07 |  1.09 |  0.95 |  0.82 |  0.85 |  1.04 |  0.84
        5134 |  1.07 |  1.09 |  0.95 |  0.82 |  0.85 |  1.04 |  0.84
        5134 |  1.07 |  1.09 |  0.95 |  0.82 |  0.85 |  1.04 |  0.84
        5134 |  1.07 |  1.09 |  0.95 |  0.82 |  0.85 |  1.04 |  0.84
        5134 |  1.07 |  1.09 |  0.95 |  0.82 |  0.85 |  1.04 |  0.84
        5134 |  1.07 |  1.09 |  0.95 |  0.82 |  0.85 |  1.04 |  0.84
        5134 |  1.07 |  1.09 |  0.95 |  0.82 |  0.85 |  1.04 |  0.84
        5134 |  1.07 |  1.09 |  0.95 |  0.82 |  0.85 |  1.04 |  0.84
        5134 |  1.07 |  1.09 |  0.95 |  0.82 |  0.85 |  1.04 |  0.84
        5134 |  1.07 |  1.09 |  0.95 |  0.82 |  0.85 |  1.04 |  0.84
        5134 |  1.07 |  1.09 |  0.95 |  0.82 |  0.85 |  1.04 |  0.84
        5134 |  1.07 |  1.09 |  0.95 |  0.82 |  0.85 |  1.04 |  0.84
        5134 |  1.07 |  1.09 |  0.95 |  0.82 |  0.85 |  1.04 |  0.84
        5134 |  1.07 |  1.09 |  0.95 |  0.82 |  0.85 |  1.04 |  0.84
        5134 |  1.07 |  1.09 |  0.95 |  0.82 |  0.85 |  1.04 |  0.84
        5134 |  1.07 |  1.09 |  0.95 |  0.82 |  0.85 |  1.04 |  0.84
        5134 |  1.07 |  1.09 |  0.95 |  0.82 |  0.85 |  1.04 |  0.84
        5134 |  1.07 |  1.09 |  0.95 |  0.82 |  0.85 |  1.04 |  0.84
        5134 |  1.07 |  1.09 |  0.95 |  0.82 |  0.85 |  1.04 |  0.84
        5134 |  1.07 |  1.09 |  0.95 |  0.82 |  0.85 |  1.04 |  0.84
        5134 |  1.07 |  1.09 |  0.95 |  0.82 |  0.85 |  1.04 |  0.84
        5135 |  0.92 |  1.40 |  0.69 |  1.06 |  1.26 |  0.96 |  1.19
        5135 |  0.92 |  1.40 |  0.69 |  1.06 |  1.26 |  0.96 |  1.19
        5135 |  0.92 |  1.40 |  0.69 |  1.06 |  1.26 |  0.96 |  1.19
        5135 |  0.92 |  1.40 |  0.69 |  1.06 |  1.26 |  0.96 |  1.19
        5135 |  0.92 |  1.40 |  0.69 |  1.06 |  1.26 |  0.96 |  1.19
        5135 |  0.92 |  1.40 |  0.69 |  1.06 |  1.26 |  0.96 |  1.19
        5135 |  0.92 |  1.40 |  0.69 |  1.06 |  1.26 |  0.96 |  1.19
        5135 |  0.92 |  1.40 |  0.69 |  1.06 |  1.26 |  0.96 |  1.19
        5135 |  0.92 |  1.40 |  0.69 |  1.06 |  1.26 |  0.96 |  1.19
        5135 |  0.92 |  1.40 |  0.69 |  1.06 |  1.26 |  0.96 |  1.19
        5135 |  0.92 |  1.40 |  0.69 |  1.06 |  1.26 |  0.96 |  1.19
        5135 |  0.92 |  1.40 |  0.69 |  1.06 |  1.26 |  0.96 |  1.19
        5135 |  0.92 |  1.40 |  0.69 |  1.06 |  1.26 |  0.96 |  1.19
        5135 |  0.92 |  1.40 |  0.69 |  1.06 |  1.26 |  0.96 |  1.19
        5135 |  0.92 |  1.40 |  0.69 |  1.06 |  1.26 |  0.96 |  1.19
        5135 |  0.92 |  1.40 |  0.69 |  1.06 |  1.26 |  0.96 |  1.19
        5135 |  0.92 |  1.40 |  0.69 |  1.06 |  1.26 |  0.96 |  1.19
        5135 |  0.92 |  1.40 |  0.69 |  1.06 |  1.26 |  0.96 |  1.19
        5135 |  0.92 |  1.40 |  0.69 |  1.06 |  1.26 |  0.96 |  1.19
        5135 |  0.92 |  1.40 |  0.69 |  1.06 |  1.26 |  0.96 |  1.19
        5135 |  0.92 |  1.40 |  0.69 |  1.06 |  1.26 |  0.96 |  1.19
        5135 |  0.92 |  1.40 |  0.69 |  1.06 |  1.26 |  0.96 |  1.19
        5135 |  0.92 |  1.40 |  0.69 |  1.06 |  1.26 |  0.96 |  1.19
        5135 |  0.92 |  1.40 |  0.69 |  1.06 |  1.26 |  0.96 |  1.19
        5135 |  0.92 |  1.40 |  0.69 |  1.06 |  1.26 |  0.96 |  1.19
        5135 |  0.92 |  1.40 |  0.69 |  1.06 |  1.26 |  0.96 |  1.19
        5135 |  0.92 |  1.40 |  0.69 |  1.06 |  1.26 |  0.96 |  1.19
        5135 |  0.92 |  1.40 |  0.69 |  1.06 |  1.26 |  0.96 |  1.19
        5135 |  0.92 |  1.40 |  0.69 |  1.06 |  1.26 |  0.96 |  1.19
        5135 |  0.92 |  1.40 |  0.69 |  1.06 |  1.26 |  0.96 |  1.19
        5135 |  0.92 |  1.40 |  0.69 |  1.06 |  1.26 |  0.96 |  1.19
        5135 |  0.92 |  1.40 |  0.69 |  1.06 |  1.26 |  0.96 |  1.19
        5135 |  0.92 |  1.40 |  0.69 |  1.06 |  1.26 |  0.96 |  1.19
        5135 |  0.92 |  1.40 |  0.69 |  1.06 |  1.26 |  0.96 |  1.19
        5135 |  0.92 |  1.40 |  0.69 |  1.06 |  1.26 |  0.96 |  1.19
        5135 |  0.92 |  1.40 |  0.69 |  1.06 |  1.26 |  0.96 |  1.19
        5135 |  0.92 |  1.40 |  0.69 |  1.06 |  1.26 |  0.96 |  1.19
        5135 |  0.92 |  1.40 |  0.69 |  1.06 |  1.26 |  0.96 |  1.19
        5135 |  0.92 |  1.40 |  0.69 |  1.06 |  1.26 |  0.96 |  1.19
        5135 |  0.92 |  1.40 |  0.69 |  1.06 |  1.26 |  0.96 |  1.19
        5135 |  0.92 |  1.40 |  0.69 |  1.06 |  1.26 |  0.96 |  1.19
        5135 |  0.92 |  1.40 |  0.69 |  1.06 |  1.26 |  0.96 |  1.19
        5135 |  0.92 |  1.40 |  0.69 |  1.06 |  1.26 |  0.96 |  1.19
        5135 |  0.92 |  1.40 |  0.69 |  1.06 |  1.26 |  0.96 |  1.19
        5135 |  0.92 |  1.40 |  0.69 |  1.06 |  1.26 |  0.96 |  1.19
        5135 |  0.92 |  1.40 |  0.69 |  1.06 |  1.26 |  0.96 |  1.19
        5135 |  0.92 |  1.40 |  0.69 |  1.06 |  1.26 |  0.96 |  1.19
        5135 |  0.92 |  1.40 |  0.69 |  1.06 |  1.26 |  0.96 |  1.19
        5135 |  0.92 |  1.40 |  0.69 |  1.06 |  1.26 |  0.96 |  1.19
        5136 |  1.10 |  0.53 |  0.78 |  0.81 |  0.84 |  0.91 |  1.30
        5136 |  1.10 |  0.53 |  0.78 |  0.81 |  0.84 |  0.91 |  1.30
        5136 |  1.10 |  0.53 |  0.78 |  0.81 |  0.84 |  0.91 |  1.30
        5136 |  1.10 |  0.53 |  0.78 |  0.81 |  0.84 |  0.91 |  1.30
        5136 |  1.10 |  0.53 |  0.78 |  0.81 |  0.84 |  0.91 |  1.30
        5136 |  1.10 |  0.53 |  0.78 |  0.81 |  0.84 |  0.91 |  1.30
        5136 |  1.10 |  0.53 |  0.78 |  0.81 |  0.84 |  0.91 |  1.30
        5136 |  1.10 |  0.53 |  0.78 |  0.81 |  0.84 |  0.91 |  1.30
        5136 |  1.10 |  0.53 |  0.78 |  0.81 |  0.84 |  0.91 |  1.30
        5136 |  1.10 |  0.53 |  0.78 |  0.81 |  0.84 |  0.91 |  1.30
        5136 |  1.10 |  0.53 |  0.78 |  0.81 |  0.84 |  0.91 |  1.30
        5136 |  1.10 |  0.53 |  0.78 |  0.81 |  0.84 |  0.91 |  1.30
        5136 |  1.10 |  0.53 |  0.78 |  0.81 |  0.84 |  0.91 |  1.30
        5136 |  1.10 |  0.53 |  0.78 |  0.81 |  0.84 |  0.91 |  1.30
        5136 |  1.10 |  0.53 |  0.78 |  0.81 |  0.84 |  0.91 |  1.30
        5136 |  1.10 |  0.53 |  0.78 |  0.81 |  0.84 |  0.91 |  1.30
        5136 |  1.10 |  0.53 |  0.78 |  0.81 |  0.84 |  0.91 |  1.30
        5136 |  1.10 |  0.53 |  0.78 |  0.81 |  0.84 |  0.91 |  1.30
        5136 |  1.10 |  0.53 |  0.78 |  0.81 |  0.84 |  0.91 |  1.30
        5136 |  1.10 |  0.53 |  0.78 |  0.81 |  0.84 |  0.91 |  1.30
        5136 |  1.10 |  0.53 |  0.78 |  0.81 |  0.84 |  0.91 |  1.30
        5136 |  1.10 |  0.53 |  0.78 |  0.81 |  0.84 |  0.91 |  1.30
        5136 |  1.10 |  0.53 |  0.78 |  0.81 |  0.84 |  0.91 |  1.30
        5136 |  1.10 |  0.53 |  0.78 |  0.81 |  0.84 |  0.91 |  1.30
        5136 |  1.10 |  0.53 |  0.78 |  0.81 |  0.84 |  0.91 |  1.30
        5136 |  1.10 |  0.53 |  0.78 |  0.81 |  0.84 |  0.91 |  1.30
        5136 |  1.10 |  0.53 |  0.78 |  0.81 |  0.84 |  0.91 |  1.30
        5136 |  1.10 |  0.53 |  0.78 |  0.81 |  0.84 |  0.91 |  1.30
        5136 |  1.10 |  0.53 |  0.78 |  0.81 |  0.84 |  0.91 |  1.30
        5136 |  1.10 |  0.53 |  0.78 |  0.81 |  0.84 |  0.91 |  1.30
        5136 |  1.10 |  0.53 |  0.78 |  0.81 |  0.84 |  0.91 |  1.30
        5136 |  1.10 |  0.53 |  0.78 |  0.81 |  0.84 |  0.91 |  1.30
        5136 |  1.10 |  0.53 |  0.78 |  0.81 |  0.84 |  0.91 |  1.30
        5136 |  1.10 |  0.53 |  0.78 |  0.81 |  0.84 |  0.91 |  1.30
        5136 |  1.10 |  0.53 |  0.78 |  0.81 |  0.84 |  0.91 |  1.30
        5136 |  1.10 |  0.53 |  0.78 |  0.81 |  0.84 |  0.91 |  1.30
        5136 |  1.10 |  0.53 |  0.78 |  0.81 |  0.84 |  0.91 |  1.30
        5136 |  1.10 |  0.53 |  0.78 |  0.81 |  0.84 |  0.91 |  1.30
        5136 |  1.10 |  0.53 |  0.78 |  0.81 |  0.84 |  0.91 |  1.30
        5136 |  1.10 |  0.53 |  0.78 |  0.81 |  0.84 |  0.91 |  1.30
        5136 |  1.10 |  0.53 |  0.78 |  0.81 |  0.84 |  0.91 |  1.30
        5136 |  1.10 |  0.53 |  0.78 |  0.81 |  0.84 |  0.91 |  1.30
        5136 |  1.10 |  0.53 |  0.78 |  0.81 |  0.84 |  0.91 |  1.30
        5136 |  1.10 |  0.53 |  0.78 |  0.81 |  0.84 |  0.91 |  1.30
        5136 |  1.10 |  0.53 |  0.78 |  0.81 |  0.84 |  0.91 |  1.30
        5136 |  1.10 |  0.53 |  0.78 |  0.81 |  0.84 |  0.91 |  1.30
        5136 |  1.10 |  0.53 |  0.78 |  0.81 |  0.84 |  0.91 |  1.30
        5136 |  1.10 |  0.53 |  0.78 |  0.81 |  0.84 |  0.91 |  1.30
        5136 |  1.10 |  0.53 |  0.78 |  0.81 |  0.84 |  0.91 |  1.30
        5137 |  1.03 |  0.84 |  1.03 |  1.10 |  1.44 |  0.97 |  1.25
        5137 |  1.03 |  0.84 |  1.03 |  1.10 |  1.44 |  0.97 |  1.25
        5137 |  1.03 |  0.84 |  1.03 |  1.10 |  1.44 |  0.97 |  1.25
        5137 |  1.03 |  0.84 |  1.03 |  1.10 |  1.44 |  0.97 |  1.25
        5137 |  1.03 |  0.84 |  1.03 |  1.10 |  1.44 |  0.97 |  1.25
        5137 |  1.03 |  0.84 |  1.03 |  1.10 |  1.44 |  0.97 |  1.25
        5137 |  1.03 |  0.84 |  1.03 |  1.10 |  1.44 |  0.97 |  1.25
        5137 |  1.03 |  0.84 |  1.03 |  1.10 |  1.44 |  0.97 |  1.25
        5137 |  1.03 |  0.84 |  1.03 |  1.10 |  1.44 |  0.97 |  1.25
        5137 |  1.03 |  0.84 |  1.03 |  1.10 |  1.44 |  0.97 |  1.25
        5137 |  1.03 |  0.84 |  1.03 |  1.10 |  1.44 |  0.97 |  1.25
        5137 |  1.03 |  0.84 |  1.03 |  1.10 |  1.44 |  0.97 |  1.25
        5137 |  1.03 |  0.84 |  1.03 |  1.10 |  1.44 |  0.97 |  1.25
        5137 |  1.03 |  0.84 |  1.03 |  1.10 |  1.44 |  0.97 |  1.25
        5137 |  1.03 |  0.84 |  1.03 |  1.10 |  1.44 |  0.97 |  1.25
        5137 |  1.03 |  0.84 |  1.03 |  1.10 |  1.44 |  0.97 |  1.25
        5137 |  1.03 |  0.84 |  1.03 |  1.10 |  1.44 |  0.97 |  1.25
        5137 |  1.03 |  0.84 |  1.03 |  1.10 |  1.44 |  0.97 |  1.25
        5137 |  1.03 |  0.84 |  1.03 |  1.10 |  1.44 |  0.97 |  1.25
        5137 |  1.03 |  0.84 |  1.03 |  1.10 |  1.44 |  0.97 |  1.25
        5137 |  1.03 |  0.84 |  1.03 |  1.10 |  1.44 |  0.97 |  1.25
        5137 |  1.03 |  0.84 |  1.03 |  1.10 |  1.44 |  0.97 |  1.25
        5137 |  1.03 |  0.84 |  1.03 |  1.10 |  1.44 |  0.97 |  1.25
        5137 |  1.03 |  0.84 |  1.03 |  1.10 |  1.44 |  0.97 |  1.25
        5137 |  1.03 |  0.84 |  1.03 |  1.10 |  1.44 |  0.97 |  1.25
        5137 |  1.03 |  0.84 |  1.03 |  1.10 |  1.44 |  0.97 |  1.25
        5137 |  1.03 |  0.84 |  1.03 |  1.10 |  1.44 |  0.97 |  1.25
        5137 |  1.03 |  0.84 |  1.03 |  1.10 |  1.44 |  0.97 |  1.25
        5137 |  1.03 |  0.84 |  1.03 |  1.10 |  1.44 |  0.97 |  1.25
        5137 |  1.03 |  0.84 |  1.03 |  1.10 |  1.44 |  0.97 |  1.25
        5137 |  1.03 |  0.84 |  1.03 |  1.10 |  1.44 |  0.97 |  1.25
        5137 |  1.03 |  0.84 |  1.03 |  1.10 |  1.44 |  0.97 |  1.25
        5137 |  1.03 |  0.84 |  1.03 |  1.10 |  1.44 |  0.97 |  1.25
        5137 |  1.03 |  0.84 |  1.03 |  1.10 |  1.44 |  0.97 |  1.25
        5137 |  1.03 |  0.84 |  1.03 |  1.10 |  1.44 |  0.97 |  1.25
        5137 |  1.03 |  0.84 |  1.03 |  1.10 |  1.44 |  0.97 |  1.25
        5137 |  1.03 |  0.84 |  1.03 |  1.10 |  1.44 |  0.97 |  1.25
        5137 |  1.03 |  0.84 |  1.03 |  1.10 |  1.44 |  0.97 |  1.25
        5137 |  1.03 |  0.84 |  1.03 |  1.10 |  1.44 |  0.97 |  1.25
        5137 |  1.03 |  0.84 |  1.03 |  1.10 |  1.44 |  0.97 |  1.25
        5137 |  1.03 |  0.84 |  1.03 |  1.10 |  1.44 |  0.97 |  1.25
        5137 |  1.03 |  0.84 |  1.03 |  1.10 |  1.44 |  0.97 |  1.25
        5137 |  1.03 |  0.84 |  1.03 |  1.10 |  1.44 |  0.97 |  1.25
        5137 |  1.03 |  0.84 |  1.03 |  1.10 |  1.44 |  0.97 |  1.25
        5137 |  1.03 |  0.84 |  1.03 |  1.10 |  1.44 |  0.97 |  1.25
        5137 |  1.03 |  0.84 |  1.03 |  1.10 |  1.44 |  0.97 |  1.25
        5137 |  1.03 |  0.84 |  1.03 |  1.10 |  1.44 |  0.97 |  1.25
        5137 |  1.03 |  0.84 |  1.03 |  1.10 |  1.44 |  0.97 |  1.25
        5137 |  1.03 |  0.84 |  1.03 |  1.10 |  1.44 |  0.97 |  1.25
        5138 |  0.67 |  0.94 |  1.15 |  0.88 |  0.91 |  1.04 |  0.79
        5138 |  0.67 |  0.94 |  1.15 |  0.88 |  0.91 |  1.04 |  0.79
        5138 |  0.67 |  0.94 |  1.15 |  0.88 |  0.91 |  1.04 |  0.79
        5138 |  0.67 |  0.94 |  1.15 |  0.88 |  0.91 |  1.04 |  0.79
        5138 |  0.67 |  0.94 |  1.15 |  0.88 |  0.91 |  1.04 |  0.79
        5138 |  0.67 |  0.94 |  1.15 |  0.88 |  0.91 |  1.04 |  0.79
        5138 |  0.67 |  0.94 |  1.15 |  0.88 |  0.91 |  1.04 |  0.79
        5138 |  0.67 |  0.94 |  1.15 |  0.88 |  0.91 |  1.04 |  0.79
        5138 |  0.67 |  0.94 |  1.15 |  0.88 |  0.91 |  1.04 |  0.79
        5138 |  0.67 |  0.94 |  1.15 |  0.88 |  0.91 |  1.04 |  0.79
        5138 |  0.67 |  0.94 |  1.15 |  0.88 |  0.91 |  1.04 |  0.79
        5138 |  0.67 |  0.94 |  1.15 |  0.88 |  0.91 |  1.04 |  0.79
        5138 |  0.67 |  0.94 |  1.15 |  0.88 |  0.91 |  1.04 |  0.79
        5138 |  0.67 |  0.94 |  1.15 |  0.88 |  0.91 |  1.04 |  0.79
        5138 |  0.67 |  0.94 |  1.15 |  0.88 |  0.91 |  1.04 |  0.79
        5138 |  0.67 |  0.94 |  1.15 |  0.88 |  0.91 |  1.04 |  0.79
        5138 |  0.67 |  0.94 |  1.15 |  0.88 |  0.91 |  1.04 |  0.79
        5138 |  0.67 |  0.94 |  1.15 |  0.88 |  0.91 |  1.04 |  0.79
        5138 |  0.67 |  0.94 |  1.15 |  0.88 |  0.91 |  1.04 |  0.79
        5138 |  0.67 |  0.94 |  1.15 |  0.88 |  0.91 |  1.04 |  0.79
        5138 |  0.67 |  0.94 |  1.15 |  0.88 |  0.91 |  1.04 |  0.79
        5138 |  0.67 |  0.94 |  1.15 |  0.88 |  0.91 |  1.04 |  0.79
        5138 |  0.67 |  0.94 |  1.15 |  0.88 |  0.91 |  1.04 |  0.79
        5138 |  0.67 |  0.94 |  1.15 |  0.88 |  0.91 |  1.04 |  0.79
        5138 |  0.67 |  0.94 |  1.15 |  0.88 |  0.91 |  1.04 |  0.79
        5138 |  0.67 |  0.94 |  1.15 |  0.88 |  0.91 |  1.04 |  0.79
        5138 |  0.67 |  0.94 |  1.15 |  0.88 |  0.91 |  1.04 |  0.79
        5138 |  0.67 |  0.94 |  1.15 |  0.88 |  0.91 |  1.04 |  0.79
        5138 |  0.67 |  0.94 |  1.15 |  0.88 |  0.91 |  1.04 |  0.79
        5138 |  0.67 |  0.94 |  1.15 |  0.88 |  0.91 |  1.04 |  0.79
        5138 |  0.67 |  0.94 |  1.15 |  0.88 |  0.91 |  1.04 |  0.79
        5138 |  0.67 |  0.94 |  1.15 |  0.88 |  0.91 |  1.04 |  0.79
        5138 |  0.67 |  0.94 |  1.15 |  0.88 |  0.91 |  1.04 |  0.79
        5138 |  0.67 |  0.94 |  1.15 |  0.88 |  0.91 |  1.04 |  0.79
        5138 |  0.67 |  0.94 |  1.15 |  0.88 |  0.91 |  1.04 |  0.79
        5138 |  0.67 |  0.94 |  1.15 |  0.88 |  0.91 |  1.04 |  0.79
        5138 |  0.67 |  0.94 |  1.15 |  0.88 |  0.91 |  1.04 |  0.79
        5138 |  0.67 |  0.94 |  1.15 |  0.88 |  0.91 |  1.04 |  0.79
        5138 |  0.67 |  0.94 |  1.15 |  0.88 |  0.91 |  1.04 |  0.79
        5138 |  0.67 |  0.94 |  1.15 |  0.88 |  0.91 |  1.04 |  0.79
        5138 |  0.67 |  0.94 |  1.15 |  0.88 |  0.91 |  1.04 |  0.79
        5138 |  0.67 |  0.94 |  1.15 |  0.88 |  0.91 |  1.04 |  0.79
        5138 |  0.67 |  0.94 |  1.15 |  0.88 |  0.91 |  1.04 |  0.79
        5138 |  0.67 |  0.94 |  1.15 |  0.88 |  0.91 |  1.04 |  0.79
        5138 |  0.67 |  0.94 |  1.15 |  0.88 |  0.91 |  1.04 |  0.79
        5138 |  0.67 |  0.94 |  1.15 |  0.88 |  0.91 |  1.04 |  0.79
        5138 |  0.67 |  0.94 |  1.15 |  0.88 |  0.91 |  1.04 |  0.79
        5138 |  0.67 |  0.94 |  1.15 |  0.88 |  0.91 |  1.04 |  0.79
        5138 |  0.67 |  0.94 |  1.15 |  0.88 |  0.91 |  1.04 |  0.79
        5139 |  1.30 |  0.72 |  0.97 |  1.16 |  0.88 |  0.81 |  1.21
        5139 |  1.30 |  0.72 |  0.97 |  1.16 |  0.88 |  0.81 |  1.21
        5139 |  1.30 |  0.72 |  0.97 |  1.16 |  0.88 |  0.81 |  1.21
        5139 |  1.30 |  0.72 |  0.97 |  1.16 |  0.88 |  0.81 |  1.21
        5139 |  1.30 |  0.72 |  0.97 |  1.16 |  0.88 |  0.81 |  1.21
        5139 |  1.30 |  0.72 |  0.97 |  1.16 |  0.88 |  0.81 |  1.21
        5139 |  1.30 |  0.72 |  0.97 |  1.16 |  0.88 |  0.81 |  1.21
        5139 |  1.30 |  0.72 |  0.97 |  1.16 |  0.88 |  0.81 |  1.21
        5139 |  1.30 |  0.72 |  0.97 |  1.16 |  0.88 |  0.81 |  1.21
        5139 |  1.30 |  0.72 |  0.97 |  1.16 |  0.88 |  0.81 |  1.21
        5139 |  1.30 |  0.72 |  0.97 |  1.16 |  0.88 |  0.81 |  1.21
        5139 |  1.30 |  0.72 |  0.97 |  1.16 |  0.88 |  0.81 |  1.21
        5139 |  1.30 |  0.72 |  0.97 |  1.16 |  0.88 |  0.81 |  1.21
        5139 |  1.30 |  0.72 |  0.97 |  1.16 |  0.88 |  0.81 |  1.21
        5139 |  1.30 |  0.72 |  0.97 |  1.16 |  0.88 |  0.81 |  1.21
        5139 |  1.30 |  0.72 |  0.97 |  1.16 |  0.88 |  0.81 |  1.21
        5139 |  1.30 |  0.72 |  0.97 |  1.16 |  0.88 |  0.81 |  1.21
        5139 |  1.30 |  0.72 |  0.97 |  1.16 |  0.88 |  0.81 |  1.21
        5139 |  1.30 |  0.72 |  0.97 |  1.16 |  0.88 |  0.81 |  1.21
        5139 |  1.30 |  0.72 |  0.97 |  1.16 |  0.88 |  0.81 |  1.21
        5139 |  1.30 |  0.72 |  0.97 |  1.16 |  0.88 |  0.81 |  1.21
        5139 |  1.30 |  0.72 |  0.97 |  1.16 |  0.88 |  0.81 |  1.21
        5139 |  1.30 |  0.72 |  0.97 |  1.16 |  0.88 |  0.81 |  1.21
        5139 |  1.30 |  0.72 |  0.97 |  1.16 |  0.88 |  0.81 |  1.21
        5139 |  1.30 |  0.72 |  0.97 |  1.16 |  0.88 |  0.81 |  1.21
        5139 |  1.30 |  0.72 |  0.97 |  1.16 |  0.88 |  0.81 |  1.21
        5139 |  1.30 |  0.72 |  0.97 |  1.16 |  0.88 |  0.81 |  1.21
        5139 |  1.30 |  0.72 |  0.97 |  1.16 |  0.88 |  0.81 |  1.21
        5139 |  1.30 |  0.72 |  0.97 |  1.16 |  0.88 |  0.81 |  1.21
        5139 |  1.30 |  0.72 |  0.97 |  1.16 |  0.88 |  0.81 |  1.21
        5139 |  1.30 |  0.72 |  0.97 |  1.16 |  0.88 |  0.81 |  1.21
        5139 |  1.30 |  0.72 |  0.97 |  1.16 |  0.88 |  0.81 |  1.21
        5139 |  1.30 |  0.72 |  0.97 |  1.16 |  0.88 |  0.81 |  1.21
        5139 |  1.30 |  0.72 |  0.97 |  1.16 |  0.88 |  0.81 |  1.21
        5139 |  1.30 |  0.72 |  0.97 |  1.16 |  0.88 |  0.81 |  1.21
        5139 |  1.30 |  0.72 |  0.97 |  1.16 |  0.88 |  0.81 |  1.21
        5139 |  1.30 |  0.72 |  0.97 |  1.16 |  0.88 |  0.81 |  1.21
        5139 |  1.30 |  0.72 |  0.97 |  1.16 |  0.88 |  0.81 |  1.21
        5139 |  1.30 |  0.72 |  0.97 |  1.16 |  0.88 |  0.81 |  1.21
        5139 |  1.30 |  0.72 |  0.97 |  1.16 |  0.88 |  0.81 |  1.21
        5139 |  1.30 |  0.72 |  0.97 |  1.16 |  0.88 |  0.81 |  1.21
        5139 |  1.30 |  0.72 |  0.97 |  1.16 |  0.88 |  0.81 |  1.21
        5139 |  1.30 |  0.72 |  0.97 |  1.16 |  0.88 |  0.81 |  1.21
        5139 |  1.30 |  0.72 |  0.97 |  1.16 |  0.88 |  0.81 |  1.21
        5139 |  1.30 |  0.72 |  0.97 |  1.16 |  0.88 |  0.81 |  1.21
        5139 |  1.30 |  0.72 |  0.97 |  1.16 |  0.88 |  0.81 |  1.21
        5139 |  1.30 |  0.72 |  0.97 |  1.16 |  0.88 |  0.81 |  1.21
        5139 |  1.30 |  0.72 |  0.97 |  1.16 |  0.88 |  0.81 |  1.21
        5139 |  1.30 |  0.72 |  0.97 |  1.16 |  0.88 |  0.81 |  1.21
        5140 |  1.00 |  0.84 |  0.92 |  0.79 |  0.83 |  0.96 |  1.43
        5140 |  1.00 |  0.84 |  0.92 |  0.79 |  0.83 |  0.96 |  1.43
        5140 |  1.00 |  0.84 |  0.92 |  0.79 |  0.83 |  0.96 |  1.43
        5140 |  1.00 |  0.84 |  0.92 |  0.79 |  0.83 |  0.96 |  1.43
        5140 |  1.00 |  0.84 |  0.92 |  0.79 |  0.83 |  0.96 |  1.43
        5140 |  1.00 |  0.84 |  0.92 |  0.79 |  0.83 |  0.96 |  1.43
        5140 |  1.00 |  0.84 |  0.92 |  0.79 |  0.83 |  0.96 |  1.43
        5140 |  1.00 |  0.84 |  0.92 |  0.79 |  0.83 |  0.96 |  1.43
        5140 |  1.00 |  0.84 |  0.92 |  0.79 |  0.83 |  0.96 |  1.43
        5140 |  1.00 |  0.84 |  0.92 |  0.79 |  0.83 |  0.96 |  1.43
        5140 |  1.00 |  0.84 |  0.92 |  0.79 |  0.83 |  0.96 |  1.43
        5140 |  1.00 |  0.84 |  0.92 |  0.79 |  0.83 |  0.96 |  1.43
        5140 |  1.00 |  0.84 |  0.92 |  0.79 |  0.83 |  0.96 |  1.43
        5140 |  1.00 |  0.84 |  0.92 |  0.79 |  0.83 |  0.96 |  1.43
        5140 |  1.00 |  0.84 |  0.92 |  0.79 |  0.83 |  0.96 |  1.43
        5140 |  1.00 |  0.84 |  0.92 |  0.79 |  0.83 |  0.96 |  1.43
        5140 |  1.00 |  0.84 |  0.92 |  0.79 |  0.83 |  0.96 |  1.43
        5140 |  1.00 |  0.84 |  0.92 |  0.79 |  0.83 |  0.96 |  1.43
        5140 |  1.00 |  0.84 |  0.92 |  0.79 |  0.83 |  0.96 |  1.43
        5140 |  1.00 |  0.84 |  0.92 |  0.79 |  0.83 |  0.96 |  1.43
        5140 |  1.00 |  0.84 |  0.92 |  0.79 |  0.83 |  0.96 |  1.43
        5140 |  1.00 |  0.84 |  0.92 |  0.79 |  0.83 |  0.96 |  1.43
        5140 |  1.00 |  0.84 |  0.92 |  0.79 |  0.83 |  0.96 |  1.43
        5140 |  1.00 |  0.84 |  0.92 |  0.79 |  0.83 |  0.96 |  1.43
        5140 |  1.00 |  0.84 |  0.92 |  0.79 |  0.83 |  0.96 |  1.43
        5140 |  1.00 |  0.84 |  0.92 |  0.79 |  0.83 |  0.96 |  1.43
        5140 |  1.00 |  0.84 |  0.92 |  0.79 |  0.83 |  0.96 |  1.43
        5140 |  1.00 |  0.84 |  0.92 |  0.79 |  0.83 |  0.96 |  1.43
        5140 |  1.00 |  0.84 |  0.92 |  0.79 |  0.83 |  0.96 |  1.43
        5140 |  1.00 |  0.84 |  0.92 |  0.79 |  0.83 |  0.96 |  1.43
        5140 |  1.00 |  0.84 |  0.92 |  0.79 |  0.83 |  0.96 |  1.43
        5140 |  1.00 |  0.84 |  0.92 |  0.79 |  0.83 |  0.96 |  1.43
        5140 |  1.00 |  0.84 |  0.92 |  0.79 |  0.83 |  0.96 |  1.43
        5140 |  1.00 |  0.84 |  0.92 |  0.79 |  0.83 |  0.96 |  1.43
        5140 |  1.00 |  0.84 |  0.92 |  0.79 |  0.83 |  0.96 |  1.43
        5140 |  1.00 |  0.84 |  0.92 |  0.79 |  0.83 |  0.96 |  1.43
        5140 |  1.00 |  0.84 |  0.92 |  0.79 |  0.83 |  0.96 |  1.43
        5140 |  1.00 |  0.84 |  0.92 |  0.79 |  0.83 |  0.96 |  1.43
        5140 |  1.00 |  0.84 |  0.92 |  0.79 |  0.83 |  0.96 |  1.43
        5140 |  1.00 |  0.84 |  0.92 |  0.79 |  0.83 |  0.96 |  1.43
        5140 |  1.00 |  0.84 |  0.92 |  0.79 |  0.83 |  0.96 |  1.43
        5140 |  1.00 |  0.84 |  0.92 |  0.79 |  0.83 |  0.96 |  1.43
        5140 |  1.00 |  0.84 |  0.92 |  0.79 |  0.83 |  0.96 |  1.43
        5140 |  1.00 |  0.84 |  0.92 |  0.79 |  0.83 |  0.96 |  1.43
        5140 |  1.00 |  0.84 |  0.92 |  0.79 |  0.83 |  0.96 |  1.43
        5140 |  1.00 |  0.84 |  0.92 |  0.79 |  0.83 |  0.96 |  1.43
        5140 |  1.00 |  0.84 |  0.92 |  0.79 |  0.83 |  0.96 |  1.43
        5140 |  1.00 |  0.84 |  0.92 |  0.79 |  0.83 |  0.96 |  1.43
        5140 |  1.00 |  0.84 |  0.92 |  0.79 |  0.83 |  0.96 |  1.43
        5141 |  0.88 |  0.92 |  0.99 |  1.12 |  1.28 |  0.91 |  1.17
        5141 |  0.88 |  0.92 |  0.99 |  1.12 |  1.28 |  0.91 |  1.17
        5141 |  0.88 |  0.92 |  0.99 |  1.12 |  1.28 |  0.91 |  1.17
        5141 |  0.88 |  0.92 |  0.99 |  1.12 |  1.28 |  0.91 |  1.17
        5141 |  0.88 |  0.92 |  0.99 |  1.12 |  1.28 |  0.91 |  1.17
        5141 |  0.88 |  0.92 |  0.99 |  1.12 |  1.28 |  0.91 |  1.17
        5141 |  0.88 |  0.92 |  0.99 |  1.12 |  1.28 |  0.91 |  1.17
        5141 |  0.88 |  0.92 |  0.99 |  1.12 |  1.28 |  0.91 |  1.17
        5141 |  0.88 |  0.92 |  0.99 |  1.12 |  1.28 |  0.91 |  1.17
        5141 |  0.88 |  0.92 |  0.99 |  1.12 |  1.28 |  0.91 |  1.17
        5141 |  0.88 |  0.92 |  0.99 |  1.12 |  1.28 |  0.91 |  1.17
        5141 |  0.88 |  0.92 |  0.99 |  1.12 |  1.28 |  0.91 |  1.17
        5141 |  0.88 |  0.92 |  0.99 |  1.12 |  1.28 |  0.91 |  1.17
        5141 |  0.88 |  0.92 |  0.99 |  1.12 |  1.28 |  0.91 |  1.17
        5141 |  0.88 |  0.92 |  0.99 |  1.12 |  1.28 |  0.91 |  1.17
        5141 |  0.88 |  0.92 |  0.99 |  1.12 |  1.28 |  0.91 |  1.17
        5141 |  0.88 |  0.92 |  0.99 |  1.12 |  1.28 |  0.91 |  1.17
        5141 |  0.88 |  0.92 |  0.99 |  1.12 |  1.28 |  0.91 |  1.17
        5141 |  0.88 |  0.92 |  0.99 |  1.12 |  1.28 |  0.91 |  1.17
        5141 |  0.88 |  0.92 |  0.99 |  1.12 |  1.28 |  0.91 |  1.17
        5141 |  0.88 |  0.92 |  0.99 |  1.12 |  1.28 |  0.91 |  1.17
        5141 |  0.88 |  0.92 |  0.99 |  1.12 |  1.28 |  0.91 |  1.17
        5141 |  0.88 |  0.92 |  0.99 |  1.12 |  1.28 |  0.91 |  1.17
        5141 |  0.88 |  0.92 |  0.99 |  1.12 |  1.28 |  0.91 |  1.17
        5141 |  0.88 |  0.92 |  0.99 |  1.12 |  1.28 |  0.91 |  1.17
        5141 |  0.88 |  0.92 |  0.99 |  1.12 |  1.28 |  0.91 |  1.17
        5141 |  0.88 |  0.92 |  0.99 |  1.12 |  1.28 |  0.91 |  1.17
        5141 |  0.88 |  0.92 |  0.99 |  1.12 |  1.28 |  0.91 |  1.17
        5141 |  0.88 |  0.92 |  0.99 |  1.12 |  1.28 |  0.91 |  1.17
        5141 |  0.88 |  0.92 |  0.99 |  1.12 |  1.28 |  0.91 |  1.17
        5141 |  0.88 |  0.92 |  0.99 |  1.12 |  1.28 |  0.91 |  1.17
        5141 |  0.88 |  0.92 |  0.99 |  1.12 |  1.28 |  0.91 |  1.17
        5141 |  0.88 |  0.92 |  0.99 |  1.12 |  1.28 |  0.91 |  1.17
        5141 |  0.88 |  0.92 |  0.99 |  1.12 |  1.28 |  0.91 |  1.17
        5141 |  0.88 |  0.92 |  0.99 |  1.12 |  1.28 |  0.91 |  1.17
        5141 |  0.88 |  0.92 |  0.99 |  1.12 |  1.28 |  0.91 |  1.17
        5141 |  0.88 |  0.92 |  0.99 |  1.12 |  1.28 |  0.91 |  1.17
        5141 |  0.88 |  0.92 |  0.99 |  1.12 |  1.28 |  0.91 |  1.17
        5141 |  0.88 |  0.92 |  0.99 |  1.12 |  1.28 |  0.91 |  1.17
        5141 |  0.88 |  0.92 |  0.99 |  1.12 |  1.28 |  0.91 |  1.17
        5141 |  0.88 |  0.92 |  0.99 |  1.12 |  1.28 |  0.91 |  1.17
        5141 |  0.88 |  0.92 |  0.99 |  1.12 |  1.28 |  0.91 |  1.17
        5141 |  0.88 |  0.92 |  0.99 |  1.12 |  1.28 |  0.91 |  1.17
        5141 |  0.88 |  0.92 |  0.99 |  1.12 |  1.28 |  0.91 |  1.17
        5141 |  0.88 |  0.92 |  0.99 |  1.12 |  1.28 |  0.91 |  1.17
        5141 |  0.88 |  0.92 |  0.99 |  1.12 |  1.28 |  0.91 |  1.17
        5141 |  0.88 |  0.92 |  0.99 |  1.12 |  1.28 |  0.91 |  1.17
        5141 |  0.88 |  0.92 |  0.99 |  1.12 |  1.28 |  0.91 |  1.17
        5141 |  0.88 |  0.92 |  0.99 |  1.12 |  1.28 |  0.91 |  1.17
        5142 |  1.16 |  0.83 |  1.22 |  1.10 |  0.93 |  1.16 |  1.19
        5142 |  1.16 |  0.83 |  1.22 |  1.10 |  0.93 |  1.16 |  1.19
        5142 |  1.16 |  0.83 |  1.22 |  1.10 |  0.93 |  1.16 |  1.19
        5142 |  1.16 |  0.83 |  1.22 |  1.10 |  0.93 |  1.16 |  1.19
        5142 |  1.16 |  0.83 |  1.22 |  1.10 |  0.93 |  1.16 |  1.19
        5142 |  1.16 |  0.83 |  1.22 |  1.10 |  0.93 |  1.16 |  1.19
        5142 |  1.16 |  0.83 |  1.22 |  1.10 |  0.93 |  1.16 |  1.19
        5142 |  1.16 |  0.83 |  1.22 |  1.10 |  0.93 |  1.16 |  1.19
        5142 |  1.16 |  0.83 |  1.22 |  1.10 |  0.93 |  1.16 |  1.19
        5142 |  1.16 |  0.83 |  1.22 |  1.10 |  0.93 |  1.16 |  1.19
        5142 |  1.16 |  0.83 |  1.22 |  1.10 |  0.93 |  1.16 |  1.19
        5142 |  1.16 |  0.83 |  1.22 |  1.10 |  0.93 |  1.16 |  1.19
        5142 |  1.16 |  0.83 |  1.22 |  1.10 |  0.93 |  1.16 |  1.19
        5142 |  1.16 |  0.83 |  1.22 |  1.10 |  0.93 |  1.16 |  1.19
        5142 |  1.16 |  0.83 |  1.22 |  1.10 |  0.93 |  1.16 |  1.19
        5142 |  1.16 |  0.83 |  1.22 |  1.10 |  0.93 |  1.16 |  1.19
        5142 |  1.16 |  0.83 |  1.22 |  1.10 |  0.93 |  1.16 |  1.19
        5142 |  1.16 |  0.83 |  1.22 |  1.10 |  0.93 |  1.16 |  1.19
        5142 |  1.16 |  0.83 |  1.22 |  1.10 |  0.93 |  1.16 |  1.19
        5142 |  1.16 |  0.83 |  1.22 |  1.10 |  0.93 |  1.16 |  1.19
        5142 |  1.16 |  0.83 |  1.22 |  1.10 |  0.93 |  1.16 |  1.19
        5142 |  1.16 |  0.83 |  1.22 |  1.10 |  0.93 |  1.16 |  1.19
        5142 |  1.16 |  0.83 |  1.22 |  1.10 |  0.93 |  1.16 |  1.19
        5142 |  1.16 |  0.83 |  1.22 |  1.10 |  0.93 |  1.16 |  1.19
        5142 |  1.16 |  0.83 |  1.22 |  1.10 |  0.93 |  1.16 |  1.19
        5142 |  1.16 |  0.83 |  1.22 |  1.10 |  0.93 |  1.16 |  1.19
        5142 |  1.16 |  0.83 |  1.22 |  1.10 |  0.93 |  1.16 |  1.19
        5142 |  1.16 |  0.83 |  1.22 |  1.10 |  0.93 |  1.16 |  1.19
        5142 |  1.16 |  0.83 |  1.22 |  1.10 |  0.93 |  1.16 |  1.19
        5142 |  1.16 |  0.83 |  1.22 |  1.10 |  0.93 |  1.16 |  1.19
        5142 |  1.16 |  0.83 |  1.22 |  1.10 |  0.93 |  1.16 |  1.19
        5142 |  1.16 |  0.83 |  1.22 |  1.10 |  0.93 |  1.16 |  1.19
        5142 |  1.16 |  0.83 |  1.22 |  1.10 |  0.93 |  1.16 |  1.19
        5142 |  1.16 |  0.83 |  1.22 |  1.10 |  0.93 |  1.16 |  1.19
        5142 |  1.16 |  0.83 |  1.22 |  1.10 |  0.93 |  1.16 |  1.19
        5142 |  1.16 |  0.83 |  1.22 |  1.10 |  0.93 |  1.16 |  1.19
        5142 |  1.16 |  0.83 |  1.22 |  1.10 |  0.93 |  1.16 |  1.19
        5142 |  1.16 |  0.83 |  1.22 |  1.10 |  0.93 |  1.16 |  1.19
        5142 |  1.16 |  0.83 |  1.22 |  1.10 |  0.93 |  1.16 |  1.19
        5142 |  1.16 |  0.83 |  1.22 |  1.10 |  0.93 |  1.16 |  1.19
        5142 |  1.16 |  0.83 |  1.22 |  1.10 |  0.93 |  1.16 |  1.19
        5142 |  1.16 |  0.83 |  1.22 |  1.10 |  0.93 |  1.16 |  1.19
        5142 |  1.16 |  0.83 |  1.22 |  1.10 |  0.93 |  1.16 |  1.19
        5142 |  1.16 |  0.83 |  1.22 |  1.10 |  0.93 |  1.16 |  1.19
        5142 |  1.16 |  0.83 |  1.22 |  1.10 |  0.93 |  1.16 |  1.19
        5142 |  1.16 |  0.83 |  1.22 |  1.10 |  0.93 |  1.16 |  1.19
        5142 |  1.16 |  0.83 |  1.22 |  1.10 |  0.93 |  1.16 |  1.19
        5142 |  1.16 |  0.83 |  1.22 |  1.10 |  0.93 |  1.16 |  1.19
        5142 |  1.16 |  0.83 |  1.22 |  1.10 |  0.93 |  1.16 |  1.19
        5143 |  0.98 |  0.67 |  0.83 |  1.30 |  1.05 |  0.96 |  1.48
        5143 |  0.98 |  0.67 |  0.83 |  1.30 |  1.05 |  0.96 |  1.48
        5143 |  0.98 |  0.67 |  0.83 |  1.30 |  1.05 |  0.96 |  1.48
        5143 |  0.98 |  0.67 |  0.83 |  1.30 |  1.05 |  0.96 |  1.48
        5143 |  0.98 |  0.67 |  0.83 |  1.30 |  1.05 |  0.96 |  1.48
        5143 |  0.98 |  0.67 |  0.83 |  1.30 |  1.05 |  0.96 |  1.48
        5143 |  0.98 |  0.67 |  0.83 |  1.30 |  1.05 |  0.96 |  1.48
        5143 |  0.98 |  0.67 |  0.83 |  1.30 |  1.05 |  0.96 |  1.48
        5143 |  0.98 |  0.67 |  0.83 |  1.30 |  1.05 |  0.96 |  1.48
        5143 |  0.98 |  0.67 |  0.83 |  1.30 |  1.05 |  0.96 |  1.48
        5143 |  0.98 |  0.67 |  0.83 |  1.30 |  1.05 |  0.96 |  1.48
        5143 |  0.98 |  0.67 |  0.83 |  1.30 |  1.05 |  0.96 |  1.48
        5143 |  0.98 |  0.67 |  0.83 |  1.30 |  1.05 |  0.96 |  1.48
        5143 |  0.98 |  0.67 |  0.83 |  1.30 |  1.05 |  0.96 |  1.48
        5143 |  0.98 |  0.67 |  0.83 |  1.30 |  1.05 |  0.96 |  1.48
        5143 |  0.98 |  0.67 |  0.83 |  1.30 |  1.05 |  0.96 |  1.48
        5143 |  0.98 |  0.67 |  0.83 |  1.30 |  1.05 |  0.96 |  1.48
        5143 |  0.98 |  0.67 |  0.83 |  1.30 |  1.05 |  0.96 |  1.48
        5143 |  0.98 |  0.67 |  0.83 |  1.30 |  1.05 |  0.96 |  1.48
        5143 |  0.98 |  0.67 |  0.83 |  1.30 |  1.05 |  0.96 |  1.48
        5143 |  0.98 |  0.67 |  0.83 |  1.30 |  1.05 |  0.96 |  1.48
        5143 |  0.98 |  0.67 |  0.83 |  1.30 |  1.05 |  0.96 |  1.48
        5143 |  0.98 |  0.67 |  0.83 |  1.30 |  1.05 |  0.96 |  1.48
        5143 |  0.98 |  0.67 |  0.83 |  1.30 |  1.05 |  0.96 |  1.48
        5143 |  0.98 |  0.67 |  0.83 |  1.30 |  1.05 |  0.96 |  1.48
        5143 |  0.98 |  0.67 |  0.83 |  1.30 |  1.05 |  0.96 |  1.48
        5143 |  0.98 |  0.67 |  0.83 |  1.30 |  1.05 |  0.96 |  1.48
        5143 |  0.98 |  0.67 |  0.83 |  1.30 |  1.05 |  0.96 |  1.48
        5143 |  0.98 |  0.67 |  0.83 |  1.30 |  1.05 |  0.96 |  1.48
        5143 |  0.98 |  0.67 |  0.83 |  1.30 |  1.05 |  0.96 |  1.48
        5143 |  0.98 |  0.67 |  0.83 |  1.30 |  1.05 |  0.96 |  1.48
        5143 |  0.98 |  0.67 |  0.83 |  1.30 |  1.05 |  0.96 |  1.48
        5143 |  0.98 |  0.67 |  0.83 |  1.30 |  1.05 |  0.96 |  1.48
        5143 |  0.98 |  0.67 |  0.83 |  1.30 |  1.05 |  0.96 |  1.48
        5143 |  0.98 |  0.67 |  0.83 |  1.30 |  1.05 |  0.96 |  1.48
        5143 |  0.98 |  0.67 |  0.83 |  1.30 |  1.05 |  0.96 |  1.48
        5143 |  0.98 |  0.67 |  0.83 |  1.30 |  1.05 |  0.96 |  1.48
        5143 |  0.98 |  0.67 |  0.83 |  1.30 |  1.05 |  0.96 |  1.48
        5143 |  0.98 |  0.67 |  0.83 |  1.30 |  1.05 |  0.96 |  1.48
        5143 |  0.98 |  0.67 |  0.83 |  1.30 |  1.05 |  0.96 |  1.48
        5143 |  0.98 |  0.67 |  0.83 |  1.30 |  1.05 |  0.96 |  1.48
        5143 |  0.98 |  0.67 |  0.83 |  1.30 |  1.05 |  0.96 |  1.48
        5143 |  0.98 |  0.67 |  0.83 |  1.30 |  1.05 |  0.96 |  1.48
        5143 |  0.98 |  0.67 |  0.83 |  1.30 |  1.05 |  0.96 |  1.48
        5143 |  0.98 |  0.67 |  0.83 |  1.30 |  1.05 |  0.96 |  1.48
        5143 |  0.98 |  0.67 |  0.83 |  1.30 |  1.05 |  0.96 |  1.48
        5143 |  0.98 |  0.67 |  0.83 |  1.30 |  1.05 |  0.96 |  1.48
        5143 |  0.98 |  0.67 |  0.83 |  1.30 |  1.05 |  0.96 |  1.48
        5143 |  0.98 |  0.67 |  0.83 |  1.30 |  1.05 |  0.96 |  1.48
        5144 |  1.05 |  1.01 |  0.43 |  0.57 |  0.47 |  0.44 |  0.37
        5144 |  1.05 |  1.01 |  0.43 |  0.57 |  0.47 |  0.44 |  0.37
        5144 |  1.05 |  1.01 |  0.43 |  0.57 |  0.47 |  0.44 |  0.37
        5144 |  1.05 |  1.01 |  0.43 |  0.57 |  0.47 |  0.44 |  0.37
        5144 |  1.05 |  1.01 |  0.43 |  0.57 |  0.47 |  0.44 |  0.37
        5144 |  1.05 |  1.01 |  0.43 |  0.57 |  0.47 |  0.44 |  0.37
        5144 |  1.05 |  1.01 |  0.43 |  0.57 |  0.47 |  0.44 |  0.37
        5144 |  1.05 |  1.01 |  0.43 |  0.57 |  0.47 |  0.44 |  0.37
        5144 |  1.05 |  1.01 |  0.43 |  0.57 |  0.47 |  0.44 |  0.37
        5144 |  1.05 |  1.01 |  0.43 |  0.57 |  0.47 |  0.44 |  0.37
        5144 |  1.05 |  1.01 |  0.43 |  0.57 |  0.47 |  0.44 |  0.37
        5144 |  1.05 |  1.01 |  0.43 |  0.57 |  0.47 |  0.44 |  0.37
        5144 |  1.05 |  1.01 |  0.43 |  0.57 |  0.47 |  0.44 |  0.37
        5144 |  1.05 |  1.01 |  0.43 |  0.57 |  0.47 |  0.44 |  0.37
        5144 |  1.05 |  1.01 |  0.43 |  0.57 |  0.47 |  0.44 |  0.37
        5144 |  1.05 |  1.01 |  0.43 |  0.57 |  0.47 |  0.44 |  0.37
        5144 |  1.05 |  1.01 |  0.43 |  0.57 |  0.47 |  0.44 |  0.37
        5144 |  1.05 |  1.01 |  0.43 |  0.57 |  0.47 |  0.44 |  0.37
        5144 |  1.05 |  1.01 |  0.43 |  0.57 |  0.47 |  0.44 |  0.37
        5144 |  1.05 |  1.01 |  0.43 |  0.57 |  0.47 |  0.44 |  0.37
        5144 |  1.05 |  1.01 |  0.43 |  0.57 |  0.47 |  0.44 |  0.37
        5144 |  1.05 |  1.01 |  0.43 |  0.57 |  0.47 |  0.44 |  0.37
        5144 |  1.05 |  1.01 |  0.43 |  0.57 |  0.47 |  0.44 |  0.37
        5144 |  1.05 |  1.01 |  0.43 |  0.57 |  0.47 |  0.44 |  0.37
        5144 |  1.05 |  1.01 |  0.43 |  0.57 |  0.47 |  0.44 |  0.37
        5144 |  1.05 |  1.01 |  0.43 |  0.57 |  0.47 |  0.44 |  0.37
        5144 |  1.05 |  1.01 |  0.43 |  0.57 |  0.47 |  0.44 |  0.37
        5144 |  1.05 |  1.01 |  0.43 |  0.57 |  0.47 |  0.44 |  0.37
        5144 |  1.05 |  1.01 |  0.43 |  0.57 |  0.47 |  0.44 |  0.37
        5144 |  1.05 |  1.01 |  0.43 |  0.57 |  0.47 |  0.44 |  0.37
        5144 |  1.05 |  1.01 |  0.43 |  0.57 |  0.47 |  0.44 |  0.37
        5144 |  1.05 |  1.01 |  0.43 |  0.57 |  0.47 |  0.44 |  0.37
        5144 |  1.05 |  1.01 |  0.43 |  0.57 |  0.47 |  0.44 |  0.37
        5144 |  1.05 |  1.01 |  0.43 |  0.57 |  0.47 |  0.44 |  0.37
        5144 |  1.05 |  1.01 |  0.43 |  0.57 |  0.47 |  0.44 |  0.37
        5144 |  1.05 |  1.01 |  0.43 |  0.57 |  0.47 |  0.44 |  0.37
        5144 |  1.05 |  1.01 |  0.43 |  0.57 |  0.47 |  0.44 |  0.37
        5144 |  1.05 |  1.01 |  0.43 |  0.57 |  0.47 |  0.44 |  0.37
        5144 |  1.05 |  1.01 |  0.43 |  0.57 |  0.47 |  0.44 |  0.37
        5144 |  1.05 |  1.01 |  0.43 |  0.57 |  0.47 |  0.44 |  0.37
        5144 |  1.05 |  1.01 |  0.43 |  0.57 |  0.47 |  0.44 |  0.37
        5144 |  1.05 |  1.01 |  0.43 |  0.57 |  0.47 |  0.44 |  0.37
        5144 |  1.05 |  1.01 |  0.43 |  0.57 |  0.47 |  0.44 |  0.37
        5144 |  1.05 |  1.01 |  0.43 |  0.57 |  0.47 |  0.44 |  0.37
        5144 |  1.05 |  1.01 |  0.43 |  0.57 |  0.47 |  0.44 |  0.37
        5144 |  1.05 |  1.01 |  0.43 |  0.57 |  0.47 |  0.44 |  0.37
        5144 |  1.05 |  1.01 |  0.43 |  0.57 |  0.47 |  0.44 |  0.37
        5144 |  1.05 |  1.01 |  0.43 |  0.57 |  0.47 |  0.44 |  0.37
        5144 |  1.05 |  1.01 |  0.43 |  0.57 |  0.47 |  0.44 |  0.37
        5145 |  1.07 |  0.75 |  1.14 |  0.97 |  0.96 |  0.80 |  1.02
        5145 |  1.07 |  0.75 |  1.14 |  0.97 |  0.96 |  0.80 |  1.02
        5145 |  1.07 |  0.75 |  1.14 |  0.97 |  0.96 |  0.80 |  1.02
        5145 |  1.07 |  0.75 |  1.14 |  0.97 |  0.96 |  0.80 |  1.02
        5145 |  1.07 |  0.75 |  1.14 |  0.97 |  0.96 |  0.80 |  1.02
        5145 |  1.07 |  0.75 |  1.14 |  0.97 |  0.96 |  0.80 |  1.02
        5145 |  1.07 |  0.75 |  1.14 |  0.97 |  0.96 |  0.80 |  1.02
        5145 |  1.07 |  0.75 |  1.14 |  0.97 |  0.96 |  0.80 |  1.02
        5145 |  1.07 |  0.75 |  1.14 |  0.97 |  0.96 |  0.80 |  1.02
        5145 |  1.07 |  0.75 |  1.14 |  0.97 |  0.96 |  0.80 |  1.02
        5145 |  1.07 |  0.75 |  1.14 |  0.97 |  0.96 |  0.80 |  1.02
        5145 |  1.07 |  0.75 |  1.14 |  0.97 |  0.96 |  0.80 |  1.02
        5145 |  1.07 |  0.75 |  1.14 |  0.97 |  0.96 |  0.80 |  1.02
        5145 |  1.07 |  0.75 |  1.14 |  0.97 |  0.96 |  0.80 |  1.02
        5145 |  1.07 |  0.75 |  1.14 |  0.97 |  0.96 |  0.80 |  1.02
        5145 |  1.07 |  0.75 |  1.14 |  0.97 |  0.96 |  0.80 |  1.02
        5145 |  1.07 |  0.75 |  1.14 |  0.97 |  0.96 |  0.80 |  1.02
        5145 |  1.07 |  0.75 |  1.14 |  0.97 |  0.96 |  0.80 |  1.02
        5145 |  1.07 |  0.75 |  1.14 |  0.97 |  0.96 |  0.80 |  1.02
        5145 |  1.07 |  0.75 |  1.14 |  0.97 |  0.96 |  0.80 |  1.02
        5145 |  1.07 |  0.75 |  1.14 |  0.97 |  0.96 |  0.80 |  1.02
        5145 |  1.07 |  0.75 |  1.14 |  0.97 |  0.96 |  0.80 |  1.02
        5145 |  1.07 |  0.75 |  1.14 |  0.97 |  0.96 |  0.80 |  1.02
        5145 |  1.07 |  0.75 |  1.14 |  0.97 |  0.96 |  0.80 |  1.02
        5145 |  1.07 |  0.75 |  1.14 |  0.97 |  0.96 |  0.80 |  1.02
        5145 |  1.07 |  0.75 |  1.14 |  0.97 |  0.96 |  0.80 |  1.02
        5145 |  1.07 |  0.75 |  1.14 |  0.97 |  0.96 |  0.80 |  1.02
        5145 |  1.07 |  0.75 |  1.14 |  0.97 |  0.96 |  0.80 |  1.02
        5145 |  1.07 |  0.75 |  1.14 |  0.97 |  0.96 |  0.80 |  1.02
        5145 |  1.07 |  0.75 |  1.14 |  0.97 |  0.96 |  0.80 |  1.02
        5145 |  1.07 |  0.75 |  1.14 |  0.97 |  0.96 |  0.80 |  1.02
        5145 |  1.07 |  0.75 |  1.14 |  0.97 |  0.96 |  0.80 |  1.02
        5145 |  1.07 |  0.75 |  1.14 |  0.97 |  0.96 |  0.80 |  1.02
        5145 |  1.07 |  0.75 |  1.14 |  0.97 |  0.96 |  0.80 |  1.02
        5145 |  1.07 |  0.75 |  1.14 |  0.97 |  0.96 |  0.80 |  1.02
        5145 |  1.07 |  0.75 |  1.14 |  0.97 |  0.96 |  0.80 |  1.02
        5145 |  1.07 |  0.75 |  1.14 |  0.97 |  0.96 |  0.80 |  1.02
        5145 |  1.07 |  0.75 |  1.14 |  0.97 |  0.96 |  0.80 |  1.02
        5145 |  1.07 |  0.75 |  1.14 |  0.97 |  0.96 |  0.80 |  1.02
        5145 |  1.07 |  0.75 |  1.14 |  0.97 |  0.96 |  0.80 |  1.02
        5145 |  1.07 |  0.75 |  1.14 |  0.97 |  0.96 |  0.80 |  1.02
        5145 |  1.07 |  0.75 |  1.14 |  0.97 |  0.96 |  0.80 |  1.02
        5145 |  1.07 |  0.75 |  1.14 |  0.97 |  0.96 |  0.80 |  1.02
        5145 |  1.07 |  0.75 |  1.14 |  0.97 |  0.96 |  0.80 |  1.02
        5145 |  1.07 |  0.75 |  1.14 |  0.97 |  0.96 |  0.80 |  1.02
        5145 |  1.07 |  0.75 |  1.14 |  0.97 |  0.96 |  0.80 |  1.02
        5145 |  1.07 |  0.75 |  1.14 |  0.97 |  0.96 |  0.80 |  1.02
        5145 |  1.07 |  0.75 |  1.14 |  0.97 |  0.96 |  0.80 |  1.02
        5145 |  1.07 |  0.75 |  1.14 |  0.97 |  0.96 |  0.80 |  1.02
        5146 |  1.27 |  1.19 |  0.88 |  1.14 |  1.15 |  0.91 |  1.02
        5146 |  1.27 |  1.19 |  0.88 |  1.14 |  1.15 |  0.91 |  1.02
        5146 |  1.27 |  1.19 |  0.88 |  1.14 |  1.15 |  0.91 |  1.02
        5146 |  1.27 |  1.19 |  0.88 |  1.14 |  1.15 |  0.91 |  1.02
        5146 |  1.27 |  1.19 |  0.88 |  1.14 |  1.15 |  0.91 |  1.02
        5146 |  1.27 |  1.19 |  0.88 |  1.14 |  1.15 |  0.91 |  1.02
        5146 |  1.27 |  1.19 |  0.88 |  1.14 |  1.15 |  0.91 |  1.02
        5146 |  1.27 |  1.19 |  0.88 |  1.14 |  1.15 |  0.91 |  1.02
        5146 |  1.27 |  1.19 |  0.88 |  1.14 |  1.15 |  0.91 |  1.02
        5146 |  1.27 |  1.19 |  0.88 |  1.14 |  1.15 |  0.91 |  1.02
        5146 |  1.27 |  1.19 |  0.88 |  1.14 |  1.15 |  0.91 |  1.02
        5146 |  1.27 |  1.19 |  0.88 |  1.14 |  1.15 |  0.91 |  1.02
        5146 |  1.27 |  1.19 |  0.88 |  1.14 |  1.15 |  0.91 |  1.02
        5146 |  1.27 |  1.19 |  0.88 |  1.14 |  1.15 |  0.91 |  1.02
        5146 |  1.27 |  1.19 |  0.88 |  1.14 |  1.15 |  0.91 |  1.02
        5146 |  1.27 |  1.19 |  0.88 |  1.14 |  1.15 |  0.91 |  1.02
        5146 |  1.27 |  1.19 |  0.88 |  1.14 |  1.15 |  0.91 |  1.02
        5146 |  1.27 |  1.19 |  0.88 |  1.14 |  1.15 |  0.91 |  1.02
        5146 |  1.27 |  1.19 |  0.88 |  1.14 |  1.15 |  0.91 |  1.02
        5146 |  1.27 |  1.19 |  0.88 |  1.14 |  1.15 |  0.91 |  1.02
        5146 |  1.27 |  1.19 |  0.88 |  1.14 |  1.15 |  0.91 |  1.02
        5146 |  1.27 |  1.19 |  0.88 |  1.14 |  1.15 |  0.91 |  1.02
        5146 |  1.27 |  1.19 |  0.88 |  1.14 |  1.15 |  0.91 |  1.02
        5146 |  1.27 |  1.19 |  0.88 |  1.14 |  1.15 |  0.91 |  1.02
        5146 |  1.27 |  1.19 |  0.88 |  1.14 |  1.15 |  0.91 |  1.02
        5146 |  1.27 |  1.19 |  0.88 |  1.14 |  1.15 |  0.91 |  1.02
        5146 |  1.27 |  1.19 |  0.88 |  1.14 |  1.15 |  0.91 |  1.02
        5146 |  1.27 |  1.19 |  0.88 |  1.14 |  1.15 |  0.91 |  1.02
        5146 |  1.27 |  1.19 |  0.88 |  1.14 |  1.15 |  0.91 |  1.02
        5146 |  1.27 |  1.19 |  0.88 |  1.14 |  1.15 |  0.91 |  1.02
        5146 |  1.27 |  1.19 |  0.88 |  1.14 |  1.15 |  0.91 |  1.02
        5146 |  1.27 |  1.19 |  0.88 |  1.14 |  1.15 |  0.91 |  1.02
        5146 |  1.27 |  1.19 |  0.88 |  1.14 |  1.15 |  0.91 |  1.02
        5146 |  1.27 |  1.19 |  0.88 |  1.14 |  1.15 |  0.91 |  1.02
        5146 |  1.27 |  1.19 |  0.88 |  1.14 |  1.15 |  0.91 |  1.02
        5146 |  1.27 |  1.19 |  0.88 |  1.14 |  1.15 |  0.91 |  1.02
        5146 |  1.27 |  1.19 |  0.88 |  1.14 |  1.15 |  0.91 |  1.02
        5146 |  1.27 |  1.19 |  0.88 |  1.14 |  1.15 |  0.91 |  1.02
        5146 |  1.27 |  1.19 |  0.88 |  1.14 |  1.15 |  0.91 |  1.02
        5146 |  1.27 |  1.19 |  0.88 |  1.14 |  1.15 |  0.91 |  1.02
        5146 |  1.27 |  1.19 |  0.88 |  1.14 |  1.15 |  0.91 |  1.02
        5146 |  1.27 |  1.19 |  0.88 |  1.14 |  1.15 |  0.91 |  1.02
        5146 |  1.27 |  1.19 |  0.88 |  1.14 |  1.15 |  0.91 |  1.02
        5146 |  1.27 |  1.19 |  0.88 |  1.14 |  1.15 |  0.91 |  1.02
        5146 |  1.27 |  1.19 |  0.88 |  1.14 |  1.15 |  0.91 |  1.02
        5146 |  1.27 |  1.19 |  0.88 |  1.14 |  1.15 |  0.91 |  1.02
        5146 |  1.27 |  1.19 |  0.88 |  1.14 |  1.15 |  0.91 |  1.02
        5146 |  1.27 |  1.19 |  0.88 |  1.14 |  1.15 |  0.91 |  1.02
        5146 |  1.27 |  1.19 |  0.88 |  1.14 |  1.15 |  0.91 |  1.02
        5147 |  1.10 |  1.02 |  0.72 |  0.82 |  1.10 |  1.02 |  0.69
        5147 |  1.10 |  1.02 |  0.72 |  0.82 |  1.10 |  1.02 |  0.69
        5147 |  1.10 |  1.02 |  0.72 |  0.82 |  1.10 |  1.02 |  0.69
        5147 |  1.10 |  1.02 |  0.72 |  0.82 |  1.10 |  1.02 |  0.69
        5147 |  1.10 |  1.02 |  0.72 |  0.82 |  1.10 |  1.02 |  0.69
        5147 |  1.10 |  1.02 |  0.72 |  0.82 |  1.10 |  1.02 |  0.69
        5147 |  1.10 |  1.02 |  0.72 |  0.82 |  1.10 |  1.02 |  0.69
        5147 |  1.10 |  1.02 |  0.72 |  0.82 |  1.10 |  1.02 |  0.69
        5147 |  1.10 |  1.02 |  0.72 |  0.82 |  1.10 |  1.02 |  0.69
        5147 |  1.10 |  1.02 |  0.72 |  0.82 |  1.10 |  1.02 |  0.69
        5147 |  1.10 |  1.02 |  0.72 |  0.82 |  1.10 |  1.02 |  0.69
        5147 |  1.10 |  1.02 |  0.72 |  0.82 |  1.10 |  1.02 |  0.69
        5147 |  1.10 |  1.02 |  0.72 |  0.82 |  1.10 |  1.02 |  0.69
        5147 |  1.10 |  1.02 |  0.72 |  0.82 |  1.10 |  1.02 |  0.69
        5147 |  1.10 |  1.02 |  0.72 |  0.82 |  1.10 |  1.02 |  0.69
        5147 |  1.10 |  1.02 |  0.72 |  0.82 |  1.10 |  1.02 |  0.69
        5147 |  1.10 |  1.02 |  0.72 |  0.82 |  1.10 |  1.02 |  0.69
        5147 |  1.10 |  1.02 |  0.72 |  0.82 |  1.10 |  1.02 |  0.69
        5147 |  1.10 |  1.02 |  0.72 |  0.82 |  1.10 |  1.02 |  0.69
        5147 |  1.10 |  1.02 |  0.72 |  0.82 |  1.10 |  1.02 |  0.69
        5147 |  1.10 |  1.02 |  0.72 |  0.82 |  1.10 |  1.02 |  0.69
        5147 |  1.10 |  1.02 |  0.72 |  0.82 |  1.10 |  1.02 |  0.69
        5147 |  1.10 |  1.02 |  0.72 |  0.82 |  1.10 |  1.02 |  0.69
        5147 |  1.10 |  1.02 |  0.72 |  0.82 |  1.10 |  1.02 |  0.69
        5147 |  1.10 |  1.02 |  0.72 |  0.82 |  1.10 |  1.02 |  0.69
        5147 |  1.10 |  1.02 |  0.72 |  0.82 |  1.10 |  1.02 |  0.69
        5147 |  1.10 |  1.02 |  0.72 |  0.82 |  1.10 |  1.02 |  0.69
        5147 |  1.10 |  1.02 |  0.72 |  0.82 |  1.10 |  1.02 |  0.69
        5147 |  1.10 |  1.02 |  0.72 |  0.82 |  1.10 |  1.02 |  0.69
        5147 |  1.10 |  1.02 |  0.72 |  0.82 |  1.10 |  1.02 |  0.69
        5147 |  1.10 |  1.02 |  0.72 |  0.82 |  1.10 |  1.02 |  0.69
        5147 |  1.10 |  1.02 |  0.72 |  0.82 |  1.10 |  1.02 |  0.69
        5147 |  1.10 |  1.02 |  0.72 |  0.82 |  1.10 |  1.02 |  0.69
        5147 |  1.10 |  1.02 |  0.72 |  0.82 |  1.10 |  1.02 |  0.69
        5147 |  1.10 |  1.02 |  0.72 |  0.82 |  1.10 |  1.02 |  0.69
        5147 |  1.10 |  1.02 |  0.72 |  0.82 |  1.10 |  1.02 |  0.69
        5147 |  1.10 |  1.02 |  0.72 |  0.82 |  1.10 |  1.02 |  0.69
        5147 |  1.10 |  1.02 |  0.72 |  0.82 |  1.10 |  1.02 |  0.69
        5147 |  1.10 |  1.02 |  0.72 |  0.82 |  1.10 |  1.02 |  0.69
        5147 |  1.10 |  1.02 |  0.72 |  0.82 |  1.10 |  1.02 |  0.69
        5147 |  1.10 |  1.02 |  0.72 |  0.82 |  1.10 |  1.02 |  0.69
        5147 |  1.10 |  1.02 |  0.72 |  0.82 |  1.10 |  1.02 |  0.69
        5147 |  1.10 |  1.02 |  0.72 |  0.82 |  1.10 |  1.02 |  0.69
        5147 |  1.10 |  1.02 |  0.72 |  0.82 |  1.10 |  1.02 |  0.69
        5147 |  1.10 |  1.02 |  0.72 |  0.82 |  1.10 |  1.02 |  0.69
        5147 |  1.10 |  1.02 |  0.72 |  0.82 |  1.10 |  1.02 |  0.69
        5147 |  1.10 |  1.02 |  0.72 |  0.82 |  1.10 |  1.02 |  0.69
        5147 |  1.10 |  1.02 |  0.72 |  0.82 |  1.10 |  1.02 |  0.69
        5147 |  1.10 |  1.02 |  0.72 |  0.82 |  1.10 |  1.02 |  0.69
        5148 |  0.81 |  1.07 |  0.90 |  1.16 |  1.00 |  0.80 |  1.10
        5148 |  0.81 |  1.07 |  0.90 |  1.16 |  1.00 |  0.80 |  1.10
        5148 |  0.81 |  1.07 |  0.90 |  1.16 |  1.00 |  0.80 |  1.10
        5148 |  0.81 |  1.07 |  0.90 |  1.16 |  1.00 |  0.80 |  1.10
        5148 |  0.81 |  1.07 |  0.90 |  1.16 |  1.00 |  0.80 |  1.10
        5148 |  0.81 |  1.07 |  0.90 |  1.16 |  1.00 |  0.80 |  1.10
        5148 |  0.81 |  1.07 |  0.90 |  1.16 |  1.00 |  0.80 |  1.10
        5148 |  0.81 |  1.07 |  0.90 |  1.16 |  1.00 |  0.80 |  1.10
        5148 |  0.81 |  1.07 |  0.90 |  1.16 |  1.00 |  0.80 |  1.10
        5148 |  0.81 |  1.07 |  0.90 |  1.16 |  1.00 |  0.80 |  1.10
        5148 |  0.81 |  1.07 |  0.90 |  1.16 |  1.00 |  0.80 |  1.10
        5148 |  0.81 |  1.07 |  0.90 |  1.16 |  1.00 |  0.80 |  1.10
        5148 |  0.81 |  1.07 |  0.90 |  1.16 |  1.00 |  0.80 |  1.10
        5148 |  0.81 |  1.07 |  0.90 |  1.16 |  1.00 |  0.80 |  1.10
        5148 |  0.81 |  1.07 |  0.90 |  1.16 |  1.00 |  0.80 |  1.10
        5148 |  0.81 |  1.07 |  0.90 |  1.16 |  1.00 |  0.80 |  1.10
        5148 |  0.81 |  1.07 |  0.90 |  1.16 |  1.00 |  0.80 |  1.10
        5148 |  0.81 |  1.07 |  0.90 |  1.16 |  1.00 |  0.80 |  1.10
        5148 |  0.81 |  1.07 |  0.90 |  1.16 |  1.00 |  0.80 |  1.10
        5148 |  0.81 |  1.07 |  0.90 |  1.16 |  1.00 |  0.80 |  1.10
        5148 |  0.81 |  1.07 |  0.90 |  1.16 |  1.00 |  0.80 |  1.10
        5148 |  0.81 |  1.07 |  0.90 |  1.16 |  1.00 |  0.80 |  1.10
        5148 |  0.81 |  1.07 |  0.90 |  1.16 |  1.00 |  0.80 |  1.10
        5148 |  0.81 |  1.07 |  0.90 |  1.16 |  1.00 |  0.80 |  1.10
        5148 |  0.81 |  1.07 |  0.90 |  1.16 |  1.00 |  0.80 |  1.10
        5148 |  0.81 |  1.07 |  0.90 |  1.16 |  1.00 |  0.80 |  1.10
        5148 |  0.81 |  1.07 |  0.90 |  1.16 |  1.00 |  0.80 |  1.10
        5148 |  0.81 |  1.07 |  0.90 |  1.16 |  1.00 |  0.80 |  1.10
        5148 |  0.81 |  1.07 |  0.90 |  1.16 |  1.00 |  0.80 |  1.10
        5148 |  0.81 |  1.07 |  0.90 |  1.16 |  1.00 |  0.80 |  1.10
        5148 |  0.81 |  1.07 |  0.90 |  1.16 |  1.00 |  0.80 |  1.10
        5148 |  0.81 |  1.07 |  0.90 |  1.16 |  1.00 |  0.80 |  1.10
        5148 |  0.81 |  1.07 |  0.90 |  1.16 |  1.00 |  0.80 |  1.10
        5148 |  0.81 |  1.07 |  0.90 |  1.16 |  1.00 |  0.80 |  1.10
        5148 |  0.81 |  1.07 |  0.90 |  1.16 |  1.00 |  0.80 |  1.10
        5148 |  0.81 |  1.07 |  0.90 |  1.16 |  1.00 |  0.80 |  1.10
        5148 |  0.81 |  1.07 |  0.90 |  1.16 |  1.00 |  0.80 |  1.10
        5148 |  0.81 |  1.07 |  0.90 |  1.16 |  1.00 |  0.80 |  1.10
        5148 |  0.81 |  1.07 |  0.90 |  1.16 |  1.00 |  0.80 |  1.10
        5148 |  0.81 |  1.07 |  0.90 |  1.16 |  1.00 |  0.80 |  1.10
        5148 |  0.81 |  1.07 |  0.90 |  1.16 |  1.00 |  0.80 |  1.10
        5148 |  0.81 |  1.07 |  0.90 |  1.16 |  1.00 |  0.80 |  1.10
        5148 |  0.81 |  1.07 |  0.90 |  1.16 |  1.00 |  0.80 |  1.10
        5148 |  0.81 |  1.07 |  0.90 |  1.16 |  1.00 |  0.80 |  1.10
        5148 |  0.81 |  1.07 |  0.90 |  1.16 |  1.00 |  0.80 |  1.10
        5148 |  0.81 |  1.07 |  0.90 |  1.16 |  1.00 |  0.80 |  1.10
        5148 |  0.81 |  1.07 |  0.90 |  1.16 |  1.00 |  0.80 |  1.10
        5148 |  0.81 |  1.07 |  0.90 |  1.16 |  1.00 |  0.80 |  1.10
        5148 |  0.81 |  1.07 |  0.90 |  1.16 |  1.00 |  0.80 |  1.10
        5149 |  0.99 |  1.07 |  0.96 |  1.20 |  1.00 |  1.05 |  0.98
        5149 |  0.99 |  1.07 |  0.96 |  1.20 |  1.00 |  1.05 |  0.98
        5149 |  0.99 |  1.07 |  0.96 |  1.20 |  1.00 |  1.05 |  0.98
        5149 |  0.99 |  1.07 |  0.96 |  1.20 |  1.00 |  1.05 |  0.98
        5149 |  0.99 |  1.07 |  0.96 |  1.20 |  1.00 |  1.05 |  0.98
        5149 |  0.99 |  1.07 |  0.96 |  1.20 |  1.00 |  1.05 |  0.98
        5149 |  0.99 |  1.07 |  0.96 |  1.20 |  1.00 |  1.05 |  0.98
        5149 |  0.99 |  1.07 |  0.96 |  1.20 |  1.00 |  1.05 |  0.98
        5149 |  0.99 |  1.07 |  0.96 |  1.20 |  1.00 |  1.05 |  0.98
        5149 |  0.99 |  1.07 |  0.96 |  1.20 |  1.00 |  1.05 |  0.98
        5149 |  0.99 |  1.07 |  0.96 |  1.20 |  1.00 |  1.05 |  0.98
        5149 |  0.99 |  1.07 |  0.96 |  1.20 |  1.00 |  1.05 |  0.98
        5149 |  0.99 |  1.07 |  0.96 |  1.20 |  1.00 |  1.05 |  0.98
        5149 |  0.99 |  1.07 |  0.96 |  1.20 |  1.00 |  1.05 |  0.98
        5149 |  0.99 |  1.07 |  0.96 |  1.20 |  1.00 |  1.05 |  0.98
        5149 |  0.99 |  1.07 |  0.96 |  1.20 |  1.00 |  1.05 |  0.98
        5149 |  0.99 |  1.07 |  0.96 |  1.20 |  1.00 |  1.05 |  0.98
        5149 |  0.99 |  1.07 |  0.96 |  1.20 |  1.00 |  1.05 |  0.98
        5149 |  0.99 |  1.07 |  0.96 |  1.20 |  1.00 |  1.05 |  0.98
        5149 |  0.99 |  1.07 |  0.96 |  1.20 |  1.00 |  1.05 |  0.98
        5149 |  0.99 |  1.07 |  0.96 |  1.20 |  1.00 |  1.05 |  0.98
        5149 |  0.99 |  1.07 |  0.96 |  1.20 |  1.00 |  1.05 |  0.98
        5149 |  0.99 |  1.07 |  0.96 |  1.20 |  1.00 |  1.05 |  0.98
        5149 |  0.99 |  1.07 |  0.96 |  1.20 |  1.00 |  1.05 |  0.98
        5149 |  0.99 |  1.07 |  0.96 |  1.20 |  1.00 |  1.05 |  0.98
        5149 |  0.99 |  1.07 |  0.96 |  1.20 |  1.00 |  1.05 |  0.98
        5149 |  0.99 |  1.07 |  0.96 |  1.20 |  1.00 |  1.05 |  0.98
        5149 |  0.99 |  1.07 |  0.96 |  1.20 |  1.00 |  1.05 |  0.98
        5149 |  0.99 |  1.07 |  0.96 |  1.20 |  1.00 |  1.05 |  0.98
        5149 |  0.99 |  1.07 |  0.96 |  1.20 |  1.00 |  1.05 |  0.98
        5149 |  0.99 |  1.07 |  0.96 |  1.20 |  1.00 |  1.05 |  0.98
        5149 |  0.99 |  1.07 |  0.96 |  1.20 |  1.00 |  1.05 |  0.98
        5149 |  0.99 |  1.07 |  0.96 |  1.20 |  1.00 |  1.05 |  0.98
        5149 |  0.99 |  1.07 |  0.96 |  1.20 |  1.00 |  1.05 |  0.98
        5149 |  0.99 |  1.07 |  0.96 |  1.20 |  1.00 |  1.05 |  0.98
        5149 |  0.99 |  1.07 |  0.96 |  1.20 |  1.00 |  1.05 |  0.98
        5149 |  0.99 |  1.07 |  0.96 |  1.20 |  1.00 |  1.05 |  0.98
        5149 |  0.99 |  1.07 |  0.96 |  1.20 |  1.00 |  1.05 |  0.98
        5149 |  0.99 |  1.07 |  0.96 |  1.20 |  1.00 |  1.05 |  0.98
        5149 |  0.99 |  1.07 |  0.96 |  1.20 |  1.00 |  1.05 |  0.98
        5149 |  0.99 |  1.07 |  0.96 |  1.20 |  1.00 |  1.05 |  0.98
        5149 |  0.99 |  1.07 |  0.96 |  1.20 |  1.00 |  1.05 |  0.98
        5149 |  0.99 |  1.07 |  0.96 |  1.20 |  1.00 |  1.05 |  0.98
        5149 |  0.99 |  1.07 |  0.96 |  1.20 |  1.00 |  1.05 |  0.98
        5149 |  0.99 |  1.07 |  0.96 |  1.20 |  1.00 |  1.05 |  0.98
        5149 |  0.99 |  1.07 |  0.96 |  1.20 |  1.00 |  1.05 |  0.98
        5149 |  0.99 |  1.07 |  0.96 |  1.20 |  1.00 |  1.05 |  0.98
        5149 |  0.99 |  1.07 |  0.96 |  1.20 |  1.00 |  1.05 |  0.98
        5149 |  0.99 |  1.07 |  0.96 |  1.20 |  1.00 |  1.05 |  0.98
        5150 |  0.99 |  1.01 |  1.05 |  0.91 |  0.98 |  1.06 |  1.00
        5150 |  0.99 |  1.01 |  1.05 |  0.91 |  0.98 |  1.06 |  1.00
        5150 |  0.99 |  1.01 |  1.05 |  0.91 |  0.98 |  1.06 |  1.00
        5150 |  0.99 |  1.01 |  1.05 |  0.91 |  0.98 |  1.06 |  1.00
        5150 |  0.99 |  1.01 |  1.05 |  0.91 |  0.98 |  1.06 |  1.00
        5150 |  0.99 |  1.01 |  1.05 |  0.91 |  0.98 |  1.06 |  1.00
        5150 |  0.99 |  1.01 |  1.05 |  0.91 |  0.98 |  1.06 |  1.00
        5150 |  0.99 |  1.01 |  1.05 |  0.91 |  0.98 |  1.06 |  1.00
        5150 |  0.99 |  1.01 |  1.05 |  0.91 |  0.98 |  1.06 |  1.00
        5150 |  0.99 |  1.01 |  1.05 |  0.91 |  0.98 |  1.06 |  1.00
        5150 |  0.99 |  1.01 |  1.05 |  0.91 |  0.98 |  1.06 |  1.00
        5150 |  0.99 |  1.01 |  1.05 |  0.91 |  0.98 |  1.06 |  1.00
        5150 |  0.99 |  1.01 |  1.05 |  0.91 |  0.98 |  1.06 |  1.00
        5150 |  0.99 |  1.01 |  1.05 |  0.91 |  0.98 |  1.06 |  1.00
        5150 |  0.99 |  1.01 |  1.05 |  0.91 |  0.98 |  1.06 |  1.00
        5150 |  0.99 |  1.01 |  1.05 |  0.91 |  0.98 |  1.06 |  1.00
        5150 |  0.99 |  1.01 |  1.05 |  0.91 |  0.98 |  1.06 |  1.00
        5150 |  0.99 |  1.01 |  1.05 |  0.91 |  0.98 |  1.06 |  1.00
        5150 |  0.99 |  1.01 |  1.05 |  0.91 |  0.98 |  1.06 |  1.00
        5150 |  0.99 |  1.01 |  1.05 |  0.91 |  0.98 |  1.06 |  1.00
        5150 |  0.99 |  1.01 |  1.05 |  0.91 |  0.98 |  1.06 |  1.00
        5150 |  0.99 |  1.01 |  1.05 |  0.91 |  0.98 |  1.06 |  1.00
        5150 |  0.99 |  1.01 |  1.05 |  0.91 |  0.98 |  1.06 |  1.00
        5150 |  0.99 |  1.01 |  1.05 |  0.91 |  0.98 |  1.06 |  1.00
        5150 |  0.99 |  1.01 |  1.05 |  0.91 |  0.98 |  1.06 |  1.00
        5150 |  0.99 |  1.01 |  1.05 |  0.91 |  0.98 |  1.06 |  1.00
        5150 |  0.99 |  1.01 |  1.05 |  0.91 |  0.98 |  1.06 |  1.00
        5150 |  0.99 |  1.01 |  1.05 |  0.91 |  0.98 |  1.06 |  1.00
        5150 |  0.99 |  1.01 |  1.05 |  0.91 |  0.98 |  1.06 |  1.00
        5150 |  0.99 |  1.01 |  1.05 |  0.91 |  0.98 |  1.06 |  1.00
        5150 |  0.99 |  1.01 |  1.05 |  0.91 |  0.98 |  1.06 |  1.00
        5150 |  0.99 |  1.01 |  1.05 |  0.91 |  0.98 |  1.06 |  1.00
        5150 |  0.99 |  1.01 |  1.05 |  0.91 |  0.98 |  1.06 |  1.00
        5150 |  0.99 |  1.01 |  1.05 |  0.91 |  0.98 |  1.06 |  1.00
        5150 |  0.99 |  1.01 |  1.05 |  0.91 |  0.98 |  1.06 |  1.00
        5150 |  0.99 |  1.01 |  1.05 |  0.91 |  0.98 |  1.06 |  1.00
        5150 |  0.99 |  1.01 |  1.05 |  0.91 |  0.98 |  1.06 |  1.00
        5150 |  0.99 |  1.01 |  1.05 |  0.91 |  0.98 |  1.06 |  1.00
        5150 |  0.99 |  1.01 |  1.05 |  0.91 |  0.98 |  1.06 |  1.00
        5150 |  0.99 |  1.01 |  1.05 |  0.91 |  0.98 |  1.06 |  1.00
        5150 |  0.99 |  1.01 |  1.05 |  0.91 |  0.98 |  1.06 |  1.00
        5150 |  0.99 |  1.01 |  1.05 |  0.91 |  0.98 |  1.06 |  1.00
        5150 |  0.99 |  1.01 |  1.05 |  0.91 |  0.98 |  1.06 |  1.00
        5150 |  0.99 |  1.01 |  1.05 |  0.91 |  0.98 |  1.06 |  1.00
        5150 |  0.99 |  1.01 |  1.05 |  0.91 |  0.98 |  1.06 |  1.00
        5150 |  0.99 |  1.01 |  1.05 |  0.91 |  0.98 |  1.06 |  1.00
        5150 |  0.99 |  1.01 |  1.05 |  0.91 |  0.98 |  1.06 |  1.00
        5150 |  0.99 |  1.01 |  1.05 |  0.91 |  0.98 |  1.06 |  1.00
        5150 |  0.99 |  1.01 |  1.05 |  0.91 |  0.98 |  1.06 |  1.00
        5151 |  1.14 |  1.04 |  0.98 |  1.16 |  1.01 |  1.09 |  0.99
        5151 |  1.14 |  1.04 |  0.98 |  1.16 |  1.01 |  1.09 |  0.99
        5151 |  1.14 |  1.04 |  0.98 |  1.16 |  1.01 |  1.09 |  0.99
        5151 |  1.14 |  1.04 |  0.98 |  1.16 |  1.01 |  1.09 |  0.99
        5151 |  1.14 |  1.04 |  0.98 |  1.16 |  1.01 |  1.09 |  0.99
        5151 |  1.14 |  1.04 |  0.98 |  1.16 |  1.01 |  1.09 |  0.99
        5151 |  1.14 |  1.04 |  0.98 |  1.16 |  1.01 |  1.09 |  0.99
        5151 |  1.14 |  1.04 |  0.98 |  1.16 |  1.01 |  1.09 |  0.99
        5151 |  1.14 |  1.04 |  0.98 |  1.16 |  1.01 |  1.09 |  0.99
        5151 |  1.14 |  1.04 |  0.98 |  1.16 |  1.01 |  1.09 |  0.99
        5151 |  1.14 |  1.04 |  0.98 |  1.16 |  1.01 |  1.09 |  0.99
        5151 |  1.14 |  1.04 |  0.98 |  1.16 |  1.01 |  1.09 |  0.99
        5151 |  1.14 |  1.04 |  0.98 |  1.16 |  1.01 |  1.09 |  0.99
        5151 |  1.14 |  1.04 |  0.98 |  1.16 |  1.01 |  1.09 |  0.99
        5151 |  1.14 |  1.04 |  0.98 |  1.16 |  1.01 |  1.09 |  0.99
        5151 |  1.14 |  1.04 |  0.98 |  1.16 |  1.01 |  1.09 |  0.99
        5151 |  1.14 |  1.04 |  0.98 |  1.16 |  1.01 |  1.09 |  0.99
        5151 |  1.14 |  1.04 |  0.98 |  1.16 |  1.01 |  1.09 |  0.99
        5151 |  1.14 |  1.04 |  0.98 |  1.16 |  1.01 |  1.09 |  0.99
        5151 |  1.14 |  1.04 |  0.98 |  1.16 |  1.01 |  1.09 |  0.99
        5151 |  1.14 |  1.04 |  0.98 |  1.16 |  1.01 |  1.09 |  0.99
        5151 |  1.14 |  1.04 |  0.98 |  1.16 |  1.01 |  1.09 |  0.99
        5151 |  1.14 |  1.04 |  0.98 |  1.16 |  1.01 |  1.09 |  0.99
        5151 |  1.14 |  1.04 |  0.98 |  1.16 |  1.01 |  1.09 |  0.99
        5151 |  1.14 |  1.04 |  0.98 |  1.16 |  1.01 |  1.09 |  0.99
        5151 |  1.14 |  1.04 |  0.98 |  1.16 |  1.01 |  1.09 |  0.99
        5151 |  1.14 |  1.04 |  0.98 |  1.16 |  1.01 |  1.09 |  0.99
        5151 |  1.14 |  1.04 |  0.98 |  1.16 |  1.01 |  1.09 |  0.99
        5151 |  1.14 |  1.04 |  0.98 |  1.16 |  1.01 |  1.09 |  0.99
        5151 |  1.14 |  1.04 |  0.98 |  1.16 |  1.01 |  1.09 |  0.99
        5151 |  1.14 |  1.04 |  0.98 |  1.16 |  1.01 |  1.09 |  0.99
        5151 |  1.14 |  1.04 |  0.98 |  1.16 |  1.01 |  1.09 |  0.99
        5151 |  1.14 |  1.04 |  0.98 |  1.16 |  1.01 |  1.09 |  0.99
        5151 |  1.14 |  1.04 |  0.98 |  1.16 |  1.01 |  1.09 |  0.99
        5151 |  1.14 |  1.04 |  0.98 |  1.16 |  1.01 |  1.09 |  0.99
        5151 |  1.14 |  1.04 |  0.98 |  1.16 |  1.01 |  1.09 |  0.99
        5151 |  1.14 |  1.04 |  0.98 |  1.16 |  1.01 |  1.09 |  0.99
        5151 |  1.14 |  1.04 |  0.98 |  1.16 |  1.01 |  1.09 |  0.99
        5151 |  1.14 |  1.04 |  0.98 |  1.16 |  1.01 |  1.09 |  0.99
        5151 |  1.14 |  1.04 |  0.98 |  1.16 |  1.01 |  1.09 |  0.99
        5151 |  1.14 |  1.04 |  0.98 |  1.16 |  1.01 |  1.09 |  0.99
        5151 |  1.14 |  1.04 |  0.98 |  1.16 |  1.01 |  1.09 |  0.99
        5151 |  1.14 |  1.04 |  0.98 |  1.16 |  1.01 |  1.09 |  0.99
        5151 |  1.14 |  1.04 |  0.98 |  1.16 |  1.01 |  1.09 |  0.99
        5151 |  1.14 |  1.04 |  0.98 |  1.16 |  1.01 |  1.09 |  0.99
        5151 |  1.14 |  1.04 |  0.98 |  1.16 |  1.01 |  1.09 |  0.99
        5151 |  1.14 |  1.04 |  0.98 |  1.16 |  1.01 |  1.09 |  0.99
        5151 |  1.14 |  1.04 |  0.98 |  1.16 |  1.01 |  1.09 |  0.99
        5151 |  1.14 |  1.04 |  0.98 |  1.16 |  1.01 |  1.09 |  0.99
        5152 |  0.93 |  0.83 |  0.90 |  1.21 |  0.94 |  0.91 |  1.08
        5152 |  0.93 |  0.83 |  0.90 |  1.21 |  0.94 |  0.91 |  1.08
        5152 |  0.93 |  0.83 |  0.90 |  1.21 |  0.94 |  0.91 |  1.08
        5152 |  0.93 |  0.83 |  0.90 |  1.21 |  0.94 |  0.91 |  1.08
        5152 |  0.93 |  0.83 |  0.90 |  1.21 |  0.94 |  0.91 |  1.08
        5152 |  0.93 |  0.83 |  0.90 |  1.21 |  0.94 |  0.91 |  1.08
        5152 |  0.93 |  0.83 |  0.90 |  1.21 |  0.94 |  0.91 |  1.08
        5152 |  0.93 |  0.83 |  0.90 |  1.21 |  0.94 |  0.91 |  1.08
        5152 |  0.93 |  0.83 |  0.90 |  1.21 |  0.94 |  0.91 |  1.08
        5152 |  0.93 |  0.83 |  0.90 |  1.21 |  0.94 |  0.91 |  1.08
        5152 |  0.93 |  0.83 |  0.90 |  1.21 |  0.94 |  0.91 |  1.08
        5152 |  0.93 |  0.83 |  0.90 |  1.21 |  0.94 |  0.91 |  1.08
        5152 |  0.93 |  0.83 |  0.90 |  1.21 |  0.94 |  0.91 |  1.08
        5152 |  0.93 |  0.83 |  0.90 |  1.21 |  0.94 |  0.91 |  1.08
        5152 |  0.93 |  0.83 |  0.90 |  1.21 |  0.94 |  0.91 |  1.08
        5152 |  0.93 |  0.83 |  0.90 |  1.21 |  0.94 |  0.91 |  1.08
        5152 |  0.93 |  0.83 |  0.90 |  1.21 |  0.94 |  0.91 |  1.08
        5152 |  0.93 |  0.83 |  0.90 |  1.21 |  0.94 |  0.91 |  1.08
        5152 |  0.93 |  0.83 |  0.90 |  1.21 |  0.94 |  0.91 |  1.08
        5152 |  0.93 |  0.83 |  0.90 |  1.21 |  0.94 |  0.91 |  1.08
        5152 |  0.93 |  0.83 |  0.90 |  1.21 |  0.94 |  0.91 |  1.08
        5152 |  0.93 |  0.83 |  0.90 |  1.21 |  0.94 |  0.91 |  1.08
        5152 |  0.93 |  0.83 |  0.90 |  1.21 |  0.94 |  0.91 |  1.08
        5152 |  0.93 |  0.83 |  0.90 |  1.21 |  0.94 |  0.91 |  1.08
        5152 |  0.93 |  0.83 |  0.90 |  1.21 |  0.94 |  0.91 |  1.08
        5152 |  0.93 |  0.83 |  0.90 |  1.21 |  0.94 |  0.91 |  1.08
        5152 |  0.93 |  0.83 |  0.90 |  1.21 |  0.94 |  0.91 |  1.08
        5152 |  0.93 |  0.83 |  0.90 |  1.21 |  0.94 |  0.91 |  1.08
        5152 |  0.93 |  0.83 |  0.90 |  1.21 |  0.94 |  0.91 |  1.08
        5152 |  0.93 |  0.83 |  0.90 |  1.21 |  0.94 |  0.91 |  1.08
        5152 |  0.93 |  0.83 |  0.90 |  1.21 |  0.94 |  0.91 |  1.08
        5152 |  0.93 |  0.83 |  0.90 |  1.21 |  0.94 |  0.91 |  1.08
        5152 |  0.93 |  0.83 |  0.90 |  1.21 |  0.94 |  0.91 |  1.08
        5152 |  0.93 |  0.83 |  0.90 |  1.21 |  0.94 |  0.91 |  1.08
        5152 |  0.93 |  0.83 |  0.90 |  1.21 |  0.94 |  0.91 |  1.08
        5152 |  0.93 |  0.83 |  0.90 |  1.21 |  0.94 |  0.91 |  1.08
        5152 |  0.93 |  0.83 |  0.90 |  1.21 |  0.94 |  0.91 |  1.08
        5152 |  0.93 |  0.83 |  0.90 |  1.21 |  0.94 |  0.91 |  1.08
        5152 |  0.93 |  0.83 |  0.90 |  1.21 |  0.94 |  0.91 |  1.08
        5152 |  0.93 |  0.83 |  0.90 |  1.21 |  0.94 |  0.91 |  1.08
        5152 |  0.93 |  0.83 |  0.90 |  1.21 |  0.94 |  0.91 |  1.08
        5152 |  0.93 |  0.83 |  0.90 |  1.21 |  0.94 |  0.91 |  1.08
        5152 |  0.93 |  0.83 |  0.90 |  1.21 |  0.94 |  0.91 |  1.08
        5152 |  0.93 |  0.83 |  0.90 |  1.21 |  0.94 |  0.91 |  1.08
        5152 |  0.93 |  0.83 |  0.90 |  1.21 |  0.94 |  0.91 |  1.08
        5152 |  0.93 |  0.83 |  0.90 |  1.21 |  0.94 |  0.91 |  1.08
        5152 |  0.93 |  0.83 |  0.90 |  1.21 |  0.94 |  0.91 |  1.08
        5152 |  0.93 |  0.83 |  0.90 |  1.21 |  0.94 |  0.91 |  1.08
        5152 |  0.93 |  0.83 |  0.90 |  1.21 |  0.94 |  0.91 |  1.08
        5153 |  1.02 |  0.89 |  0.83 |  1.28 |  1.03 |  1.13 |  1.00
        5153 |  1.02 |  0.89 |  0.83 |  1.28 |  1.03 |  1.13 |  1.00
        5153 |  1.02 |  0.89 |  0.83 |  1.28 |  1.03 |  1.13 |  1.00
        5153 |  1.02 |  0.89 |  0.83 |  1.28 |  1.03 |  1.13 |  1.00
        5153 |  1.02 |  0.89 |  0.83 |  1.28 |  1.03 |  1.13 |  1.00
        5153 |  1.02 |  0.89 |  0.83 |  1.28 |  1.03 |  1.13 |  1.00
        5153 |  1.02 |  0.89 |  0.83 |  1.28 |  1.03 |  1.13 |  1.00
        5153 |  1.02 |  0.89 |  0.83 |  1.28 |  1.03 |  1.13 |  1.00
        5153 |  1.02 |  0.89 |  0.83 |  1.28 |  1.03 |  1.13 |  1.00
        5153 |  1.02 |  0.89 |  0.83 |  1.28 |  1.03 |  1.13 |  1.00
        5153 |  1.02 |  0.89 |  0.83 |  1.28 |  1.03 |  1.13 |  1.00
        5153 |  1.02 |  0.89 |  0.83 |  1.28 |  1.03 |  1.13 |  1.00
        5153 |  1.02 |  0.89 |  0.83 |  1.28 |  1.03 |  1.13 |  1.00
        5153 |  1.02 |  0.89 |  0.83 |  1.28 |  1.03 |  1.13 |  1.00
        5153 |  1.02 |  0.89 |  0.83 |  1.28 |  1.03 |  1.13 |  1.00
        5153 |  1.02 |  0.89 |  0.83 |  1.28 |  1.03 |  1.13 |  1.00
        5153 |  1.02 |  0.89 |  0.83 |  1.28 |  1.03 |  1.13 |  1.00
        5153 |  1.02 |  0.89 |  0.83 |  1.28 |  1.03 |  1.13 |  1.00
        5153 |  1.02 |  0.89 |  0.83 |  1.28 |  1.03 |  1.13 |  1.00
        5153 |  1.02 |  0.89 |  0.83 |  1.28 |  1.03 |  1.13 |  1.00
        5153 |  1.02 |  0.89 |  0.83 |  1.28 |  1.03 |  1.13 |  1.00
        5153 |  1.02 |  0.89 |  0.83 |  1.28 |  1.03 |  1.13 |  1.00
        5153 |  1.02 |  0.89 |  0.83 |  1.28 |  1.03 |  1.13 |  1.00
        5153 |  1.02 |  0.89 |  0.83 |  1.28 |  1.03 |  1.13 |  1.00
        5153 |  1.02 |  0.89 |  0.83 |  1.28 |  1.03 |  1.13 |  1.00
        5153 |  1.02 |  0.89 |  0.83 |  1.28 |  1.03 |  1.13 |  1.00
        5153 |  1.02 |  0.89 |  0.83 |  1.28 |  1.03 |  1.13 |  1.00
        5153 |  1.02 |  0.89 |  0.83 |  1.28 |  1.03 |  1.13 |  1.00
        5153 |  1.02 |  0.89 |  0.83 |  1.28 |  1.03 |  1.13 |  1.00
        5153 |  1.02 |  0.89 |  0.83 |  1.28 |  1.03 |  1.13 |  1.00
        5153 |  1.02 |  0.89 |  0.83 |  1.28 |  1.03 |  1.13 |  1.00
        5153 |  1.02 |  0.89 |  0.83 |  1.28 |  1.03 |  1.13 |  1.00
        5153 |  1.02 |  0.89 |  0.83 |  1.28 |  1.03 |  1.13 |  1.00
        5153 |  1.02 |  0.89 |  0.83 |  1.28 |  1.03 |  1.13 |  1.00
        5153 |  1.02 |  0.89 |  0.83 |  1.28 |  1.03 |  1.13 |  1.00
        5153 |  1.02 |  0.89 |  0.83 |  1.28 |  1.03 |  1.13 |  1.00
        5153 |  1.02 |  0.89 |  0.83 |  1.28 |  1.03 |  1.13 |  1.00
        5153 |  1.02 |  0.89 |  0.83 |  1.28 |  1.03 |  1.13 |  1.00
        5153 |  1.02 |  0.89 |  0.83 |  1.28 |  1.03 |  1.13 |  1.00
        5153 |  1.02 |  0.89 |  0.83 |  1.28 |  1.03 |  1.13 |  1.00
        5153 |  1.02 |  0.89 |  0.83 |  1.28 |  1.03 |  1.13 |  1.00
        5153 |  1.02 |  0.89 |  0.83 |  1.28 |  1.03 |  1.13 |  1.00
        5153 |  1.02 |  0.89 |  0.83 |  1.28 |  1.03 |  1.13 |  1.00
        5153 |  1.02 |  0.89 |  0.83 |  1.28 |  1.03 |  1.13 |  1.00
        5153 |  1.02 |  0.89 |  0.83 |  1.28 |  1.03 |  1.13 |  1.00
        5153 |  1.02 |  0.89 |  0.83 |  1.28 |  1.03 |  1.13 |  1.00
        5153 |  1.02 |  0.89 |  0.83 |  1.28 |  1.03 |  1.13 |  1.00
        5153 |  1.02 |  0.89 |  0.83 |  1.28 |  1.03 |  1.13 |  1.00
        5153 |  1.02 |  0.89 |  0.83 |  1.28 |  1.03 |  1.13 |  1.00
        5154 |  0.71 |  0.91 |  1.05 |  0.92 |  1.29 |  0.70 |  0.81
        5154 |  0.71 |  0.91 |  1.05 |  0.92 |  1.29 |  0.70 |  0.81
        5154 |  0.71 |  0.91 |  1.05 |  0.92 |  1.29 |  0.70 |  0.81
        5154 |  0.71 |  0.91 |  1.05 |  0.92 |  1.29 |  0.70 |  0.81
        5154 |  0.71 |  0.91 |  1.05 |  0.92 |  1.29 |  0.70 |  0.81
        5154 |  0.71 |  0.91 |  1.05 |  0.92 |  1.29 |  0.70 |  0.81
        5154 |  0.71 |  0.91 |  1.05 |  0.92 |  1.29 |  0.70 |  0.81
        5154 |  0.71 |  0.91 |  1.05 |  0.92 |  1.29 |  0.70 |  0.81
        5154 |  0.71 |  0.91 |  1.05 |  0.92 |  1.29 |  0.70 |  0.81
        5154 |  0.71 |  0.91 |  1.05 |  0.92 |  1.29 |  0.70 |  0.81
        5154 |  0.71 |  0.91 |  1.05 |  0.92 |  1.29 |  0.70 |  0.81
        5154 |  0.71 |  0.91 |  1.05 |  0.92 |  1.29 |  0.70 |  0.81
        5154 |  0.71 |  0.91 |  1.05 |  0.92 |  1.29 |  0.70 |  0.81
        5154 |  0.71 |  0.91 |  1.05 |  0.92 |  1.29 |  0.70 |  0.81
        5154 |  0.71 |  0.91 |  1.05 |  0.92 |  1.29 |  0.70 |  0.81
        5154 |  0.71 |  0.91 |  1.05 |  0.92 |  1.29 |  0.70 |  0.81
        5154 |  0.71 |  0.91 |  1.05 |  0.92 |  1.29 |  0.70 |  0.81
        5154 |  0.71 |  0.91 |  1.05 |  0.92 |  1.29 |  0.70 |  0.81
        5154 |  0.71 |  0.91 |  1.05 |  0.92 |  1.29 |  0.70 |  0.81
        5154 |  0.71 |  0.91 |  1.05 |  0.92 |  1.29 |  0.70 |  0.81
        5154 |  0.71 |  0.91 |  1.05 |  0.92 |  1.29 |  0.70 |  0.81
        5154 |  0.71 |  0.91 |  1.05 |  0.92 |  1.29 |  0.70 |  0.81
        5154 |  0.71 |  0.91 |  1.05 |  0.92 |  1.29 |  0.70 |  0.81
        5154 |  0.71 |  0.91 |  1.05 |  0.92 |  1.29 |  0.70 |  0.81
        5154 |  0.71 |  0.91 |  1.05 |  0.92 |  1.29 |  0.70 |  0.81
        5154 |  0.71 |  0.91 |  1.05 |  0.92 |  1.29 |  0.70 |  0.81
        5154 |  0.71 |  0.91 |  1.05 |  0.92 |  1.29 |  0.70 |  0.81
        5154 |  0.71 |  0.91 |  1.05 |  0.92 |  1.29 |  0.70 |  0.81
        5154 |  0.71 |  0.91 |  1.05 |  0.92 |  1.29 |  0.70 |  0.81
        5154 |  0.71 |  0.91 |  1.05 |  0.92 |  1.29 |  0.70 |  0.81
        5154 |  0.71 |  0.91 |  1.05 |  0.92 |  1.29 |  0.70 |  0.81
        5154 |  0.71 |  0.91 |  1.05 |  0.92 |  1.29 |  0.70 |  0.81
        5154 |  0.71 |  0.91 |  1.05 |  0.92 |  1.29 |  0.70 |  0.81
        5154 |  0.71 |  0.91 |  1.05 |  0.92 |  1.29 |  0.70 |  0.81
        5154 |  0.71 |  0.91 |  1.05 |  0.92 |  1.29 |  0.70 |  0.81
        5154 |  0.71 |  0.91 |  1.05 |  0.92 |  1.29 |  0.70 |  0.81
        5154 |  0.71 |  0.91 |  1.05 |  0.92 |  1.29 |  0.70 |  0.81
        5154 |  0.71 |  0.91 |  1.05 |  0.92 |  1.29 |  0.70 |  0.81
        5154 |  0.71 |  0.91 |  1.05 |  0.92 |  1.29 |  0.70 |  0.81
        5154 |  0.71 |  0.91 |  1.05 |  0.92 |  1.29 |  0.70 |  0.81
        5154 |  0.71 |  0.91 |  1.05 |  0.92 |  1.29 |  0.70 |  0.81
        5154 |  0.71 |  0.91 |  1.05 |  0.92 |  1.29 |  0.70 |  0.81
        5154 |  0.71 |  0.91 |  1.05 |  0.92 |  1.29 |  0.70 |  0.81
        5154 |  0.71 |  0.91 |  1.05 |  0.92 |  1.29 |  0.70 |  0.81
        5154 |  0.71 |  0.91 |  1.05 |  0.92 |  1.29 |  0.70 |  0.81
        5154 |  0.71 |  0.91 |  1.05 |  0.92 |  1.29 |  0.70 |  0.81
        5154 |  0.71 |  0.91 |  1.05 |  0.92 |  1.29 |  0.70 |  0.81
        5154 |  0.71 |  0.91 |  1.05 |  0.92 |  1.29 |  0.70 |  0.81
        5154 |  0.71 |  0.91 |  1.05 |  0.92 |  1.29 |  0.70 |  0.81
        5155 |  1.00 |  1.00 |  1.07 |  1.00 |  0.86 |  1.25 |  0.91
        5155 |  1.00 |  1.00 |  1.07 |  1.00 |  0.86 |  1.25 |  0.91
        5155 |  1.00 |  1.00 |  1.07 |  1.00 |  0.86 |  1.25 |  0.91
        5155 |  1.00 |  1.00 |  1.07 |  1.00 |  0.86 |  1.25 |  0.91
        5155 |  1.00 |  1.00 |  1.07 |  1.00 |  0.86 |  1.25 |  0.91
        5155 |  1.00 |  1.00 |  1.07 |  1.00 |  0.86 |  1.25 |  0.91
        5155 |  1.00 |  1.00 |  1.07 |  1.00 |  0.86 |  1.25 |  0.91
        5155 |  1.00 |  1.00 |  1.07 |  1.00 |  0.86 |  1.25 |  0.91
        5155 |  1.00 |  1.00 |  1.07 |  1.00 |  0.86 |  1.25 |  0.91
        5155 |  1.00 |  1.00 |  1.07 |  1.00 |  0.86 |  1.25 |  0.91
        5155 |  1.00 |  1.00 |  1.07 |  1.00 |  0.86 |  1.25 |  0.91
        5155 |  1.00 |  1.00 |  1.07 |  1.00 |  0.86 |  1.25 |  0.91
        5155 |  1.00 |  1.00 |  1.07 |  1.00 |  0.86 |  1.25 |  0.91
        5155 |  1.00 |  1.00 |  1.07 |  1.00 |  0.86 |  1.25 |  0.91
        5155 |  1.00 |  1.00 |  1.07 |  1.00 |  0.86 |  1.25 |  0.91
        5155 |  1.00 |  1.00 |  1.07 |  1.00 |  0.86 |  1.25 |  0.91
        5155 |  1.00 |  1.00 |  1.07 |  1.00 |  0.86 |  1.25 |  0.91
        5155 |  1.00 |  1.00 |  1.07 |  1.00 |  0.86 |  1.25 |  0.91
        5155 |  1.00 |  1.00 |  1.07 |  1.00 |  0.86 |  1.25 |  0.91
        5155 |  1.00 |  1.00 |  1.07 |  1.00 |  0.86 |  1.25 |  0.91
        5155 |  1.00 |  1.00 |  1.07 |  1.00 |  0.86 |  1.25 |  0.91
        5155 |  1.00 |  1.00 |  1.07 |  1.00 |  0.86 |  1.25 |  0.91
        5155 |  1.00 |  1.00 |  1.07 |  1.00 |  0.86 |  1.25 |  0.91
        5155 |  1.00 |  1.00 |  1.07 |  1.00 |  0.86 |  1.25 |  0.91
        5155 |  1.00 |  1.00 |  1.07 |  1.00 |  0.86 |  1.25 |  0.91
        5155 |  1.00 |  1.00 |  1.07 |  1.00 |  0.86 |  1.25 |  0.91
        5155 |  1.00 |  1.00 |  1.07 |  1.00 |  0.86 |  1.25 |  0.91
        5155 |  1.00 |  1.00 |  1.07 |  1.00 |  0.86 |  1.25 |  0.91
        5155 |  1.00 |  1.00 |  1.07 |  1.00 |  0.86 |  1.25 |  0.91
        5155 |  1.00 |  1.00 |  1.07 |  1.00 |  0.86 |  1.25 |  0.91
        5155 |  1.00 |  1.00 |  1.07 |  1.00 |  0.86 |  1.25 |  0.91
        5155 |  1.00 |  1.00 |  1.07 |  1.00 |  0.86 |  1.25 |  0.91
        5155 |  1.00 |  1.00 |  1.07 |  1.00 |  0.86 |  1.25 |  0.91
        5155 |  1.00 |  1.00 |  1.07 |  1.00 |  0.86 |  1.25 |  0.91
        5155 |  1.00 |  1.00 |  1.07 |  1.00 |  0.86 |  1.25 |  0.91
        5155 |  1.00 |  1.00 |  1.07 |  1.00 |  0.86 |  1.25 |  0.91
        5155 |  1.00 |  1.00 |  1.07 |  1.00 |  0.86 |  1.25 |  0.91
        5155 |  1.00 |  1.00 |  1.07 |  1.00 |  0.86 |  1.25 |  0.91
        5155 |  1.00 |  1.00 |  1.07 |  1.00 |  0.86 |  1.25 |  0.91
        5155 |  1.00 |  1.00 |  1.07 |  1.00 |  0.86 |  1.25 |  0.91
        5155 |  1.00 |  1.00 |  1.07 |  1.00 |  0.86 |  1.25 |  0.91
        5155 |  1.00 |  1.00 |  1.07 |  1.00 |  0.86 |  1.25 |  0.91
        5155 |  1.00 |  1.00 |  1.07 |  1.00 |  0.86 |  1.25 |  0.91
        5155 |  1.00 |  1.00 |  1.07 |  1.00 |  0.86 |  1.25 |  0.91
        5155 |  1.00 |  1.00 |  1.07 |  1.00 |  0.86 |  1.25 |  0.91
        5155 |  1.00 |  1.00 |  1.07 |  1.00 |  0.86 |  1.25 |  0.91
        5155 |  1.00 |  1.00 |  1.07 |  1.00 |  0.86 |  1.25 |  0.91
        5155 |  1.00 |  1.00 |  1.07 |  1.00 |  0.86 |  1.25 |  0.91
        5155 |  1.00 |  1.00 |  1.07 |  1.00 |  0.86 |  1.25 |  0.91
        5156 |  0.87 |  0.98 |  1.16 |  0.95 |  0.77 |  1.10 |  1.00
        5156 |  0.87 |  0.98 |  1.16 |  0.95 |  0.77 |  1.10 |  1.00
        5156 |  0.87 |  0.98 |  1.16 |  0.95 |  0.77 |  1.10 |  1.00
        5156 |  0.87 |  0.98 |  1.16 |  0.95 |  0.77 |  1.10 |  1.00
        5156 |  0.87 |  0.98 |  1.16 |  0.95 |  0.77 |  1.10 |  1.00
        5156 |  0.87 |  0.98 |  1.16 |  0.95 |  0.77 |  1.10 |  1.00
        5156 |  0.87 |  0.98 |  1.16 |  0.95 |  0.77 |  1.10 |  1.00
        5156 |  0.87 |  0.98 |  1.16 |  0.95 |  0.77 |  1.10 |  1.00
        5156 |  0.87 |  0.98 |  1.16 |  0.95 |  0.77 |  1.10 |  1.00
        5156 |  0.87 |  0.98 |  1.16 |  0.95 |  0.77 |  1.10 |  1.00
        5156 |  0.87 |  0.98 |  1.16 |  0.95 |  0.77 |  1.10 |  1.00
        5156 |  0.87 |  0.98 |  1.16 |  0.95 |  0.77 |  1.10 |  1.00
        5156 |  0.87 |  0.98 |  1.16 |  0.95 |  0.77 |  1.10 |  1.00
        5156 |  0.87 |  0.98 |  1.16 |  0.95 |  0.77 |  1.10 |  1.00
        5156 |  0.87 |  0.98 |  1.16 |  0.95 |  0.77 |  1.10 |  1.00
        5156 |  0.87 |  0.98 |  1.16 |  0.95 |  0.77 |  1.10 |  1.00
        5156 |  0.87 |  0.98 |  1.16 |  0.95 |  0.77 |  1.10 |  1.00
        5156 |  0.87 |  0.98 |  1.16 |  0.95 |  0.77 |  1.10 |  1.00
        5156 |  0.87 |  0.98 |  1.16 |  0.95 |  0.77 |  1.10 |  1.00
        5156 |  0.87 |  0.98 |  1.16 |  0.95 |  0.77 |  1.10 |  1.00
        5156 |  0.87 |  0.98 |  1.16 |  0.95 |  0.77 |  1.10 |  1.00
        5156 |  0.87 |  0.98 |  1.16 |  0.95 |  0.77 |  1.10 |  1.00
        5156 |  0.87 |  0.98 |  1.16 |  0.95 |  0.77 |  1.10 |  1.00
        5156 |  0.87 |  0.98 |  1.16 |  0.95 |  0.77 |  1.10 |  1.00
        5156 |  0.87 |  0.98 |  1.16 |  0.95 |  0.77 |  1.10 |  1.00
        5156 |  0.87 |  0.98 |  1.16 |  0.95 |  0.77 |  1.10 |  1.00
        5156 |  0.87 |  0.98 |  1.16 |  0.95 |  0.77 |  1.10 |  1.00
        5156 |  0.87 |  0.98 |  1.16 |  0.95 |  0.77 |  1.10 |  1.00
        5156 |  0.87 |  0.98 |  1.16 |  0.95 |  0.77 |  1.10 |  1.00
        5156 |  0.87 |  0.98 |  1.16 |  0.95 |  0.77 |  1.10 |  1.00
        5156 |  0.87 |  0.98 |  1.16 |  0.95 |  0.77 |  1.10 |  1.00
        5156 |  0.87 |  0.98 |  1.16 |  0.95 |  0.77 |  1.10 |  1.00
        5156 |  0.87 |  0.98 |  1.16 |  0.95 |  0.77 |  1.10 |  1.00
        5156 |  0.87 |  0.98 |  1.16 |  0.95 |  0.77 |  1.10 |  1.00
        5156 |  0.87 |  0.98 |  1.16 |  0.95 |  0.77 |  1.10 |  1.00
        5156 |  0.87 |  0.98 |  1.16 |  0.95 |  0.77 |  1.10 |  1.00
        5156 |  0.87 |  0.98 |  1.16 |  0.95 |  0.77 |  1.10 |  1.00
        5156 |  0.87 |  0.98 |  1.16 |  0.95 |  0.77 |  1.10 |  1.00
        5156 |  0.87 |  0.98 |  1.16 |  0.95 |  0.77 |  1.10 |  1.00
        5156 |  0.87 |  0.98 |  1.16 |  0.95 |  0.77 |  1.10 |  1.00
        5156 |  0.87 |  0.98 |  1.16 |  0.95 |  0.77 |  1.10 |  1.00
        5156 |  0.87 |  0.98 |  1.16 |  0.95 |  0.77 |  1.10 |  1.00
        5156 |  0.87 |  0.98 |  1.16 |  0.95 |  0.77 |  1.10 |  1.00
        5156 |  0.87 |  0.98 |  1.16 |  0.95 |  0.77 |  1.10 |  1.00
        5156 |  0.87 |  0.98 |  1.16 |  0.95 |  0.77 |  1.10 |  1.00
        5156 |  0.87 |  0.98 |  1.16 |  0.95 |  0.77 |  1.10 |  1.00
        5156 |  0.87 |  0.98 |  1.16 |  0.95 |  0.77 |  1.10 |  1.00
        5156 |  0.87 |  0.98 |  1.16 |  0.95 |  0.77 |  1.10 |  1.00
        5156 |  0.87 |  0.98 |  1.16 |  0.95 |  0.77 |  1.10 |  1.00
        5157 |  0.85 |  1.08 |  0.78 |  0.58 |  0.67 |  0.65 |  0.57
        5157 |  0.85 |  1.08 |  0.78 |  0.58 |  0.67 |  0.65 |  0.57
        5157 |  0.85 |  1.08 |  0.78 |  0.58 |  0.67 |  0.65 |  0.57
        5157 |  0.85 |  1.08 |  0.78 |  0.58 |  0.67 |  0.65 |  0.57
        5157 |  0.85 |  1.08 |  0.78 |  0.58 |  0.67 |  0.65 |  0.57
        5157 |  0.85 |  1.08 |  0.78 |  0.58 |  0.67 |  0.65 |  0.57
        5157 |  0.85 |  1.08 |  0.78 |  0.58 |  0.67 |  0.65 |  0.57
        5157 |  0.85 |  1.08 |  0.78 |  0.58 |  0.67 |  0.65 |  0.57
        5157 |  0.85 |  1.08 |  0.78 |  0.58 |  0.67 |  0.65 |  0.57
        5157 |  0.85 |  1.08 |  0.78 |  0.58 |  0.67 |  0.65 |  0.57
        5157 |  0.85 |  1.08 |  0.78 |  0.58 |  0.67 |  0.65 |  0.57
        5157 |  0.85 |  1.08 |  0.78 |  0.58 |  0.67 |  0.65 |  0.57
        5157 |  0.85 |  1.08 |  0.78 |  0.58 |  0.67 |  0.65 |  0.57
        5157 |  0.85 |  1.08 |  0.78 |  0.58 |  0.67 |  0.65 |  0.57
        5157 |  0.85 |  1.08 |  0.78 |  0.58 |  0.67 |  0.65 |  0.57
        5157 |  0.85 |  1.08 |  0.78 |  0.58 |  0.67 |  0.65 |  0.57
        5157 |  0.85 |  1.08 |  0.78 |  0.58 |  0.67 |  0.65 |  0.57
        5157 |  0.85 |  1.08 |  0.78 |  0.58 |  0.67 |  0.65 |  0.57
        5157 |  0.85 |  1.08 |  0.78 |  0.58 |  0.67 |  0.65 |  0.57
        5157 |  0.85 |  1.08 |  0.78 |  0.58 |  0.67 |  0.65 |  0.57
        5157 |  0.85 |  1.08 |  0.78 |  0.58 |  0.67 |  0.65 |  0.57
        5157 |  0.85 |  1.08 |  0.78 |  0.58 |  0.67 |  0.65 |  0.57
        5157 |  0.85 |  1.08 |  0.78 |  0.58 |  0.67 |  0.65 |  0.57
        5157 |  0.85 |  1.08 |  0.78 |  0.58 |  0.67 |  0.65 |  0.57
        5157 |  0.85 |  1.08 |  0.78 |  0.58 |  0.67 |  0.65 |  0.57
        5157 |  0.85 |  1.08 |  0.78 |  0.58 |  0.67 |  0.65 |  0.57
        5157 |  0.85 |  1.08 |  0.78 |  0.58 |  0.67 |  0.65 |  0.57
        5157 |  0.85 |  1.08 |  0.78 |  0.58 |  0.67 |  0.65 |  0.57
        5157 |  0.85 |  1.08 |  0.78 |  0.58 |  0.67 |  0.65 |  0.57
        5157 |  0.85 |  1.08 |  0.78 |  0.58 |  0.67 |  0.65 |  0.57
        5157 |  0.85 |  1.08 |  0.78 |  0.58 |  0.67 |  0.65 |  0.57
        5157 |  0.85 |  1.08 |  0.78 |  0.58 |  0.67 |  0.65 |  0.57
        5157 |  0.85 |  1.08 |  0.78 |  0.58 |  0.67 |  0.65 |  0.57
        5157 |  0.85 |  1.08 |  0.78 |  0.58 |  0.67 |  0.65 |  0.57
        5157 |  0.85 |  1.08 |  0.78 |  0.58 |  0.67 |  0.65 |  0.57
        5157 |  0.85 |  1.08 |  0.78 |  0.58 |  0.67 |  0.65 |  0.57
        5157 |  0.85 |  1.08 |  0.78 |  0.58 |  0.67 |  0.65 |  0.57
        5157 |  0.85 |  1.08 |  0.78 |  0.58 |  0.67 |  0.65 |  0.57
        5157 |  0.85 |  1.08 |  0.78 |  0.58 |  0.67 |  0.65 |  0.57
        5157 |  0.85 |  1.08 |  0.78 |  0.58 |  0.67 |  0.65 |  0.57
        5157 |  0.85 |  1.08 |  0.78 |  0.58 |  0.67 |  0.65 |  0.57
        5157 |  0.85 |  1.08 |  0.78 |  0.58 |  0.67 |  0.65 |  0.57
        5157 |  0.85 |  1.08 |  0.78 |  0.58 |  0.67 |  0.65 |  0.57
        5157 |  0.85 |  1.08 |  0.78 |  0.58 |  0.67 |  0.65 |  0.57
        5157 |  0.85 |  1.08 |  0.78 |  0.58 |  0.67 |  0.65 |  0.57
        5157 |  0.85 |  1.08 |  0.78 |  0.58 |  0.67 |  0.65 |  0.57
        5157 |  0.85 |  1.08 |  0.78 |  0.58 |  0.67 |  0.65 |  0.57
        5157 |  0.85 |  1.08 |  0.78 |  0.58 |  0.67 |  0.65 |  0.57
        5157 |  0.85 |  1.08 |  0.78 |  0.58 |  0.67 |  0.65 |  0.57
        5158 |  1.06 |  0.90 |  1.10 |  1.10 |  1.02 |  1.02 |  1.04
        5158 |  1.06 |  0.90 |  1.10 |  1.10 |  1.02 |  1.02 |  1.04
        5158 |  1.06 |  0.90 |  1.10 |  1.10 |  1.02 |  1.02 |  1.04
        5158 |  1.06 |  0.90 |  1.10 |  1.10 |  1.02 |  1.02 |  1.04
        5158 |  1.06 |  0.90 |  1.10 |  1.10 |  1.02 |  1.02 |  1.04
        5158 |  1.06 |  0.90 |  1.10 |  1.10 |  1.02 |  1.02 |  1.04
        5158 |  1.06 |  0.90 |  1.10 |  1.10 |  1.02 |  1.02 |  1.04
        5158 |  1.06 |  0.90 |  1.10 |  1.10 |  1.02 |  1.02 |  1.04
        5158 |  1.06 |  0.90 |  1.10 |  1.10 |  1.02 |  1.02 |  1.04
        5158 |  1.06 |  0.90 |  1.10 |  1.10 |  1.02 |  1.02 |  1.04
        5158 |  1.06 |  0.90 |  1.10 |  1.10 |  1.02 |  1.02 |  1.04
        5158 |  1.06 |  0.90 |  1.10 |  1.10 |  1.02 |  1.02 |  1.04
        5158 |  1.06 |  0.90 |  1.10 |  1.10 |  1.02 |  1.02 |  1.04
        5158 |  1.06 |  0.90 |  1.10 |  1.10 |  1.02 |  1.02 |  1.04
        5158 |  1.06 |  0.90 |  1.10 |  1.10 |  1.02 |  1.02 |  1.04
        5158 |  1.06 |  0.90 |  1.10 |  1.10 |  1.02 |  1.02 |  1.04
        5158 |  1.06 |  0.90 |  1.10 |  1.10 |  1.02 |  1.02 |  1.04
        5158 |  1.06 |  0.90 |  1.10 |  1.10 |  1.02 |  1.02 |  1.04
        5158 |  1.06 |  0.90 |  1.10 |  1.10 |  1.02 |  1.02 |  1.04
        5158 |  1.06 |  0.90 |  1.10 |  1.10 |  1.02 |  1.02 |  1.04
        5158 |  1.06 |  0.90 |  1.10 |  1.10 |  1.02 |  1.02 |  1.04
        5158 |  1.06 |  0.90 |  1.10 |  1.10 |  1.02 |  1.02 |  1.04
        5158 |  1.06 |  0.90 |  1.10 |  1.10 |  1.02 |  1.02 |  1.04
        5158 |  1.06 |  0.90 |  1.10 |  1.10 |  1.02 |  1.02 |  1.04
        5158 |  1.06 |  0.90 |  1.10 |  1.10 |  1.02 |  1.02 |  1.04
        5158 |  1.06 |  0.90 |  1.10 |  1.10 |  1.02 |  1.02 |  1.04
        5158 |  1.06 |  0.90 |  1.10 |  1.10 |  1.02 |  1.02 |  1.04
        5158 |  1.06 |  0.90 |  1.10 |  1.10 |  1.02 |  1.02 |  1.04
        5158 |  1.06 |  0.90 |  1.10 |  1.10 |  1.02 |  1.02 |  1.04
        5158 |  1.06 |  0.90 |  1.10 |  1.10 |  1.02 |  1.02 |  1.04
        5158 |  1.06 |  0.90 |  1.10 |  1.10 |  1.02 |  1.02 |  1.04
        5158 |  1.06 |  0.90 |  1.10 |  1.10 |  1.02 |  1.02 |  1.04
        5158 |  1.06 |  0.90 |  1.10 |  1.10 |  1.02 |  1.02 |  1.04
        5158 |  1.06 |  0.90 |  1.10 |  1.10 |  1.02 |  1.02 |  1.04
        5158 |  1.06 |  0.90 |  1.10 |  1.10 |  1.02 |  1.02 |  1.04
        5158 |  1.06 |  0.90 |  1.10 |  1.10 |  1.02 |  1.02 |  1.04
        5158 |  1.06 |  0.90 |  1.10 |  1.10 |  1.02 |  1.02 |  1.04
        5158 |  1.06 |  0.90 |  1.10 |  1.10 |  1.02 |  1.02 |  1.04
        5158 |  1.06 |  0.90 |  1.10 |  1.10 |  1.02 |  1.02 |  1.04
        5158 |  1.06 |  0.90 |  1.10 |  1.10 |  1.02 |  1.02 |  1.04
        5158 |  1.06 |  0.90 |  1.10 |  1.10 |  1.02 |  1.02 |  1.04
        5158 |  1.06 |  0.90 |  1.10 |  1.10 |  1.02 |  1.02 |  1.04
        5158 |  1.06 |  0.90 |  1.10 |  1.10 |  1.02 |  1.02 |  1.04
        5158 |  1.06 |  0.90 |  1.10 |  1.10 |  1.02 |  1.02 |  1.04
        5158 |  1.06 |  0.90 |  1.10 |  1.10 |  1.02 |  1.02 |  1.04
        5158 |  1.06 |  0.90 |  1.10 |  1.10 |  1.02 |  1.02 |  1.04
        5158 |  1.06 |  0.90 |  1.10 |  1.10 |  1.02 |  1.02 |  1.04
        5158 |  1.06 |  0.90 |  1.10 |  1.10 |  1.02 |  1.02 |  1.04
        5158 |  1.06 |  0.90 |  1.10 |  1.10 |  1.02 |  1.02 |  1.04
        5159 |  0.92 |  1.14 |  1.04 |  1.05 |  0.95 |  1.02 |  1.05
        5159 |  0.92 |  1.14 |  1.04 |  1.05 |  0.95 |  1.02 |  1.05
        5159 |  0.92 |  1.14 |  1.04 |  1.05 |  0.95 |  1.02 |  1.05
        5159 |  0.92 |  1.14 |  1.04 |  1.05 |  0.95 |  1.02 |  1.05
        5159 |  0.92 |  1.14 |  1.04 |  1.05 |  0.95 |  1.02 |  1.05
        5159 |  0.92 |  1.14 |  1.04 |  1.05 |  0.95 |  1.02 |  1.05
        5159 |  0.92 |  1.14 |  1.04 |  1.05 |  0.95 |  1.02 |  1.05
        5159 |  0.92 |  1.14 |  1.04 |  1.05 |  0.95 |  1.02 |  1.05
        5159 |  0.92 |  1.14 |  1.04 |  1.05 |  0.95 |  1.02 |  1.05
        5159 |  0.92 |  1.14 |  1.04 |  1.05 |  0.95 |  1.02 |  1.05
        5159 |  0.92 |  1.14 |  1.04 |  1.05 |  0.95 |  1.02 |  1.05
        5159 |  0.92 |  1.14 |  1.04 |  1.05 |  0.95 |  1.02 |  1.05
        5159 |  0.92 |  1.14 |  1.04 |  1.05 |  0.95 |  1.02 |  1.05
        5159 |  0.92 |  1.14 |  1.04 |  1.05 |  0.95 |  1.02 |  1.05
        5159 |  0.92 |  1.14 |  1.04 |  1.05 |  0.95 |  1.02 |  1.05
        5159 |  0.92 |  1.14 |  1.04 |  1.05 |  0.95 |  1.02 |  1.05
        5159 |  0.92 |  1.14 |  1.04 |  1.05 |  0.95 |  1.02 |  1.05
        5159 |  0.92 |  1.14 |  1.04 |  1.05 |  0.95 |  1.02 |  1.05
        5159 |  0.92 |  1.14 |  1.04 |  1.05 |  0.95 |  1.02 |  1.05
        5159 |  0.92 |  1.14 |  1.04 |  1.05 |  0.95 |  1.02 |  1.05
        5159 |  0.92 |  1.14 |  1.04 |  1.05 |  0.95 |  1.02 |  1.05
        5159 |  0.92 |  1.14 |  1.04 |  1.05 |  0.95 |  1.02 |  1.05
        5159 |  0.92 |  1.14 |  1.04 |  1.05 |  0.95 |  1.02 |  1.05
        5159 |  0.92 |  1.14 |  1.04 |  1.05 |  0.95 |  1.02 |  1.05
        5159 |  0.92 |  1.14 |  1.04 |  1.05 |  0.95 |  1.02 |  1.05
        5159 |  0.92 |  1.14 |  1.04 |  1.05 |  0.95 |  1.02 |  1.05
        5159 |  0.92 |  1.14 |  1.04 |  1.05 |  0.95 |  1.02 |  1.05
        5159 |  0.92 |  1.14 |  1.04 |  1.05 |  0.95 |  1.02 |  1.05
        5159 |  0.92 |  1.14 |  1.04 |  1.05 |  0.95 |  1.02 |  1.05
        5159 |  0.92 |  1.14 |  1.04 |  1.05 |  0.95 |  1.02 |  1.05
        5159 |  0.92 |  1.14 |  1.04 |  1.05 |  0.95 |  1.02 |  1.05
        5159 |  0.92 |  1.14 |  1.04 |  1.05 |  0.95 |  1.02 |  1.05
        5159 |  0.92 |  1.14 |  1.04 |  1.05 |  0.95 |  1.02 |  1.05
        5159 |  0.92 |  1.14 |  1.04 |  1.05 |  0.95 |  1.02 |  1.05
        5159 |  0.92 |  1.14 |  1.04 |  1.05 |  0.95 |  1.02 |  1.05
        5159 |  0.92 |  1.14 |  1.04 |  1.05 |  0.95 |  1.02 |  1.05
        5159 |  0.92 |  1.14 |  1.04 |  1.05 |  0.95 |  1.02 |  1.05
        5159 |  0.92 |  1.14 |  1.04 |  1.05 |  0.95 |  1.02 |  1.05
        5159 |  0.92 |  1.14 |  1.04 |  1.05 |  0.95 |  1.02 |  1.05
        5159 |  0.92 |  1.14 |  1.04 |  1.05 |  0.95 |  1.02 |  1.05
        5159 |  0.92 |  1.14 |  1.04 |  1.05 |  0.95 |  1.02 |  1.05
        5159 |  0.92 |  1.14 |  1.04 |  1.05 |  0.95 |  1.02 |  1.05
        5159 |  0.92 |  1.14 |  1.04 |  1.05 |  0.95 |  1.02 |  1.05
        5159 |  0.92 |  1.14 |  1.04 |  1.05 |  0.95 |  1.02 |  1.05
        5159 |  0.92 |  1.14 |  1.04 |  1.05 |  0.95 |  1.02 |  1.05
        5159 |  0.92 |  1.14 |  1.04 |  1.05 |  0.95 |  1.02 |  1.05
        5159 |  0.92 |  1.14 |  1.04 |  1.05 |  0.95 |  1.02 |  1.05
        5159 |  0.92 |  1.14 |  1.04 |  1.05 |  0.95 |  1.02 |  1.05
        5159 |  0.92 |  1.14 |  1.04 |  1.05 |  0.95 |  1.02 |  1.05
        5160 |  0.85 |  0.99 |  0.78 |  1.04 |  1.01 |  1.12 |  0.83
        5160 |  0.85 |  0.99 |  0.78 |  1.04 |  1.01 |  1.12 |  0.83
        5160 |  0.85 |  0.99 |  0.78 |  1.04 |  1.01 |  1.12 |  0.83
        5160 |  0.85 |  0.99 |  0.78 |  1.04 |  1.01 |  1.12 |  0.83
        5160 |  0.85 |  0.99 |  0.78 |  1.04 |  1.01 |  1.12 |  0.83
        5160 |  0.85 |  0.99 |  0.78 |  1.04 |  1.01 |  1.12 |  0.83
        5160 |  0.85 |  0.99 |  0.78 |  1.04 |  1.01 |  1.12 |  0.83
        5160 |  0.85 |  0.99 |  0.78 |  1.04 |  1.01 |  1.12 |  0.83
        5160 |  0.85 |  0.99 |  0.78 |  1.04 |  1.01 |  1.12 |  0.83
        5160 |  0.85 |  0.99 |  0.78 |  1.04 |  1.01 |  1.12 |  0.83
        5160 |  0.85 |  0.99 |  0.78 |  1.04 |  1.01 |  1.12 |  0.83
        5160 |  0.85 |  0.99 |  0.78 |  1.04 |  1.01 |  1.12 |  0.83
        5160 |  0.85 |  0.99 |  0.78 |  1.04 |  1.01 |  1.12 |  0.83
        5160 |  0.85 |  0.99 |  0.78 |  1.04 |  1.01 |  1.12 |  0.83
        5160 |  0.85 |  0.99 |  0.78 |  1.04 |  1.01 |  1.12 |  0.83
        5160 |  0.85 |  0.99 |  0.78 |  1.04 |  1.01 |  1.12 |  0.83
        5160 |  0.85 |  0.99 |  0.78 |  1.04 |  1.01 |  1.12 |  0.83
        5160 |  0.85 |  0.99 |  0.78 |  1.04 |  1.01 |  1.12 |  0.83
        5160 |  0.85 |  0.99 |  0.78 |  1.04 |  1.01 |  1.12 |  0.83
        5160 |  0.85 |  0.99 |  0.78 |  1.04 |  1.01 |  1.12 |  0.83
        5160 |  0.85 |  0.99 |  0.78 |  1.04 |  1.01 |  1.12 |  0.83
        5160 |  0.85 |  0.99 |  0.78 |  1.04 |  1.01 |  1.12 |  0.83
        5160 |  0.85 |  0.99 |  0.78 |  1.04 |  1.01 |  1.12 |  0.83
        5160 |  0.85 |  0.99 |  0.78 |  1.04 |  1.01 |  1.12 |  0.83
        5160 |  0.85 |  0.99 |  0.78 |  1.04 |  1.01 |  1.12 |  0.83
        5160 |  0.85 |  0.99 |  0.78 |  1.04 |  1.01 |  1.12 |  0.83
        5160 |  0.85 |  0.99 |  0.78 |  1.04 |  1.01 |  1.12 |  0.83
        5160 |  0.85 |  0.99 |  0.78 |  1.04 |  1.01 |  1.12 |  0.83
        5160 |  0.85 |  0.99 |  0.78 |  1.04 |  1.01 |  1.12 |  0.83
        5160 |  0.85 |  0.99 |  0.78 |  1.04 |  1.01 |  1.12 |  0.83
        5160 |  0.85 |  0.99 |  0.78 |  1.04 |  1.01 |  1.12 |  0.83
        5160 |  0.85 |  0.99 |  0.78 |  1.04 |  1.01 |  1.12 |  0.83
        5160 |  0.85 |  0.99 |  0.78 |  1.04 |  1.01 |  1.12 |  0.83
        5160 |  0.85 |  0.99 |  0.78 |  1.04 |  1.01 |  1.12 |  0.83
        5160 |  0.85 |  0.99 |  0.78 |  1.04 |  1.01 |  1.12 |  0.83
        5160 |  0.85 |  0.99 |  0.78 |  1.04 |  1.01 |  1.12 |  0.83
        5160 |  0.85 |  0.99 |  0.78 |  1.04 |  1.01 |  1.12 |  0.83
        5160 |  0.85 |  0.99 |  0.78 |  1.04 |  1.01 |  1.12 |  0.83
        5160 |  0.85 |  0.99 |  0.78 |  1.04 |  1.01 |  1.12 |  0.83
        5160 |  0.85 |  0.99 |  0.78 |  1.04 |  1.01 |  1.12 |  0.83
        5160 |  0.85 |  0.99 |  0.78 |  1.04 |  1.01 |  1.12 |  0.83
        5160 |  0.85 |  0.99 |  0.78 |  1.04 |  1.01 |  1.12 |  0.83
        5160 |  0.85 |  0.99 |  0.78 |  1.04 |  1.01 |  1.12 |  0.83
        5160 |  0.85 |  0.99 |  0.78 |  1.04 |  1.01 |  1.12 |  0.83
        5160 |  0.85 |  0.99 |  0.78 |  1.04 |  1.01 |  1.12 |  0.83
        5160 |  0.85 |  0.99 |  0.78 |  1.04 |  1.01 |  1.12 |  0.83
        5160 |  0.85 |  0.99 |  0.78 |  1.04 |  1.01 |  1.12 |  0.83
        5160 |  0.85 |  0.99 |  0.78 |  1.04 |  1.01 |  1.12 |  0.83
        5160 |  0.85 |  0.99 |  0.78 |  1.04 |  1.01 |  1.12 |  0.83
        5161 |  0.95 |  1.05 |  0.94 |  0.95 |  1.20 |  0.84 |  1.12
        5161 |  0.95 |  1.05 |  0.94 |  0.95 |  1.20 |  0.84 |  1.12
        5161 |  0.95 |  1.05 |  0.94 |  0.95 |  1.20 |  0.84 |  1.12
        5161 |  0.95 |  1.05 |  0.94 |  0.95 |  1.20 |  0.84 |  1.12
        5161 |  0.95 |  1.05 |  0.94 |  0.95 |  1.20 |  0.84 |  1.12
        5161 |  0.95 |  1.05 |  0.94 |  0.95 |  1.20 |  0.84 |  1.12
        5161 |  0.95 |  1.05 |  0.94 |  0.95 |  1.20 |  0.84 |  1.12
        5161 |  0.95 |  1.05 |  0.94 |  0.95 |  1.20 |  0.84 |  1.12
        5161 |  0.95 |  1.05 |  0.94 |  0.95 |  1.20 |  0.84 |  1.12
        5161 |  0.95 |  1.05 |  0.94 |  0.95 |  1.20 |  0.84 |  1.12
        5161 |  0.95 |  1.05 |  0.94 |  0.95 |  1.20 |  0.84 |  1.12
        5161 |  0.95 |  1.05 |  0.94 |  0.95 |  1.20 |  0.84 |  1.12
        5161 |  0.95 |  1.05 |  0.94 |  0.95 |  1.20 |  0.84 |  1.12
        5161 |  0.95 |  1.05 |  0.94 |  0.95 |  1.20 |  0.84 |  1.12
        5161 |  0.95 |  1.05 |  0.94 |  0.95 |  1.20 |  0.84 |  1.12
        5161 |  0.95 |  1.05 |  0.94 |  0.95 |  1.20 |  0.84 |  1.12
        5161 |  0.95 |  1.05 |  0.94 |  0.95 |  1.20 |  0.84 |  1.12
        5161 |  0.95 |  1.05 |  0.94 |  0.95 |  1.20 |  0.84 |  1.12
        5161 |  0.95 |  1.05 |  0.94 |  0.95 |  1.20 |  0.84 |  1.12
        5161 |  0.95 |  1.05 |  0.94 |  0.95 |  1.20 |  0.84 |  1.12
        5161 |  0.95 |  1.05 |  0.94 |  0.95 |  1.20 |  0.84 |  1.12
        5161 |  0.95 |  1.05 |  0.94 |  0.95 |  1.20 |  0.84 |  1.12
        5161 |  0.95 |  1.05 |  0.94 |  0.95 |  1.20 |  0.84 |  1.12
        5161 |  0.95 |  1.05 |  0.94 |  0.95 |  1.20 |  0.84 |  1.12
        5161 |  0.95 |  1.05 |  0.94 |  0.95 |  1.20 |  0.84 |  1.12
        5161 |  0.95 |  1.05 |  0.94 |  0.95 |  1.20 |  0.84 |  1.12
        5161 |  0.95 |  1.05 |  0.94 |  0.95 |  1.20 |  0.84 |  1.12
        5161 |  0.95 |  1.05 |  0.94 |  0.95 |  1.20 |  0.84 |  1.12
        5161 |  0.95 |  1.05 |  0.94 |  0.95 |  1.20 |  0.84 |  1.12
        5161 |  0.95 |  1.05 |  0.94 |  0.95 |  1.20 |  0.84 |  1.12
        5161 |  0.95 |  1.05 |  0.94 |  0.95 |  1.20 |  0.84 |  1.12
        5161 |  0.95 |  1.05 |  0.94 |  0.95 |  1.20 |  0.84 |  1.12
        5161 |  0.95 |  1.05 |  0.94 |  0.95 |  1.20 |  0.84 |  1.12
        5161 |  0.95 |  1.05 |  0.94 |  0.95 |  1.20 |  0.84 |  1.12
        5161 |  0.95 |  1.05 |  0.94 |  0.95 |  1.20 |  0.84 |  1.12
        5161 |  0.95 |  1.05 |  0.94 |  0.95 |  1.20 |  0.84 |  1.12
        5161 |  0.95 |  1.05 |  0.94 |  0.95 |  1.20 |  0.84 |  1.12
        5161 |  0.95 |  1.05 |  0.94 |  0.95 |  1.20 |  0.84 |  1.12
        5161 |  0.95 |  1.05 |  0.94 |  0.95 |  1.20 |  0.84 |  1.12
        5161 |  0.95 |  1.05 |  0.94 |  0.95 |  1.20 |  0.84 |  1.12
        5161 |  0.95 |  1.05 |  0.94 |  0.95 |  1.20 |  0.84 |  1.12
        5161 |  0.95 |  1.05 |  0.94 |  0.95 |  1.20 |  0.84 |  1.12
        5161 |  0.95 |  1.05 |  0.94 |  0.95 |  1.20 |  0.84 |  1.12
        5161 |  0.95 |  1.05 |  0.94 |  0.95 |  1.20 |  0.84 |  1.12
        5161 |  0.95 |  1.05 |  0.94 |  0.95 |  1.20 |  0.84 |  1.12
        5161 |  0.95 |  1.05 |  0.94 |  0.95 |  1.20 |  0.84 |  1.12
        5161 |  0.95 |  1.05 |  0.94 |  0.95 |  1.20 |  0.84 |  1.12
        5161 |  0.95 |  1.05 |  0.94 |  0.95 |  1.20 |  0.84 |  1.12
        5161 |  0.95 |  1.05 |  0.94 |  0.95 |  1.20 |  0.84 |  1.12
        5162 |  0.91 |  1.00 |  0.94 |  0.97 |  0.99 |  1.14 |  1.09
        5162 |  0.91 |  1.00 |  0.94 |  0.97 |  0.99 |  1.14 |  1.09
        5162 |  0.91 |  1.00 |  0.94 |  0.97 |  0.99 |  1.14 |  1.09
        5162 |  0.91 |  1.00 |  0.94 |  0.97 |  0.99 |  1.14 |  1.09
        5162 |  0.91 |  1.00 |  0.94 |  0.97 |  0.99 |  1.14 |  1.09
        5162 |  0.91 |  1.00 |  0.94 |  0.97 |  0.99 |  1.14 |  1.09
        5162 |  0.91 |  1.00 |  0.94 |  0.97 |  0.99 |  1.14 |  1.09
        5162 |  0.91 |  1.00 |  0.94 |  0.97 |  0.99 |  1.14 |  1.09
        5162 |  0.91 |  1.00 |  0.94 |  0.97 |  0.99 |  1.14 |  1.09
        5162 |  0.91 |  1.00 |  0.94 |  0.97 |  0.99 |  1.14 |  1.09
        5162 |  0.91 |  1.00 |  0.94 |  0.97 |  0.99 |  1.14 |  1.09
        5162 |  0.91 |  1.00 |  0.94 |  0.97 |  0.99 |  1.14 |  1.09
        5162 |  0.91 |  1.00 |  0.94 |  0.97 |  0.99 |  1.14 |  1.09
        5162 |  0.91 |  1.00 |  0.94 |  0.97 |  0.99 |  1.14 |  1.09
        5162 |  0.91 |  1.00 |  0.94 |  0.97 |  0.99 |  1.14 |  1.09
        5162 |  0.91 |  1.00 |  0.94 |  0.97 |  0.99 |  1.14 |  1.09
        5162 |  0.91 |  1.00 |  0.94 |  0.97 |  0.99 |  1.14 |  1.09
        5162 |  0.91 |  1.00 |  0.94 |  0.97 |  0.99 |  1.14 |  1.09
        5162 |  0.91 |  1.00 |  0.94 |  0.97 |  0.99 |  1.14 |  1.09
        5162 |  0.91 |  1.00 |  0.94 |  0.97 |  0.99 |  1.14 |  1.09
        5162 |  0.91 |  1.00 |  0.94 |  0.97 |  0.99 |  1.14 |  1.09
        5162 |  0.91 |  1.00 |  0.94 |  0.97 |  0.99 |  1.14 |  1.09
        5162 |  0.91 |  1.00 |  0.94 |  0.97 |  0.99 |  1.14 |  1.09
        5162 |  0.91 |  1.00 |  0.94 |  0.97 |  0.99 |  1.14 |  1.09
        5162 |  0.91 |  1.00 |  0.94 |  0.97 |  0.99 |  1.14 |  1.09
        5162 |  0.91 |  1.00 |  0.94 |  0.97 |  0.99 |  1.14 |  1.09
        5162 |  0.91 |  1.00 |  0.94 |  0.97 |  0.99 |  1.14 |  1.09
        5162 |  0.91 |  1.00 |  0.94 |  0.97 |  0.99 |  1.14 |  1.09
        5162 |  0.91 |  1.00 |  0.94 |  0.97 |  0.99 |  1.14 |  1.09
        5162 |  0.91 |  1.00 |  0.94 |  0.97 |  0.99 |  1.14 |  1.09
        5162 |  0.91 |  1.00 |  0.94 |  0.97 |  0.99 |  1.14 |  1.09
        5162 |  0.91 |  1.00 |  0.94 |  0.97 |  0.99 |  1.14 |  1.09
        5162 |  0.91 |  1.00 |  0.94 |  0.97 |  0.99 |  1.14 |  1.09
        5162 |  0.91 |  1.00 |  0.94 |  0.97 |  0.99 |  1.14 |  1.09
        5162 |  0.91 |  1.00 |  0.94 |  0.97 |  0.99 |  1.14 |  1.09
        5162 |  0.91 |  1.00 |  0.94 |  0.97 |  0.99 |  1.14 |  1.09
        5162 |  0.91 |  1.00 |  0.94 |  0.97 |  0.99 |  1.14 |  1.09
        5162 |  0.91 |  1.00 |  0.94 |  0.97 |  0.99 |  1.14 |  1.09
        5162 |  0.91 |  1.00 |  0.94 |  0.97 |  0.99 |  1.14 |  1.09
        5162 |  0.91 |  1.00 |  0.94 |  0.97 |  0.99 |  1.14 |  1.09
        5162 |  0.91 |  1.00 |  0.94 |  0.97 |  0.99 |  1.14 |  1.09
        5162 |  0.91 |  1.00 |  0.94 |  0.97 |  0.99 |  1.14 |  1.09
        5162 |  0.91 |  1.00 |  0.94 |  0.97 |  0.99 |  1.14 |  1.09
        5162 |  0.91 |  1.00 |  0.94 |  0.97 |  0.99 |  1.14 |  1.09
        5162 |  0.91 |  1.00 |  0.94 |  0.97 |  0.99 |  1.14 |  1.09
        5162 |  0.91 |  1.00 |  0.94 |  0.97 |  0.99 |  1.14 |  1.09
        5162 |  0.91 |  1.00 |  0.94 |  0.97 |  0.99 |  1.14 |  1.09
        5162 |  0.91 |  1.00 |  0.94 |  0.97 |  0.99 |  1.14 |  1.09
        5162 |  0.91 |  1.00 |  0.94 |  0.97 |  0.99 |  1.14 |  1.09
        5163 |  1.06 |  0.94 |  0.83 |  0.90 |  1.12 |  1.22 |  0.84
        5163 |  1.06 |  0.94 |  0.83 |  0.90 |  1.12 |  1.22 |  0.84
        5163 |  1.06 |  0.94 |  0.83 |  0.90 |  1.12 |  1.22 |  0.84
        5163 |  1.06 |  0.94 |  0.83 |  0.90 |  1.12 |  1.22 |  0.84
        5163 |  1.06 |  0.94 |  0.83 |  0.90 |  1.12 |  1.22 |  0.84
        5163 |  1.06 |  0.94 |  0.83 |  0.90 |  1.12 |  1.22 |  0.84
        5163 |  1.06 |  0.94 |  0.83 |  0.90 |  1.12 |  1.22 |  0.84
        5163 |  1.06 |  0.94 |  0.83 |  0.90 |  1.12 |  1.22 |  0.84
        5163 |  1.06 |  0.94 |  0.83 |  0.90 |  1.12 |  1.22 |  0.84
        5163 |  1.06 |  0.94 |  0.83 |  0.90 |  1.12 |  1.22 |  0.84
        5163 |  1.06 |  0.94 |  0.83 |  0.90 |  1.12 |  1.22 |  0.84
        5163 |  1.06 |  0.94 |  0.83 |  0.90 |  1.12 |  1.22 |  0.84
        5163 |  1.06 |  0.94 |  0.83 |  0.90 |  1.12 |  1.22 |  0.84
        5163 |  1.06 |  0.94 |  0.83 |  0.90 |  1.12 |  1.22 |  0.84
        5163 |  1.06 |  0.94 |  0.83 |  0.90 |  1.12 |  1.22 |  0.84
        5163 |  1.06 |  0.94 |  0.83 |  0.90 |  1.12 |  1.22 |  0.84
        5163 |  1.06 |  0.94 |  0.83 |  0.90 |  1.12 |  1.22 |  0.84
        5163 |  1.06 |  0.94 |  0.83 |  0.90 |  1.12 |  1.22 |  0.84
        5163 |  1.06 |  0.94 |  0.83 |  0.90 |  1.12 |  1.22 |  0.84
        5163 |  1.06 |  0.94 |  0.83 |  0.90 |  1.12 |  1.22 |  0.84
        5163 |  1.06 |  0.94 |  0.83 |  0.90 |  1.12 |  1.22 |  0.84
        5163 |  1.06 |  0.94 |  0.83 |  0.90 |  1.12 |  1.22 |  0.84
        5163 |  1.06 |  0.94 |  0.83 |  0.90 |  1.12 |  1.22 |  0.84
        5163 |  1.06 |  0.94 |  0.83 |  0.90 |  1.12 |  1.22 |  0.84
        5163 |  1.06 |  0.94 |  0.83 |  0.90 |  1.12 |  1.22 |  0.84
        5163 |  1.06 |  0.94 |  0.83 |  0.90 |  1.12 |  1.22 |  0.84
        5163 |  1.06 |  0.94 |  0.83 |  0.90 |  1.12 |  1.22 |  0.84
        5163 |  1.06 |  0.94 |  0.83 |  0.90 |  1.12 |  1.22 |  0.84
        5163 |  1.06 |  0.94 |  0.83 |  0.90 |  1.12 |  1.22 |  0.84
        5163 |  1.06 |  0.94 |  0.83 |  0.90 |  1.12 |  1.22 |  0.84
        5163 |  1.06 |  0.94 |  0.83 |  0.90 |  1.12 |  1.22 |  0.84
        5163 |  1.06 |  0.94 |  0.83 |  0.90 |  1.12 |  1.22 |  0.84
        5163 |  1.06 |  0.94 |  0.83 |  0.90 |  1.12 |  1.22 |  0.84
        5163 |  1.06 |  0.94 |  0.83 |  0.90 |  1.12 |  1.22 |  0.84
        5163 |  1.06 |  0.94 |  0.83 |  0.90 |  1.12 |  1.22 |  0.84
        5163 |  1.06 |  0.94 |  0.83 |  0.90 |  1.12 |  1.22 |  0.84
        5163 |  1.06 |  0.94 |  0.83 |  0.90 |  1.12 |  1.22 |  0.84
        5163 |  1.06 |  0.94 |  0.83 |  0.90 |  1.12 |  1.22 |  0.84
        5163 |  1.06 |  0.94 |  0.83 |  0.90 |  1.12 |  1.22 |  0.84
        5163 |  1.06 |  0.94 |  0.83 |  0.90 |  1.12 |  1.22 |  0.84
        5163 |  1.06 |  0.94 |  0.83 |  0.90 |  1.12 |  1.22 |  0.84
        5163 |  1.06 |  0.94 |  0.83 |  0.90 |  1.12 |  1.22 |  0.84
        5163 |  1.06 |  0.94 |  0.83 |  0.90 |  1.12 |  1.22 |  0.84
        5163 |  1.06 |  0.94 |  0.83 |  0.90 |  1.12 |  1.22 |  0.84
        5163 |  1.06 |  0.94 |  0.83 |  0.90 |  1.12 |  1.22 |  0.84
        5163 |  1.06 |  0.94 |  0.83 |  0.90 |  1.12 |  1.22 |  0.84
        5163 |  1.06 |  0.94 |  0.83 |  0.90 |  1.12 |  1.22 |  0.84
        5163 |  1.06 |  0.94 |  0.83 |  0.90 |  1.12 |  1.22 |  0.84
        5163 |  1.06 |  0.94 |  0.83 |  0.90 |  1.12 |  1.22 |  0.84
        5164 |  1.10 |  0.99 |  0.99 |  0.97 |  0.86 |  0.97 |  0.97
        5164 |  1.10 |  0.99 |  0.99 |  0.97 |  0.86 |  0.97 |  0.97
        5164 |  1.10 |  0.99 |  0.99 |  0.97 |  0.86 |  0.97 |  0.97
        5164 |  1.10 |  0.99 |  0.99 |  0.97 |  0.86 |  0.97 |  0.97
        5164 |  1.10 |  0.99 |  0.99 |  0.97 |  0.86 |  0.97 |  0.97
        5164 |  1.10 |  0.99 |  0.99 |  0.97 |  0.86 |  0.97 |  0.97
        5164 |  1.10 |  0.99 |  0.99 |  0.97 |  0.86 |  0.97 |  0.97
        5164 |  1.10 |  0.99 |  0.99 |  0.97 |  0.86 |  0.97 |  0.97
        5164 |  1.10 |  0.99 |  0.99 |  0.97 |  0.86 |  0.97 |  0.97
        5164 |  1.10 |  0.99 |  0.99 |  0.97 |  0.86 |  0.97 |  0.97
        5164 |  1.10 |  0.99 |  0.99 |  0.97 |  0.86 |  0.97 |  0.97
        5164 |  1.10 |  0.99 |  0.99 |  0.97 |  0.86 |  0.97 |  0.97
        5164 |  1.10 |  0.99 |  0.99 |  0.97 |  0.86 |  0.97 |  0.97
        5164 |  1.10 |  0.99 |  0.99 |  0.97 |  0.86 |  0.97 |  0.97
        5164 |  1.10 |  0.99 |  0.99 |  0.97 |  0.86 |  0.97 |  0.97
        5164 |  1.10 |  0.99 |  0.99 |  0.97 |  0.86 |  0.97 |  0.97
        5164 |  1.10 |  0.99 |  0.99 |  0.97 |  0.86 |  0.97 |  0.97
        5164 |  1.10 |  0.99 |  0.99 |  0.97 |  0.86 |  0.97 |  0.97
        5164 |  1.10 |  0.99 |  0.99 |  0.97 |  0.86 |  0.97 |  0.97
        5164 |  1.10 |  0.99 |  0.99 |  0.97 |  0.86 |  0.97 |  0.97
        5164 |  1.10 |  0.99 |  0.99 |  0.97 |  0.86 |  0.97 |  0.97
        5164 |  1.10 |  0.99 |  0.99 |  0.97 |  0.86 |  0.97 |  0.97
        5164 |  1.10 |  0.99 |  0.99 |  0.97 |  0.86 |  0.97 |  0.97
        5164 |  1.10 |  0.99 |  0.99 |  0.97 |  0.86 |  0.97 |  0.97
        5164 |  1.10 |  0.99 |  0.99 |  0.97 |  0.86 |  0.97 |  0.97
        5164 |  1.10 |  0.99 |  0.99 |  0.97 |  0.86 |  0.97 |  0.97
        5164 |  1.10 |  0.99 |  0.99 |  0.97 |  0.86 |  0.97 |  0.97
        5164 |  1.10 |  0.99 |  0.99 |  0.97 |  0.86 |  0.97 |  0.97
        5164 |  1.10 |  0.99 |  0.99 |  0.97 |  0.86 |  0.97 |  0.97
        5164 |  1.10 |  0.99 |  0.99 |  0.97 |  0.86 |  0.97 |  0.97
        5164 |  1.10 |  0.99 |  0.99 |  0.97 |  0.86 |  0.97 |  0.97
        5164 |  1.10 |  0.99 |  0.99 |  0.97 |  0.86 |  0.97 |  0.97
        5164 |  1.10 |  0.99 |  0.99 |  0.97 |  0.86 |  0.97 |  0.97
        5164 |  1.10 |  0.99 |  0.99 |  0.97 |  0.86 |  0.97 |  0.97
        5164 |  1.10 |  0.99 |  0.99 |  0.97 |  0.86 |  0.97 |  0.97
        5164 |  1.10 |  0.99 |  0.99 |  0.97 |  0.86 |  0.97 |  0.97
        5164 |  1.10 |  0.99 |  0.99 |  0.97 |  0.86 |  0.97 |  0.97
        5164 |  1.10 |  0.99 |  0.99 |  0.97 |  0.86 |  0.97 |  0.97
        5164 |  1.10 |  0.99 |  0.99 |  0.97 |  0.86 |  0.97 |  0.97
        5164 |  1.10 |  0.99 |  0.99 |  0.97 |  0.86 |  0.97 |  0.97
        5164 |  1.10 |  0.99 |  0.99 |  0.97 |  0.86 |  0.97 |  0.97
        5164 |  1.10 |  0.99 |  0.99 |  0.97 |  0.86 |  0.97 |  0.97
        5164 |  1.10 |  0.99 |  0.99 |  0.97 |  0.86 |  0.97 |  0.97
        5164 |  1.10 |  0.99 |  0.99 |  0.97 |  0.86 |  0.97 |  0.97
        5164 |  1.10 |  0.99 |  0.99 |  0.97 |  0.86 |  0.97 |  0.97
        5164 |  1.10 |  0.99 |  0.99 |  0.97 |  0.86 |  0.97 |  0.97
        5164 |  1.10 |  0.99 |  0.99 |  0.97 |  0.86 |  0.97 |  0.97
        5164 |  1.10 |  0.99 |  0.99 |  0.97 |  0.86 |  0.97 |  0.97
        5164 |  1.10 |  0.99 |  0.99 |  0.97 |  0.86 |  0.97 |  0.97
        5165 |  1.28 |  4.28 |  0.96 |  1.06 |  1.24 |  1.06 |  1.94
        5165 |  1.28 |  4.28 |  0.96 |  1.06 |  1.24 |  1.06 |  1.94
        5165 |  1.28 |  4.28 |  0.96 |  1.06 |  1.24 |  1.06 |  1.94
        5165 |  1.28 |  4.28 |  0.96 |  1.06 |  1.24 |  1.06 |  1.94
        5165 |  1.28 |  4.28 |  0.96 |  1.06 |  1.24 |  1.06 |  1.94
        5165 |  1.28 |  4.28 |  0.96 |  1.06 |  1.24 |  1.06 |  1.94
        5165 |  1.28 |  4.28 |  0.96 |  1.06 |  1.24 |  1.06 |  1.94
        5165 |  1.28 |  4.28 |  0.96 |  1.06 |  1.24 |  1.06 |  1.94
        5165 |  1.28 |  4.28 |  0.96 |  1.06 |  1.24 |  1.06 |  1.94
        5165 |  1.28 |  4.28 |  0.96 |  1.06 |  1.24 |  1.06 |  1.94
        5165 |  1.28 |  4.28 |  0.96 |  1.06 |  1.24 |  1.06 |  1.94
        5165 |  1.28 |  4.28 |  0.96 |  1.06 |  1.24 |  1.06 |  1.94
        5165 |  1.28 |  4.28 |  0.96 |  1.06 |  1.24 |  1.06 |  1.94
        5165 |  1.28 |  4.28 |  0.96 |  1.06 |  1.24 |  1.06 |  1.94
        5165 |  1.28 |  4.28 |  0.96 |  1.06 |  1.24 |  1.06 |  1.94
        5165 |  1.28 |  4.28 |  0.96 |  1.06 |  1.24 |  1.06 |  1.94
        5165 |  1.28 |  4.28 |  0.96 |  1.06 |  1.24 |  1.06 |  1.94
        5165 |  1.28 |  4.28 |  0.96 |  1.06 |  1.24 |  1.06 |  1.94
        5165 |  1.28 |  4.28 |  0.96 |  1.06 |  1.24 |  1.06 |  1.94
        5165 |  1.28 |  4.28 |  0.96 |  1.06 |  1.24 |  1.06 |  1.94
        5165 |  1.28 |  4.28 |  0.96 |  1.06 |  1.24 |  1.06 |  1.94
        5165 |  1.28 |  4.28 |  0.96 |  1.06 |  1.24 |  1.06 |  1.94
        5165 |  1.28 |  4.28 |  0.96 |  1.06 |  1.24 |  1.06 |  1.94
        5165 |  1.28 |  4.28 |  0.96 |  1.06 |  1.24 |  1.06 |  1.94
        5165 |  1.28 |  4.28 |  0.96 |  1.06 |  1.24 |  1.06 |  1.94
        5165 |  1.28 |  4.28 |  0.96 |  1.06 |  1.24 |  1.06 |  1.94
        5165 |  1.28 |  4.28 |  0.96 |  1.06 |  1.24 |  1.06 |  1.94
        5165 |  1.28 |  4.28 |  0.96 |  1.06 |  1.24 |  1.06 |  1.94
(2513 rows)

