
state 0
	$accept: .root $end 
	root: .    (1)

	SELECT  shift 11
	TABLE  shift 9
	VALUES  shift 8
	WITH  shift 10
	.  reduce 1 (src line 240)

	root  goto 1
	stmt_list  goto 2
	stmt  goto 3
	SelectStmt  goto 4
	simple_select  goto 7
	base_select  goto 5
	with_clause  goto 6

state 1
	$accept:  root.$end 

	$end  accept
	.  error


state 2
	root:  stmt_list.    (2)
	stmt_list:  stmt_list.';' stmt 
	stmt_list:  stmt_list.';' 

	';'  shift 12
	.  reduce 2 (src line 245)


state 3
	stmt_list:  stmt.    (3)

	.  reduce 3 (src line 250)


state 4
	stmt:  SelectStmt.    (6)

	.  reduce 6 (src line 264)


state 5
	SelectStmt:  base_select.setop_tail 
	setop_tail: .    (15)

	EXCEPT  shift 17
	INTERSECT  shift 16
	UNION  shift 15
	.  reduce 15 (src line 358)

	setop_tail  goto 13
	setop_op  goto 14

state 6
	SelectStmt:  with_clause.base_select setop_tail 

	SELECT  shift 11
	TABLE  shift 9
	VALUES  shift 8
	.  error

	simple_select  goto 7
	base_select  goto 18

state 7
	base_select:  simple_select.opt_sort_clause opt_select_limit 
	opt_sort_clause: .    (29)

	ORDER  shift 20
	.  reduce 29 (src line 458)

	opt_sort_clause  goto 19

state 8
	base_select:  VALUES.VALUES_row VALUES_rows_tail opt_sort_clause opt_select_limit 

	'('  shift 22
	.  error

	VALUES_row  goto 21

state 9
	base_select:  TABLE.qualified_name opt_sort_clause opt_select_limit 

	ABORT_P  shift 28
	ABSENT  shift 29
	ABSOLUTE_P  shift 30
	ACCESS  shift 31
	ACTION  shift 32
	ADD_P  shift 33
	ADMIN  shift 34
	AFTER  shift 35
	AGGREGATE  shift 36
	ALSO  shift 37
	ALTER  shift 38
	ALWAYS  shift 39
	ASENSITIVE  shift 40
	ASSERTION  shift 41
	ASSIGNMENT  shift 42
	AT  shift 43
	ATOMIC  shift 44
	ATTACH  shift 45
	ATTRIBUTE  shift 46
	BACKWARD  shift 47
	BEFORE  shift 48
	BEGIN_P  shift 49
	BETWEEN  shift 358
	BIGINT  shift 359
	BIT  shift 360
	BOOLEAN_P  shift 361
	BREADTH  shift 50
	BY  shift 51
	CACHE  shift 52
	CALL  shift 53
	CALLED  shift 54
	CASCADE  shift 55
	CASCADED  shift 56
	CATALOG_P  shift 57
	CHAIN  shift 58
	CHAR_P  shift 362
	CHARACTER  shift 363
	CHARACTERISTICS  shift 59
	CHECKPOINT  shift 60
	CLASS  shift 61
	CLOSE  shift 62
	CLUSTER  shift 63
	COALESCE  shift 364
	COLUMNS  shift 64
	COMMENT  shift 65
	COMMENTS  shift 66
	COMMIT  shift 67
	COMMITTED  shift 68
	COMPRESSION  shift 69
	CONDITIONAL  shift 70
	CONFIGURATION  shift 71
	CONFLICT  shift 72
	CONNECTION  shift 73
	CONSTRAINTS  shift 74
	CONTENT_P  shift 75
	CONTINUE_P  shift 76
	CONVERSION_P  shift 77
	COPY  shift 78
	COST  shift 79
	CSV  shift 80
	CUBE  shift 81
	CURRENT_P  shift 82
	CURSOR  shift 83
	CYCLE  shift 84
	DATA_P  shift 85
	DATABASE  shift 86
	DAY_P  shift 87
	DEALLOCATE  shift 88
	DEC  shift 365
	DECIMAL_P  shift 366
	DECLARE  shift 89
	DEFAULTS  shift 90
	DEFERRED  shift 91
	DEFINER  shift 92
	DELETE_P  shift 93
	DELIMITER  shift 94
	DELIMITERS  shift 95
	DEPENDS  shift 96
	DEPTH  shift 97
	DETACH  shift 98
	DICTIONARY  shift 99
	DISABLE_P  shift 100
	DISCARD  shift 101
	DOCUMENT_P  shift 102
	DOMAIN_P  shift 103
	DOUBLE_P  shift 104
	DROP  shift 105
	EACH  shift 106
	EMPTY_P  shift 107
	ENABLE_P  shift 108
	ENCODING  shift 109
	ENCRYPTED  shift 110
	ENFORCED  shift 111
	ENUM_P  shift 112
	ERROR_P  shift 113
	ESCAPE  shift 114
	EVENT  shift 115
	EXCLUDE  shift 116
	EXCLUDING  shift 117
	EXCLUSIVE  shift 118
	EXECUTE  shift 119
	EXISTS  shift 367
	EXPLAIN  shift 120
	EXPRESSION  shift 121
	EXTENSION  shift 122
	EXTERNAL  shift 123
	EXTRACT  shift 368
	FAMILY  shift 124
	FILTER  shift 125
	FINALIZE  shift 126
	FIRST_P  shift 127
	FLOAT_P  shift 369
	FOLLOWING  shift 128
	FORCE  shift 129
	FORMAT  shift 130
	FORWARD  shift 131
	FUNCTION  shift 132
	FUNCTIONS  shift 133
	GENERATED  shift 134
	GLOBAL  shift 135
	GRANTED  shift 136
	GREATEST  shift 370
	GROUPING  shift 371
	GROUPS  shift 137
	HANDLER  shift 138
	HEADER_P  shift 139
	HOLD  shift 140
	HOUR_P  shift 141
	IDENTITY_P  shift 142
	IF_P  shift 143
	IMMEDIATE  shift 144
	IMMUTABLE  shift 145
	IMPLICIT_P  shift 146
	IMPORT_P  shift 147
	INCLUDE  shift 148
	INCLUDING  shift 149
	INCREMENT  shift 150
	INDENT  shift 151
	INDEX  shift 152
	INDEXES  shift 153
	INHERIT  shift 154
	INHERITS  shift 155
	INLINE_P  shift 156
	INOUT  shift 372
	INPUT_P  shift 157
	INSENSITIVE  shift 158
	INSERT  shift 159
	INSTEAD  shift 160
	INT_P  shift 373
	INTEGER  shift 374
	INTERVAL  shift 375
	INVOKER  shift 161
	ISOLATION  shift 162
	JSON  shift 376
	JSON_ARRAY  shift 377
	JSON_ARRAYAGG  shift 378
	JSON_EXISTS  shift 379
	JSON_OBJECT  shift 380
	JSON_OBJECTAGG  shift 381
	JSON_QUERY  shift 382
	JSON_SCALAR  shift 383
	JSON_SERIALIZE  shift 384
	JSON_TABLE  shift 385
	JSON_VALUE  shift 386
	KEEP  shift 163
	KEY  shift 164
	KEYS  shift 165
	LABEL  shift 166
	LANGUAGE  shift 167
	LARGE_P  shift 168
	LAST_P  shift 169
	LEAKPROOF  shift 170
	LEAST  shift 387
	LEVEL  shift 171
	LISTEN  shift 172
	LOAD  shift 173
	LOCAL  shift 174
	LOCATION  shift 175
	LOCK_P  shift 176
	LOCKED  shift 177
	LOGGED  shift 178
	MAPPING  shift 179
	MATCH  shift 180
	MATCHED  shift 181
	MATERIALIZED  shift 182
	MAXVALUE  shift 183
	MERGE  shift 184
	MERGE_ACTION  shift 388
	METHOD  shift 185
	MINUTE_P  shift 186
	MINVALUE  shift 187
	MODE  shift 188
	MONTH_P  shift 189
	MOVE  shift 190
	NAME_P  shift 191
	NAMES  shift 192
	NATIONAL  shift 389
	NCHAR  shift 390
	NESTED  shift 193
	NEW  shift 194
	NEXT  shift 195
	NFC  shift 196
	NFD  shift 197
	NFKC  shift 198
	NFKD  shift 199
	NO  shift 200
	NONE  shift 391
	NORMALIZE  shift 392
	NORMALIZED  shift 201
	NOTHING  shift 202
	NOTIFY  shift 203
	NOWAIT  shift 204
	NULLIF  shift 393
	NULLS_P  shift 205
	NUMERIC  shift 394
	OBJECT_P  shift 206
	OBJECTS_P  shift 207
	OF  shift 208
	OFF  shift 209
	OIDS  shift 210
	OLD  shift 211
	OMIT  shift 212
	OPERATOR  shift 213
	OPTION  shift 214
	OPTIONS  shift 215
	ORDINALITY  shift 216
	OTHERS  shift 217
	OUT_P  shift 395
	OVER  shift 218
	OVERLAY  shift 396
	OVERRIDING  shift 219
	OWNED  shift 220
	OWNER  shift 221
	PARALLEL  shift 222
	PARAMETER  shift 223
	PARSER  shift 224
	PARTIAL  shift 225
	PARTITION  shift 226
	PASSING  shift 227
	PASSWORD  shift 228
	PATH  shift 229
	PERIOD  shift 230
	PLAN  shift 231
	PLANS  shift 232
	POLICY  shift 233
	POSITION  shift 397
	PRECEDING  shift 234
	PRECISION  shift 398
	PREPARE  shift 235
	PREPARED  shift 236
	PRESERVE  shift 237
	PRIOR  shift 238
	PRIVILEGES  shift 239
	PROCEDURAL  shift 240
	PROCEDURE  shift 241
	PROCEDURES  shift 242
	PROGRAM  shift 243
	PUBLICATION  shift 244
	QUOTE  shift 245
	QUOTES  shift 246
	RANGE  shift 247
	READ  shift 248
	REAL  shift 399
	REASSIGN  shift 249
	RECURSIVE  shift 250
	REF_P  shift 251
	REFERENCING  shift 252
	REFRESH  shift 253
	REINDEX  shift 254
	RELATIVE_P  shift 255
	RELEASE  shift 256
	RENAME  shift 257
	REPEATABLE  shift 258
	REPLACE  shift 259
	REPLICA  shift 260
	RESET  shift 261
	RESTART  shift 262
	RESTRICT  shift 263
	RETURN  shift 264
	RETURNS  shift 265
	REVOKE  shift 266
	ROLE  shift 267
	ROLLBACK  shift 268
	ROLLUP  shift 269
	ROUTINE  shift 270
	ROUTINES  shift 271
	ROW  shift 400
	ROWS  shift 272
	RULE  shift 273
	SAVEPOINT  shift 274
	SCALAR  shift 275
	SCHEMA  shift 276
	SCHEMAS  shift 277
	SCROLL  shift 278
	SEARCH  shift 279
	SECOND_P  shift 280
	SECURITY  shift 281
	SEQUENCE  shift 282
	SEQUENCES  shift 283
	SERIALIZABLE  shift 284
	SERVER  shift 285
	SESSION  shift 286
	SET  shift 287
	SETOF  shift 401
	SETS  shift 288
	SHARE  shift 289
	SHOW  shift 290
	SIMPLE  shift 291
	SKIP  shift 292
	SMALLINT  shift 402
	SNAPSHOT  shift 293
	SOURCE  shift 294
	SQL_P  shift 295
	STABLE  shift 296
	STANDALONE_P  shift 297
	START  shift 298
	STATEMENT  shift 299
	STATISTICS  shift 300
	STDIN  shift 301
	STDOUT  shift 302
	STORAGE  shift 303
	STORED  shift 304
	STRICT_P  shift 305
	STRING_P  shift 306
	STRIP_P  shift 307
	SUBSCRIPTION  shift 308
	SUBSTRING  shift 403
	SUPPORT  shift 309
	SYSID  shift 310
	SYSTEM_P  shift 311
	TABLES  shift 312
	TABLESPACE  shift 313
	TARGET  shift 314
	TEMP  shift 315
	TEMPLATE  shift 316
	TEMPORARY  shift 317
	TEXT_P  shift 318
	TIES  shift 319
	TIME  shift 404
	TIMESTAMP  shift 405
	TRANSACTION  shift 320
	TRANSFORM  shift 321
	TREAT  shift 406
	TRIGGER  shift 322
	TRIM  shift 407
	TRUNCATE  shift 323
	TRUSTED  shift 324
	TYPE_P  shift 325
	TYPES_P  shift 326
	UESCAPE  shift 327
	UNBOUNDED  shift 328
	UNCOMMITTED  shift 329
	UNCONDITIONAL  shift 330
	UNENCRYPTED  shift 331
	UNKNOWN  shift 332
	UNLISTEN  shift 333
	UNLOGGED  shift 334
	UNTIL  shift 335
	UPDATE  shift 336
	VACUUM  shift 337
	VALID  shift 338
	VALIDATE  shift 339
	VALIDATOR  shift 340
	VALUE_P  shift 341
	VALUES  shift 408
	VARCHAR  shift 409
	VARYING  shift 342
	VERSION_P  shift 343
	VIEW  shift 344
	VIEWS  shift 345
	VIRTUAL  shift 346
	VOLATILE  shift 347
	WHITESPACE_P  shift 348
	WITHIN  shift 349
	WITHOUT  shift 350
	WORK  shift 351
	WRAPPER  shift 352
	WRITE  shift 353
	XML_P  shift 354
	XMLATTRIBUTES  shift 410
	XMLCONCAT  shift 411
	XMLELEMENT  shift 412
	XMLEXISTS  shift 413
	XMLFOREST  shift 414
	XMLNAMESPACES  shift 415
	XMLPARSE  shift 416
	XMLPI  shift 417
	XMLROOT  shift 418
	XMLSERIALIZE  shift 419
	XMLTABLE  shift 420
	YEAR_P  shift 355
	YES_P  shift 356
	ZONE  shift 357
	IDENT  shift 25
	.  error

	unreserved_keyword  goto 26
	col_name_keyword  goto 27
	qualified_name  goto 23
	ColId  goto 24

10: shift/reduce conflict (shift 422(0), red'n 143(0)) on RECURSIVE
state 10
	with_clause:  WITH.opt_recursive cte_list 
	opt_recursive: .    (143)

	RECURSIVE  shift 422
	.  reduce 143 (src line 1125)

	opt_recursive  goto 421

state 11
	simple_select:  SELECT.select_pos opt_all_distinct opt_target_list opt_from_clause where_clause group_clause having_clause 
	select_pos: .    (27)

	.  reduce 27 (src line 416)

	select_pos  goto 423

state 12
	stmt_list:  stmt_list ';'.stmt 
	stmt_list:  stmt_list ';'.    (5)

	SELECT  shift 11
	TABLE  shift 9
	VALUES  shift 8
	WITH  shift 10
	.  reduce 5 (src line 259)

	stmt  goto 424
	SelectStmt  goto 4
	simple_select  goto 7
	base_select  goto 5
	with_clause  goto 6

state 13
	SelectStmt:  base_select setop_tail.    (7)

	.  reduce 7 (src line 277)


state 14
	setop_tail:  setop_op.SelectStmt 

	SELECT  shift 11
	TABLE  shift 9
	VALUES  shift 8
	WITH  shift 10
	.  error

	SelectStmt  goto 425
	simple_select  goto 7
	base_select  goto 5
	with_clause  goto 6

state 15
	setop_op:  UNION.    (17)
	setop_op:  UNION.ALL 
	setop_op:  UNION.DISTINCT 

	ALL  shift 426
	DISTINCT  shift 427
	.  reduce 17 (src line 370)


state 16
	setop_op:  INTERSECT.    (20)
	setop_op:  INTERSECT.ALL 

	ALL  shift 428
	.  reduce 20 (src line 383)


state 17
	setop_op:  EXCEPT.    (22)
	setop_op:  EXCEPT.ALL 

	ALL  shift 429
	.  reduce 22 (src line 391)


state 18
	SelectStmt:  with_clause base_select.setop_tail 
	setop_tail: .    (15)

	EXCEPT  shift 17
	INTERSECT  shift 16
	UNION  shift 15
	.  reduce 15 (src line 358)

	setop_tail  goto 430
	setop_op  goto 14

state 19
	base_select:  simple_select opt_sort_clause.opt_select_limit 
	opt_select_limit: .    (40)

	FETCH  shift 436
	LIMIT  shift 435
	OFFSET  shift 437
	.  reduce 40 (src line 518)

	opt_select_limit  goto 431
	select_limit  goto 432
	limit_clause  goto 433
	offset_clause  goto 434

state 20
	opt_sort_clause:  ORDER.BY sort_by_list 

	BY  shift 438
	.  error


state 21
	base_select:  VALUES VALUES_row.VALUES_rows_tail opt_sort_clause opt_select_limit 
	VALUES_rows_tail: .    (13)

	.  reduce 13 (src line 349)

	VALUES_rows_tail  goto 439

state 22
	VALUES_row:  '('.expr_list ')' 

	ABORT_P  shift 28
	ABSENT  shift 29
	ABSOLUTE_P  shift 30
	ACCESS  shift 31
	ACTION  shift 32
	ADD_P  shift 33
	ADMIN  shift 34
	AFTER  shift 35
	AGGREGATE  shift 36
	ALSO  shift 37
	ALTER  shift 38
	ALWAYS  shift 39
	ASENSITIVE  shift 40
	ASSERTION  shift 41
	ASSIGNMENT  shift 42
	AT  shift 43
	ATOMIC  shift 44
	ATTACH  shift 45
	ATTRIBUTE  shift 46
	BACKWARD  shift 47
	BEFORE  shift 48
	BEGIN_P  shift 49
	BETWEEN  shift 358
	BIGINT  shift 359
	BIT  shift 360
	BOOLEAN_P  shift 361
	BREADTH  shift 50
	BY  shift 51
	CACHE  shift 52
	CALL  shift 53
	CALLED  shift 54
	CASCADE  shift 55
	CASCADED  shift 56
	CATALOG_P  shift 57
	CHAIN  shift 58
	CHAR_P  shift 362
	CHARACTER  shift 363
	CHARACTERISTICS  shift 59
	CHECKPOINT  shift 60
	CLASS  shift 61
	CLOSE  shift 62
	CLUSTER  shift 63
	COALESCE  shift 364
	COLUMNS  shift 64
	COMMENT  shift 65
	COMMENTS  shift 66
	COMMIT  shift 67
	COMMITTED  shift 68
	COMPRESSION  shift 69
	CONDITIONAL  shift 70
	CONFIGURATION  shift 71
	CONFLICT  shift 72
	CONNECTION  shift 73
	CONSTRAINTS  shift 74
	CONTENT_P  shift 75
	CONTINUE_P  shift 76
	CONVERSION_P  shift 77
	COPY  shift 78
	COST  shift 79
	CSV  shift 80
	CUBE  shift 81
	CURRENT_P  shift 82
	CURSOR  shift 83
	CYCLE  shift 84
	DATA_P  shift 85
	DATABASE  shift 86
	DAY_P  shift 87
	DEALLOCATE  shift 88
	DEC  shift 365
	DECIMAL_P  shift 366
	DECLARE  shift 89
	DEFAULTS  shift 90
	DEFERRED  shift 91
	DEFINER  shift 92
	DELETE_P  shift 93
	DELIMITER  shift 94
	DELIMITERS  shift 95
	DEPENDS  shift 96
	DEPTH  shift 97
	DETACH  shift 98
	DICTIONARY  shift 99
	DISABLE_P  shift 100
	DISCARD  shift 101
	DOCUMENT_P  shift 102
	DOMAIN_P  shift 103
	DOUBLE_P  shift 104
	DROP  shift 105
	EACH  shift 106
	EMPTY_P  shift 107
	ENABLE_P  shift 108
	ENCODING  shift 109
	ENCRYPTED  shift 110
	ENFORCED  shift 111
	ENUM_P  shift 112
	ERROR_P  shift 113
	ESCAPE  shift 114
	EVENT  shift 115
	EXCLUDE  shift 116
	EXCLUDING  shift 117
	EXCLUSIVE  shift 118
	EXECUTE  shift 119
	EXISTS  shift 367
	EXPLAIN  shift 120
	EXPRESSION  shift 121
	EXTENSION  shift 122
	EXTERNAL  shift 123
	EXTRACT  shift 368
	FALSE_P  shift 451
	FAMILY  shift 124
	FILTER  shift 125
	FINALIZE  shift 126
	FIRST_P  shift 127
	FLOAT_P  shift 369
	FOLLOWING  shift 128
	FORCE  shift 129
	FORMAT  shift 130
	FORWARD  shift 131
	FUNCTION  shift 132
	FUNCTIONS  shift 133
	GENERATED  shift 134
	GLOBAL  shift 135
	GRANTED  shift 136
	GREATEST  shift 370
	GROUPING  shift 371
	GROUPS  shift 137
	HANDLER  shift 138
	HEADER_P  shift 139
	HOLD  shift 140
	HOUR_P  shift 141
	IDENTITY_P  shift 142
	IF_P  shift 143
	IMMEDIATE  shift 144
	IMMUTABLE  shift 145
	IMPLICIT_P  shift 146
	IMPORT_P  shift 147
	INCLUDE  shift 148
	INCLUDING  shift 149
	INCREMENT  shift 150
	INDENT  shift 151
	INDEX  shift 152
	INDEXES  shift 153
	INHERIT  shift 154
	INHERITS  shift 155
	INLINE_P  shift 156
	INOUT  shift 372
	INPUT_P  shift 157
	INSENSITIVE  shift 158
	INSERT  shift 159
	INSTEAD  shift 160
	INT_P  shift 373
	INTEGER  shift 374
	INTERVAL  shift 375
	INVOKER  shift 161
	ISOLATION  shift 162
	JSON  shift 376
	JSON_ARRAY  shift 377
	JSON_ARRAYAGG  shift 378
	JSON_EXISTS  shift 379
	JSON_OBJECT  shift 380
	JSON_OBJECTAGG  shift 381
	JSON_QUERY  shift 382
	JSON_SCALAR  shift 383
	JSON_SERIALIZE  shift 384
	JSON_TABLE  shift 385
	JSON_VALUE  shift 386
	KEEP  shift 163
	KEY  shift 164
	KEYS  shift 165
	LABEL  shift 166
	LANGUAGE  shift 167
	LARGE_P  shift 168
	LAST_P  shift 169
	LEAKPROOF  shift 170
	LEAST  shift 387
	LEVEL  shift 171
	LISTEN  shift 172
	LOAD  shift 173
	LOCAL  shift 174
	LOCATION  shift 175
	LOCK_P  shift 176
	LOCKED  shift 177
	LOGGED  shift 178
	MAPPING  shift 179
	MATCH  shift 180
	MATCHED  shift 181
	MATERIALIZED  shift 182
	MAXVALUE  shift 183
	MERGE  shift 184
	MERGE_ACTION  shift 388
	METHOD  shift 185
	MINUTE_P  shift 186
	MINVALUE  shift 187
	MODE  shift 188
	MONTH_P  shift 189
	MOVE  shift 190
	NAME_P  shift 191
	NAMES  shift 192
	NATIONAL  shift 389
	NCHAR  shift 390
	NESTED  shift 193
	NEW  shift 194
	NEXT  shift 195
	NFC  shift 196
	NFD  shift 197
	NFKC  shift 198
	NFKD  shift 199
	NO  shift 200
	NONE  shift 391
	NORMALIZE  shift 392
	NORMALIZED  shift 201
	NOT  shift 443
	NOTHING  shift 202
	NOTIFY  shift 203
	NOWAIT  shift 204
	NULL_P  shift 452
	NULLIF  shift 393
	NULLS_P  shift 205
	NUMERIC  shift 394
	OBJECT_P  shift 206
	OBJECTS_P  shift 207
	OF  shift 208
	OFF  shift 209
	OIDS  shift 210
	OLD  shift 211
	OMIT  shift 212
	OPERATOR  shift 213
	OPTION  shift 214
	OPTIONS  shift 215
	ORDINALITY  shift 216
	OTHERS  shift 217
	OUT_P  shift 395
	OVER  shift 218
	OVERLAY  shift 396
	OVERRIDING  shift 219
	OWNED  shift 220
	OWNER  shift 221
	PARALLEL  shift 222
	PARAMETER  shift 223
	PARSER  shift 224
	PARTIAL  shift 225
	PARTITION  shift 226
	PASSING  shift 227
	PASSWORD  shift 228
	PATH  shift 229
	PERIOD  shift 230
	PLAN  shift 231
	PLANS  shift 232
	POLICY  shift 233
	POSITION  shift 397
	PRECEDING  shift 234
	PRECISION  shift 398
	PREPARE  shift 235
	PREPARED  shift 236
	PRESERVE  shift 237
	PRIOR  shift 238
	PRIVILEGES  shift 239
	PROCEDURAL  shift 240
	PROCEDURE  shift 241
	PROCEDURES  shift 242
	PROGRAM  shift 243
	PUBLICATION  shift 244
	QUOTE  shift 245
	QUOTES  shift 246
	RANGE  shift 247
	READ  shift 248
	REAL  shift 399
	REASSIGN  shift 249
	RECURSIVE  shift 250
	REF_P  shift 251
	REFERENCING  shift 252
	REFRESH  shift 253
	REINDEX  shift 254
	RELATIVE_P  shift 255
	RELEASE  shift 256
	RENAME  shift 257
	REPEATABLE  shift 258
	REPLACE  shift 259
	REPLICA  shift 260
	RESET  shift 261
	RESTART  shift 262
	RESTRICT  shift 263
	RETURN  shift 264
	RETURNS  shift 265
	REVOKE  shift 266
	ROLE  shift 267
	ROLLBACK  shift 268
	ROLLUP  shift 269
	ROUTINE  shift 270
	ROUTINES  shift 271
	ROW  shift 400
	ROWS  shift 272
	RULE  shift 273
	SAVEPOINT  shift 274
	SCALAR  shift 275
	SCHEMA  shift 276
	SCHEMAS  shift 277
	SCROLL  shift 278
	SEARCH  shift 279
	SECOND_P  shift 280
	SECURITY  shift 281
	SEQUENCE  shift 282
	SEQUENCES  shift 283
	SERIALIZABLE  shift 284
	SERVER  shift 285
	SESSION  shift 286
	SET  shift 287
	SETOF  shift 401
	SETS  shift 288
	SHARE  shift 289
	SHOW  shift 290
	SIMPLE  shift 291
	SKIP  shift 292
	SMALLINT  shift 402
	SNAPSHOT  shift 293
	SOURCE  shift 294
	SQL_P  shift 295
	STABLE  shift 296
	STANDALONE_P  shift 297
	START  shift 298
	STATEMENT  shift 299
	STATISTICS  shift 300
	STDIN  shift 301
	STDOUT  shift 302
	STORAGE  shift 303
	STORED  shift 304
	STRICT_P  shift 305
	STRING_P  shift 306
	STRIP_P  shift 307
	SUBSCRIPTION  shift 308
	SUBSTRING  shift 403
	SUPPORT  shift 309
	SYSID  shift 310
	SYSTEM_P  shift 311
	TABLES  shift 312
	TABLESPACE  shift 313
	TARGET  shift 314
	TEMP  shift 315
	TEMPLATE  shift 316
	TEMPORARY  shift 317
	TEXT_P  shift 318
	TIES  shift 319
	TIME  shift 404
	TIMESTAMP  shift 405
	TRANSACTION  shift 320
	TRANSFORM  shift 321
	TREAT  shift 406
	TRIGGER  shift 322
	TRIM  shift 407
	TRUE_P  shift 450
	TRUNCATE  shift 323
	TRUSTED  shift 324
	TYPE_P  shift 325
	TYPES_P  shift 326
	UESCAPE  shift 327
	UNBOUNDED  shift 328
	UNCOMMITTED  shift 329
	UNCONDITIONAL  shift 330
	UNENCRYPTED  shift 331
	UNKNOWN  shift 332
	UNLISTEN  shift 333
	UNLOGGED  shift 334
	UNTIL  shift 335
	UPDATE  shift 336
	VACUUM  shift 337
	VALID  shift 338
	VALIDATE  shift 339
	VALIDATOR  shift 340
	VALUE_P  shift 341
	VALUES  shift 408
	VARCHAR  shift 409
	VARYING  shift 342
	VERSION_P  shift 343
	VIEW  shift 344
	VIEWS  shift 345
	VIRTUAL  shift 346
	VOLATILE  shift 347
	WHITESPACE_P  shift 348
	WITHIN  shift 349
	WITHOUT  shift 350
	WORK  shift 351
	WRAPPER  shift 352
	WRITE  shift 353
	XML_P  shift 354
	XMLATTRIBUTES  shift 410
	XMLCONCAT  shift 411
	XMLELEMENT  shift 412
	XMLEXISTS  shift 413
	XMLFOREST  shift 414
	XMLNAMESPACES  shift 415
	XMLPARSE  shift 416
	XMLPI  shift 417
	XMLROOT  shift 418
	XMLSERIALIZE  shift 419
	XMLTABLE  shift 420
	YEAR_P  shift 355
	YES_P  shift 356
	ZONE  shift 357
	IDENT  shift 25
	FCONST  shift 448
	SCONST  shift 449
	ICONST  shift 447
	PARAM  shift 453
	'+'  shift 445
	'-'  shift 444
	'('  shift 446
	.  error

	unreserved_keyword  goto 26
	col_name_keyword  goto 27
	qualified_name  goto 454
	a_expr  goto 441
	c_expr  goto 442
	expr_list  goto 440
	ColId  goto 24

state 23
	base_select:  TABLE qualified_name.opt_sort_clause opt_select_limit 
	qualified_name:  qualified_name.'.' ColId 
	opt_sort_clause: .    (29)

	ORDER  shift 20
	'.'  shift 456
	.  reduce 29 (src line 458)

	opt_sort_clause  goto 455

state 24
	qualified_name:  ColId.    (159)

	.  reduce 159 (src line 1206)


state 25
	ColId:  IDENT.    (187)

	.  reduce 187 (src line 1330)


state 26
	ColId:  unreserved_keyword.    (188)

	.  reduce 188 (src line 1335)


state 27
	ColId:  col_name_keyword.    (189)

	.  reduce 189 (src line 1339)


state 28
	unreserved_keyword:  ABORT_P.    (196)

	.  reduce 196 (src line 1374)


state 29
	unreserved_keyword:  ABSENT.    (197)

	.  reduce 197 (src line 1376)


state 30
	unreserved_keyword:  ABSOLUTE_P.    (198)

	.  reduce 198 (src line 1377)


state 31
	unreserved_keyword:  ACCESS.    (199)

	.  reduce 199 (src line 1378)


state 32
	unreserved_keyword:  ACTION.    (200)

	.  reduce 200 (src line 1379)


state 33
	unreserved_keyword:  ADD_P.    (201)

	.  reduce 201 (src line 1380)


state 34
	unreserved_keyword:  ADMIN.    (202)

	.  reduce 202 (src line 1381)


state 35
	unreserved_keyword:  AFTER.    (203)

	.  reduce 203 (src line 1382)


state 36
	unreserved_keyword:  AGGREGATE.    (204)

	.  reduce 204 (src line 1383)


state 37
	unreserved_keyword:  ALSO.    (205)

	.  reduce 205 (src line 1384)


state 38
	unreserved_keyword:  ALTER.    (206)

	.  reduce 206 (src line 1385)


state 39
	unreserved_keyword:  ALWAYS.    (207)

	.  reduce 207 (src line 1386)


state 40
	unreserved_keyword:  ASENSITIVE.    (208)

	.  reduce 208 (src line 1387)


state 41
	unreserved_keyword:  ASSERTION.    (209)

	.  reduce 209 (src line 1388)


state 42
	unreserved_keyword:  ASSIGNMENT.    (210)

	.  reduce 210 (src line 1389)


state 43
	unreserved_keyword:  AT.    (211)

	.  reduce 211 (src line 1390)


state 44
	unreserved_keyword:  ATOMIC.    (212)

	.  reduce 212 (src line 1391)


state 45
	unreserved_keyword:  ATTACH.    (213)

	.  reduce 213 (src line 1392)


state 46
	unreserved_keyword:  ATTRIBUTE.    (214)

	.  reduce 214 (src line 1393)


state 47
	unreserved_keyword:  BACKWARD.    (215)

	.  reduce 215 (src line 1394)


state 48
	unreserved_keyword:  BEFORE.    (216)

	.  reduce 216 (src line 1395)


state 49
	unreserved_keyword:  BEGIN_P.    (217)

	.  reduce 217 (src line 1396)


state 50
	unreserved_keyword:  BREADTH.    (218)

	.  reduce 218 (src line 1397)


state 51
	unreserved_keyword:  BY.    (219)

	.  reduce 219 (src line 1398)


state 52
	unreserved_keyword:  CACHE.    (220)

	.  reduce 220 (src line 1399)


state 53
	unreserved_keyword:  CALL.    (221)

	.  reduce 221 (src line 1400)


state 54
	unreserved_keyword:  CALLED.    (222)

	.  reduce 222 (src line 1401)


state 55
	unreserved_keyword:  CASCADE.    (223)

	.  reduce 223 (src line 1402)


state 56
	unreserved_keyword:  CASCADED.    (224)

	.  reduce 224 (src line 1403)


state 57
	unreserved_keyword:  CATALOG_P.    (225)

	.  reduce 225 (src line 1404)


state 58
	unreserved_keyword:  CHAIN.    (226)

	.  reduce 226 (src line 1405)


state 59
	unreserved_keyword:  CHARACTERISTICS.    (227)

	.  reduce 227 (src line 1406)


state 60
	unreserved_keyword:  CHECKPOINT.    (228)

	.  reduce 228 (src line 1407)


state 61
	unreserved_keyword:  CLASS.    (229)

	.  reduce 229 (src line 1408)


state 62
	unreserved_keyword:  CLOSE.    (230)

	.  reduce 230 (src line 1409)


state 63
	unreserved_keyword:  CLUSTER.    (231)

	.  reduce 231 (src line 1410)


state 64
	unreserved_keyword:  COLUMNS.    (232)

	.  reduce 232 (src line 1411)


state 65
	unreserved_keyword:  COMMENT.    (233)

	.  reduce 233 (src line 1412)


state 66
	unreserved_keyword:  COMMENTS.    (234)

	.  reduce 234 (src line 1413)


state 67
	unreserved_keyword:  COMMIT.    (235)

	.  reduce 235 (src line 1414)


state 68
	unreserved_keyword:  COMMITTED.    (236)

	.  reduce 236 (src line 1415)


state 69
	unreserved_keyword:  COMPRESSION.    (237)

	.  reduce 237 (src line 1416)


state 70
	unreserved_keyword:  CONDITIONAL.    (238)

	.  reduce 238 (src line 1417)


state 71
	unreserved_keyword:  CONFIGURATION.    (239)

	.  reduce 239 (src line 1418)


state 72
	unreserved_keyword:  CONFLICT.    (240)

	.  reduce 240 (src line 1419)


state 73
	unreserved_keyword:  CONNECTION.    (241)

	.  reduce 241 (src line 1420)


state 74
	unreserved_keyword:  CONSTRAINTS.    (242)

	.  reduce 242 (src line 1421)


state 75
	unreserved_keyword:  CONTENT_P.    (243)

	.  reduce 243 (src line 1422)


state 76
	unreserved_keyword:  CONTINUE_P.    (244)

	.  reduce 244 (src line 1423)


state 77
	unreserved_keyword:  CONVERSION_P.    (245)

	.  reduce 245 (src line 1424)


state 78
	unreserved_keyword:  COPY.    (246)

	.  reduce 246 (src line 1425)


state 79
	unreserved_keyword:  COST.    (247)

	.  reduce 247 (src line 1426)


state 80
	unreserved_keyword:  CSV.    (248)

	.  reduce 248 (src line 1427)


state 81
	unreserved_keyword:  CUBE.    (249)

	.  reduce 249 (src line 1428)


state 82
	unreserved_keyword:  CURRENT_P.    (250)

	.  reduce 250 (src line 1429)


state 83
	unreserved_keyword:  CURSOR.    (251)

	.  reduce 251 (src line 1430)


state 84
	unreserved_keyword:  CYCLE.    (252)

	.  reduce 252 (src line 1431)


state 85
	unreserved_keyword:  DATA_P.    (253)

	.  reduce 253 (src line 1432)


state 86
	unreserved_keyword:  DATABASE.    (254)

	.  reduce 254 (src line 1433)


state 87
	unreserved_keyword:  DAY_P.    (255)

	.  reduce 255 (src line 1434)


state 88
	unreserved_keyword:  DEALLOCATE.    (256)

	.  reduce 256 (src line 1435)


state 89
	unreserved_keyword:  DECLARE.    (257)

	.  reduce 257 (src line 1436)


state 90
	unreserved_keyword:  DEFAULTS.    (258)

	.  reduce 258 (src line 1437)


state 91
	unreserved_keyword:  DEFERRED.    (259)

	.  reduce 259 (src line 1438)


state 92
	unreserved_keyword:  DEFINER.    (260)

	.  reduce 260 (src line 1439)


state 93
	unreserved_keyword:  DELETE_P.    (261)

	.  reduce 261 (src line 1440)


state 94
	unreserved_keyword:  DELIMITER.    (262)

	.  reduce 262 (src line 1441)


state 95
	unreserved_keyword:  DELIMITERS.    (263)

	.  reduce 263 (src line 1442)


state 96
	unreserved_keyword:  DEPENDS.    (264)

	.  reduce 264 (src line 1443)


state 97
	unreserved_keyword:  DEPTH.    (265)

	.  reduce 265 (src line 1444)


state 98
	unreserved_keyword:  DETACH.    (266)

	.  reduce 266 (src line 1445)


state 99
	unreserved_keyword:  DICTIONARY.    (267)

	.  reduce 267 (src line 1446)


state 100
	unreserved_keyword:  DISABLE_P.    (268)

	.  reduce 268 (src line 1447)


state 101
	unreserved_keyword:  DISCARD.    (269)

	.  reduce 269 (src line 1448)


state 102
	unreserved_keyword:  DOCUMENT_P.    (270)

	.  reduce 270 (src line 1449)


state 103
	unreserved_keyword:  DOMAIN_P.    (271)

	.  reduce 271 (src line 1450)


state 104
	unreserved_keyword:  DOUBLE_P.    (272)

	.  reduce 272 (src line 1451)


state 105
	unreserved_keyword:  DROP.    (273)

	.  reduce 273 (src line 1452)


state 106
	unreserved_keyword:  EACH.    (274)

	.  reduce 274 (src line 1453)


state 107
	unreserved_keyword:  EMPTY_P.    (275)

	.  reduce 275 (src line 1454)


state 108
	unreserved_keyword:  ENABLE_P.    (276)

	.  reduce 276 (src line 1455)


state 109
	unreserved_keyword:  ENCODING.    (277)

	.  reduce 277 (src line 1456)


state 110
	unreserved_keyword:  ENCRYPTED.    (278)

	.  reduce 278 (src line 1457)


state 111
	unreserved_keyword:  ENFORCED.    (279)

	.  reduce 279 (src line 1458)


state 112
	unreserved_keyword:  ENUM_P.    (280)

	.  reduce 280 (src line 1459)


state 113
	unreserved_keyword:  ERROR_P.    (281)

	.  reduce 281 (src line 1460)


state 114
	unreserved_keyword:  ESCAPE.    (282)

	.  reduce 282 (src line 1461)


state 115
	unreserved_keyword:  EVENT.    (283)

	.  reduce 283 (src line 1462)


state 116
	unreserved_keyword:  EXCLUDE.    (284)

	.  reduce 284 (src line 1463)


state 117
	unreserved_keyword:  EXCLUDING.    (285)

	.  reduce 285 (src line 1464)


state 118
	unreserved_keyword:  EXCLUSIVE.    (286)

	.  reduce 286 (src line 1465)


state 119
	unreserved_keyword:  EXECUTE.    (287)

	.  reduce 287 (src line 1466)


state 120
	unreserved_keyword:  EXPLAIN.    (288)

	.  reduce 288 (src line 1467)


state 121
	unreserved_keyword:  EXPRESSION.    (289)

	.  reduce 289 (src line 1468)


state 122
	unreserved_keyword:  EXTENSION.    (290)

	.  reduce 290 (src line 1469)


state 123
	unreserved_keyword:  EXTERNAL.    (291)

	.  reduce 291 (src line 1470)


state 124
	unreserved_keyword:  FAMILY.    (292)

	.  reduce 292 (src line 1471)


state 125
	unreserved_keyword:  FILTER.    (293)

	.  reduce 293 (src line 1472)


state 126
	unreserved_keyword:  FINALIZE.    (294)

	.  reduce 294 (src line 1473)


state 127
	unreserved_keyword:  FIRST_P.    (295)

	.  reduce 295 (src line 1474)


state 128
	unreserved_keyword:  FOLLOWING.    (296)

	.  reduce 296 (src line 1475)


state 129
	unreserved_keyword:  FORCE.    (297)

	.  reduce 297 (src line 1476)


state 130
	unreserved_keyword:  FORMAT.    (298)

	.  reduce 298 (src line 1477)


state 131
	unreserved_keyword:  FORWARD.    (299)

	.  reduce 299 (src line 1478)


state 132
	unreserved_keyword:  FUNCTION.    (300)

	.  reduce 300 (src line 1479)


state 133
	unreserved_keyword:  FUNCTIONS.    (301)

	.  reduce 301 (src line 1480)


state 134
	unreserved_keyword:  GENERATED.    (302)

	.  reduce 302 (src line 1481)


state 135
	unreserved_keyword:  GLOBAL.    (303)

	.  reduce 303 (src line 1482)


state 136
	unreserved_keyword:  GRANTED.    (304)

	.  reduce 304 (src line 1483)


state 137
	unreserved_keyword:  GROUPS.    (305)

	.  reduce 305 (src line 1484)


state 138
	unreserved_keyword:  HANDLER.    (306)

	.  reduce 306 (src line 1485)


state 139
	unreserved_keyword:  HEADER_P.    (307)

	.  reduce 307 (src line 1486)


state 140
	unreserved_keyword:  HOLD.    (308)

	.  reduce 308 (src line 1487)


state 141
	unreserved_keyword:  HOUR_P.    (309)

	.  reduce 309 (src line 1488)


state 142
	unreserved_keyword:  IDENTITY_P.    (310)

	.  reduce 310 (src line 1489)


state 143
	unreserved_keyword:  IF_P.    (311)

	.  reduce 311 (src line 1490)


state 144
	unreserved_keyword:  IMMEDIATE.    (312)

	.  reduce 312 (src line 1491)


state 145
	unreserved_keyword:  IMMUTABLE.    (313)

	.  reduce 313 (src line 1492)


state 146
	unreserved_keyword:  IMPLICIT_P.    (314)

	.  reduce 314 (src line 1493)


state 147
	unreserved_keyword:  IMPORT_P.    (315)

	.  reduce 315 (src line 1494)


state 148
	unreserved_keyword:  INCLUDE.    (316)

	.  reduce 316 (src line 1495)


state 149
	unreserved_keyword:  INCLUDING.    (317)

	.  reduce 317 (src line 1496)


state 150
	unreserved_keyword:  INCREMENT.    (318)

	.  reduce 318 (src line 1497)


state 151
	unreserved_keyword:  INDENT.    (319)

	.  reduce 319 (src line 1498)


state 152
	unreserved_keyword:  INDEX.    (320)

	.  reduce 320 (src line 1499)


state 153
	unreserved_keyword:  INDEXES.    (321)

	.  reduce 321 (src line 1500)


state 154
	unreserved_keyword:  INHERIT.    (322)

	.  reduce 322 (src line 1501)


state 155
	unreserved_keyword:  INHERITS.    (323)

	.  reduce 323 (src line 1502)


state 156
	unreserved_keyword:  INLINE_P.    (324)

	.  reduce 324 (src line 1503)


state 157
	unreserved_keyword:  INPUT_P.    (325)

	.  reduce 325 (src line 1504)


state 158
	unreserved_keyword:  INSENSITIVE.    (326)

	.  reduce 326 (src line 1505)


state 159
	unreserved_keyword:  INSERT.    (327)

	.  reduce 327 (src line 1506)


state 160
	unreserved_keyword:  INSTEAD.    (328)

	.  reduce 328 (src line 1507)


state 161
	unreserved_keyword:  INVOKER.    (329)

	.  reduce 329 (src line 1508)


state 162
	unreserved_keyword:  ISOLATION.    (330)

	.  reduce 330 (src line 1509)


state 163
	unreserved_keyword:  KEEP.    (331)

	.  reduce 331 (src line 1510)


state 164
	unreserved_keyword:  KEY.    (332)

	.  reduce 332 (src line 1511)


state 165
	unreserved_keyword:  KEYS.    (333)

	.  reduce 333 (src line 1512)


state 166
	unreserved_keyword:  LABEL.    (334)

	.  reduce 334 (src line 1513)


state 167
	unreserved_keyword:  LANGUAGE.    (335)

	.  reduce 335 (src line 1514)


state 168
	unreserved_keyword:  LARGE_P.    (336)

	.  reduce 336 (src line 1515)


state 169
	unreserved_keyword:  LAST_P.    (337)

	.  reduce 337 (src line 1516)


state 170
	unreserved_keyword:  LEAKPROOF.    (338)

	.  reduce 338 (src line 1517)


state 171
	unreserved_keyword:  LEVEL.    (339)

	.  reduce 339 (src line 1518)


state 172
	unreserved_keyword:  LISTEN.    (340)

	.  reduce 340 (src line 1519)


state 173
	unreserved_keyword:  LOAD.    (341)

	.  reduce 341 (src line 1520)


state 174
	unreserved_keyword:  LOCAL.    (342)

	.  reduce 342 (src line 1521)


state 175
	unreserved_keyword:  LOCATION.    (343)

	.  reduce 343 (src line 1522)


state 176
	unreserved_keyword:  LOCK_P.    (344)

	.  reduce 344 (src line 1523)


state 177
	unreserved_keyword:  LOCKED.    (345)

	.  reduce 345 (src line 1524)


state 178
	unreserved_keyword:  LOGGED.    (346)

	.  reduce 346 (src line 1525)


state 179
	unreserved_keyword:  MAPPING.    (347)

	.  reduce 347 (src line 1526)


state 180
	unreserved_keyword:  MATCH.    (348)

	.  reduce 348 (src line 1527)


state 181
	unreserved_keyword:  MATCHED.    (349)

	.  reduce 349 (src line 1528)


state 182
	unreserved_keyword:  MATERIALIZED.    (350)

	.  reduce 350 (src line 1529)


state 183
	unreserved_keyword:  MAXVALUE.    (351)

	.  reduce 351 (src line 1530)


state 184
	unreserved_keyword:  MERGE.    (352)

	.  reduce 352 (src line 1531)


state 185
	unreserved_keyword:  METHOD.    (353)

	.  reduce 353 (src line 1532)


state 186
	unreserved_keyword:  MINUTE_P.    (354)

	.  reduce 354 (src line 1533)


state 187
	unreserved_keyword:  MINVALUE.    (355)

	.  reduce 355 (src line 1534)


state 188
	unreserved_keyword:  MODE.    (356)

	.  reduce 356 (src line 1535)


state 189
	unreserved_keyword:  MONTH_P.    (357)

	.  reduce 357 (src line 1536)


state 190
	unreserved_keyword:  MOVE.    (358)

	.  reduce 358 (src line 1537)


state 191
	unreserved_keyword:  NAME_P.    (359)

	.  reduce 359 (src line 1538)


state 192
	unreserved_keyword:  NAMES.    (360)

	.  reduce 360 (src line 1539)


state 193
	unreserved_keyword:  NESTED.    (361)

	.  reduce 361 (src line 1540)


state 194
	unreserved_keyword:  NEW.    (362)

	.  reduce 362 (src line 1541)


state 195
	unreserved_keyword:  NEXT.    (363)

	.  reduce 363 (src line 1542)


state 196
	unreserved_keyword:  NFC.    (364)

	.  reduce 364 (src line 1543)


state 197
	unreserved_keyword:  NFD.    (365)

	.  reduce 365 (src line 1544)


state 198
	unreserved_keyword:  NFKC.    (366)

	.  reduce 366 (src line 1545)


state 199
	unreserved_keyword:  NFKD.    (367)

	.  reduce 367 (src line 1546)


state 200
	unreserved_keyword:  NO.    (368)

	.  reduce 368 (src line 1547)


state 201
	unreserved_keyword:  NORMALIZED.    (369)

	.  reduce 369 (src line 1548)


state 202
	unreserved_keyword:  NOTHING.    (370)

	.  reduce 370 (src line 1549)


state 203
	unreserved_keyword:  NOTIFY.    (371)

	.  reduce 371 (src line 1550)


state 204
	unreserved_keyword:  NOWAIT.    (372)

	.  reduce 372 (src line 1551)


state 205
	unreserved_keyword:  NULLS_P.    (373)

	.  reduce 373 (src line 1552)


state 206
	unreserved_keyword:  OBJECT_P.    (374)

	.  reduce 374 (src line 1553)


state 207
	unreserved_keyword:  OBJECTS_P.    (375)

	.  reduce 375 (src line 1554)


state 208
	unreserved_keyword:  OF.    (376)

	.  reduce 376 (src line 1555)


state 209
	unreserved_keyword:  OFF.    (377)

	.  reduce 377 (src line 1556)


state 210
	unreserved_keyword:  OIDS.    (378)

	.  reduce 378 (src line 1557)


state 211
	unreserved_keyword:  OLD.    (379)

	.  reduce 379 (src line 1558)


state 212
	unreserved_keyword:  OMIT.    (380)

	.  reduce 380 (src line 1559)


state 213
	unreserved_keyword:  OPERATOR.    (381)

	.  reduce 381 (src line 1560)


state 214
	unreserved_keyword:  OPTION.    (382)

	.  reduce 382 (src line 1561)


state 215
	unreserved_keyword:  OPTIONS.    (383)

	.  reduce 383 (src line 1562)


state 216
	unreserved_keyword:  ORDINALITY.    (384)

	.  reduce 384 (src line 1563)


state 217
	unreserved_keyword:  OTHERS.    (385)

	.  reduce 385 (src line 1564)


state 218
	unreserved_keyword:  OVER.    (386)

	.  reduce 386 (src line 1565)


state 219
	unreserved_keyword:  OVERRIDING.    (387)

	.  reduce 387 (src line 1566)


state 220
	unreserved_keyword:  OWNED.    (388)

	.  reduce 388 (src line 1567)


state 221
	unreserved_keyword:  OWNER.    (389)

	.  reduce 389 (src line 1568)


state 222
	unreserved_keyword:  PARALLEL.    (390)

	.  reduce 390 (src line 1569)


state 223
	unreserved_keyword:  PARAMETER.    (391)

	.  reduce 391 (src line 1570)


state 224
	unreserved_keyword:  PARSER.    (392)

	.  reduce 392 (src line 1571)


state 225
	unreserved_keyword:  PARTIAL.    (393)

	.  reduce 393 (src line 1572)


state 226
	unreserved_keyword:  PARTITION.    (394)

	.  reduce 394 (src line 1573)


state 227
	unreserved_keyword:  PASSING.    (395)

	.  reduce 395 (src line 1574)


state 228
	unreserved_keyword:  PASSWORD.    (396)

	.  reduce 396 (src line 1575)


state 229
	unreserved_keyword:  PATH.    (397)

	.  reduce 397 (src line 1576)


state 230
	unreserved_keyword:  PERIOD.    (398)

	.  reduce 398 (src line 1577)


state 231
	unreserved_keyword:  PLAN.    (399)

	.  reduce 399 (src line 1578)


state 232
	unreserved_keyword:  PLANS.    (400)

	.  reduce 400 (src line 1579)


state 233
	unreserved_keyword:  POLICY.    (401)

	.  reduce 401 (src line 1580)


state 234
	unreserved_keyword:  PRECEDING.    (402)

	.  reduce 402 (src line 1581)


state 235
	unreserved_keyword:  PREPARE.    (403)

	.  reduce 403 (src line 1582)


state 236
	unreserved_keyword:  PREPARED.    (404)

	.  reduce 404 (src line 1583)


state 237
	unreserved_keyword:  PRESERVE.    (405)

	.  reduce 405 (src line 1584)


state 238
	unreserved_keyword:  PRIOR.    (406)

	.  reduce 406 (src line 1585)


state 239
	unreserved_keyword:  PRIVILEGES.    (407)

	.  reduce 407 (src line 1586)


state 240
	unreserved_keyword:  PROCEDURAL.    (408)

	.  reduce 408 (src line 1587)


state 241
	unreserved_keyword:  PROCEDURE.    (409)

	.  reduce 409 (src line 1588)


state 242
	unreserved_keyword:  PROCEDURES.    (410)

	.  reduce 410 (src line 1589)


state 243
	unreserved_keyword:  PROGRAM.    (411)

	.  reduce 411 (src line 1590)


state 244
	unreserved_keyword:  PUBLICATION.    (412)

	.  reduce 412 (src line 1591)


state 245
	unreserved_keyword:  QUOTE.    (413)

	.  reduce 413 (src line 1592)


state 246
	unreserved_keyword:  QUOTES.    (414)

	.  reduce 414 (src line 1593)


state 247
	unreserved_keyword:  RANGE.    (415)

	.  reduce 415 (src line 1594)


state 248
	unreserved_keyword:  READ.    (416)

	.  reduce 416 (src line 1595)


state 249
	unreserved_keyword:  REASSIGN.    (417)

	.  reduce 417 (src line 1596)


state 250
	unreserved_keyword:  RECURSIVE.    (418)

	.  reduce 418 (src line 1597)


state 251
	unreserved_keyword:  REF_P.    (419)

	.  reduce 419 (src line 1598)


state 252
	unreserved_keyword:  REFERENCING.    (420)

	.  reduce 420 (src line 1599)


state 253
	unreserved_keyword:  REFRESH.    (421)

	.  reduce 421 (src line 1600)


state 254
	unreserved_keyword:  REINDEX.    (422)

	.  reduce 422 (src line 1601)


state 255
	unreserved_keyword:  RELATIVE_P.    (423)

	.  reduce 423 (src line 1602)


state 256
	unreserved_keyword:  RELEASE.    (424)

	.  reduce 424 (src line 1603)


state 257
	unreserved_keyword:  RENAME.    (425)

	.  reduce 425 (src line 1604)


state 258
	unreserved_keyword:  REPEATABLE.    (426)

	.  reduce 426 (src line 1605)


state 259
	unreserved_keyword:  REPLACE.    (427)

	.  reduce 427 (src line 1606)


state 260
	unreserved_keyword:  REPLICA.    (428)

	.  reduce 428 (src line 1607)


state 261
	unreserved_keyword:  RESET.    (429)

	.  reduce 429 (src line 1608)


state 262
	unreserved_keyword:  RESTART.    (430)

	.  reduce 430 (src line 1609)


state 263
	unreserved_keyword:  RESTRICT.    (431)

	.  reduce 431 (src line 1610)


state 264
	unreserved_keyword:  RETURN.    (432)

	.  reduce 432 (src line 1611)


state 265
	unreserved_keyword:  RETURNS.    (433)

	.  reduce 433 (src line 1612)


state 266
	unreserved_keyword:  REVOKE.    (434)

	.  reduce 434 (src line 1613)


state 267
	unreserved_keyword:  ROLE.    (435)

	.  reduce 435 (src line 1614)


state 268
	unreserved_keyword:  ROLLBACK.    (436)

	.  reduce 436 (src line 1615)


state 269
	unreserved_keyword:  ROLLUP.    (437)

	.  reduce 437 (src line 1616)


state 270
	unreserved_keyword:  ROUTINE.    (438)

	.  reduce 438 (src line 1617)


state 271
	unreserved_keyword:  ROUTINES.    (439)

	.  reduce 439 (src line 1618)


state 272
	unreserved_keyword:  ROWS.    (440)

	.  reduce 440 (src line 1619)


state 273
	unreserved_keyword:  RULE.    (441)

	.  reduce 441 (src line 1620)


state 274
	unreserved_keyword:  SAVEPOINT.    (442)

	.  reduce 442 (src line 1621)


state 275
	unreserved_keyword:  SCALAR.    (443)

	.  reduce 443 (src line 1622)


state 276
	unreserved_keyword:  SCHEMA.    (444)

	.  reduce 444 (src line 1623)


state 277
	unreserved_keyword:  SCHEMAS.    (445)

	.  reduce 445 (src line 1624)


state 278
	unreserved_keyword:  SCROLL.    (446)

	.  reduce 446 (src line 1625)


state 279
	unreserved_keyword:  SEARCH.    (447)

	.  reduce 447 (src line 1626)


state 280
	unreserved_keyword:  SECOND_P.    (448)

	.  reduce 448 (src line 1627)


state 281
	unreserved_keyword:  SECURITY.    (449)

	.  reduce 449 (src line 1628)


state 282
	unreserved_keyword:  SEQUENCE.    (450)

	.  reduce 450 (src line 1629)


state 283
	unreserved_keyword:  SEQUENCES.    (451)

	.  reduce 451 (src line 1630)


state 284
	unreserved_keyword:  SERIALIZABLE.    (452)

	.  reduce 452 (src line 1631)


state 285
	unreserved_keyword:  SERVER.    (453)

	.  reduce 453 (src line 1632)


state 286
	unreserved_keyword:  SESSION.    (454)

	.  reduce 454 (src line 1633)


state 287
	unreserved_keyword:  SET.    (455)

	.  reduce 455 (src line 1634)


state 288
	unreserved_keyword:  SETS.    (456)

	.  reduce 456 (src line 1635)


state 289
	unreserved_keyword:  SHARE.    (457)

	.  reduce 457 (src line 1636)


state 290
	unreserved_keyword:  SHOW.    (458)

	.  reduce 458 (src line 1637)


state 291
	unreserved_keyword:  SIMPLE.    (459)

	.  reduce 459 (src line 1638)


state 292
	unreserved_keyword:  SKIP.    (460)

	.  reduce 460 (src line 1639)


state 293
	unreserved_keyword:  SNAPSHOT.    (461)

	.  reduce 461 (src line 1640)


state 294
	unreserved_keyword:  SOURCE.    (462)

	.  reduce 462 (src line 1641)


state 295
	unreserved_keyword:  SQL_P.    (463)

	.  reduce 463 (src line 1642)


state 296
	unreserved_keyword:  STABLE.    (464)

	.  reduce 464 (src line 1643)


state 297
	unreserved_keyword:  STANDALONE_P.    (465)

	.  reduce 465 (src line 1644)


state 298
	unreserved_keyword:  START.    (466)

	.  reduce 466 (src line 1645)


state 299
	unreserved_keyword:  STATEMENT.    (467)

	.  reduce 467 (src line 1646)


state 300
	unreserved_keyword:  STATISTICS.    (468)

	.  reduce 468 (src line 1647)


state 301
	unreserved_keyword:  STDIN.    (469)

	.  reduce 469 (src line 1648)


state 302
	unreserved_keyword:  STDOUT.    (470)

	.  reduce 470 (src line 1649)


state 303
	unreserved_keyword:  STORAGE.    (471)

	.  reduce 471 (src line 1650)


state 304
	unreserved_keyword:  STORED.    (472)

	.  reduce 472 (src line 1651)


state 305
	unreserved_keyword:  STRICT_P.    (473)

	.  reduce 473 (src line 1652)


state 306
	unreserved_keyword:  STRING_P.    (474)

	.  reduce 474 (src line 1653)


state 307
	unreserved_keyword:  STRIP_P.    (475)

	.  reduce 475 (src line 1654)


state 308
	unreserved_keyword:  SUBSCRIPTION.    (476)

	.  reduce 476 (src line 1655)


state 309
	unreserved_keyword:  SUPPORT.    (477)

	.  reduce 477 (src line 1656)


state 310
	unreserved_keyword:  SYSID.    (478)

	.  reduce 478 (src line 1657)


state 311
	unreserved_keyword:  SYSTEM_P.    (479)

	.  reduce 479 (src line 1658)


state 312
	unreserved_keyword:  TABLES.    (480)

	.  reduce 480 (src line 1659)


state 313
	unreserved_keyword:  TABLESPACE.    (481)

	.  reduce 481 (src line 1660)


state 314
	unreserved_keyword:  TARGET.    (482)

	.  reduce 482 (src line 1661)


state 315
	unreserved_keyword:  TEMP.    (483)

	.  reduce 483 (src line 1662)


state 316
	unreserved_keyword:  TEMPLATE.    (484)

	.  reduce 484 (src line 1663)


state 317
	unreserved_keyword:  TEMPORARY.    (485)

	.  reduce 485 (src line 1664)


state 318
	unreserved_keyword:  TEXT_P.    (486)

	.  reduce 486 (src line 1665)


state 319
	unreserved_keyword:  TIES.    (487)

	.  reduce 487 (src line 1666)


state 320
	unreserved_keyword:  TRANSACTION.    (488)

	.  reduce 488 (src line 1667)


state 321
	unreserved_keyword:  TRANSFORM.    (489)

	.  reduce 489 (src line 1668)


state 322
	unreserved_keyword:  TRIGGER.    (490)

	.  reduce 490 (src line 1669)


state 323
	unreserved_keyword:  TRUNCATE.    (491)

	.  reduce 491 (src line 1670)


state 324
	unreserved_keyword:  TRUSTED.    (492)

	.  reduce 492 (src line 1671)


state 325
	unreserved_keyword:  TYPE_P.    (493)

	.  reduce 493 (src line 1672)


state 326
	unreserved_keyword:  TYPES_P.    (494)

	.  reduce 494 (src line 1673)


state 327
	unreserved_keyword:  UESCAPE.    (495)

	.  reduce 495 (src line 1674)


state 328
	unreserved_keyword:  UNBOUNDED.    (496)

	.  reduce 496 (src line 1675)


state 329
	unreserved_keyword:  UNCOMMITTED.    (497)

	.  reduce 497 (src line 1676)


state 330
	unreserved_keyword:  UNCONDITIONAL.    (498)

	.  reduce 498 (src line 1677)


state 331
	unreserved_keyword:  UNENCRYPTED.    (499)

	.  reduce 499 (src line 1678)


state 332
	unreserved_keyword:  UNKNOWN.    (500)

	.  reduce 500 (src line 1679)


state 333
	unreserved_keyword:  UNLISTEN.    (501)

	.  reduce 501 (src line 1680)


state 334
	unreserved_keyword:  UNLOGGED.    (502)

	.  reduce 502 (src line 1681)


state 335
	unreserved_keyword:  UNTIL.    (503)

	.  reduce 503 (src line 1682)


state 336
	unreserved_keyword:  UPDATE.    (504)

	.  reduce 504 (src line 1683)


state 337
	unreserved_keyword:  VACUUM.    (505)

	.  reduce 505 (src line 1684)


state 338
	unreserved_keyword:  VALID.    (506)

	.  reduce 506 (src line 1685)


state 339
	unreserved_keyword:  VALIDATE.    (507)

	.  reduce 507 (src line 1686)


state 340
	unreserved_keyword:  VALIDATOR.    (508)

	.  reduce 508 (src line 1687)


state 341
	unreserved_keyword:  VALUE_P.    (509)

	.  reduce 509 (src line 1688)


state 342
	unreserved_keyword:  VARYING.    (510)

	.  reduce 510 (src line 1689)


state 343
	unreserved_keyword:  VERSION_P.    (511)

	.  reduce 511 (src line 1690)


state 344
	unreserved_keyword:  VIEW.    (512)

	.  reduce 512 (src line 1691)


state 345
	unreserved_keyword:  VIEWS.    (513)

	.  reduce 513 (src line 1692)


state 346
	unreserved_keyword:  VIRTUAL.    (514)

	.  reduce 514 (src line 1693)


state 347
	unreserved_keyword:  VOLATILE.    (515)

	.  reduce 515 (src line 1694)


state 348
	unreserved_keyword:  WHITESPACE_P.    (516)

	.  reduce 516 (src line 1695)


state 349
	unreserved_keyword:  WITHIN.    (517)

	.  reduce 517 (src line 1696)


state 350
	unreserved_keyword:  WITHOUT.    (518)

	.  reduce 518 (src line 1697)


state 351
	unreserved_keyword:  WORK.    (519)

	.  reduce 519 (src line 1698)


state 352
	unreserved_keyword:  WRAPPER.    (520)

	.  reduce 520 (src line 1699)


state 353
	unreserved_keyword:  WRITE.    (521)

	.  reduce 521 (src line 1700)


state 354
	unreserved_keyword:  XML_P.    (522)

	.  reduce 522 (src line 1701)


state 355
	unreserved_keyword:  YEAR_P.    (523)

	.  reduce 523 (src line 1702)


state 356
	unreserved_keyword:  YES_P.    (524)

	.  reduce 524 (src line 1703)


state 357
	unreserved_keyword:  ZONE.    (525)

	.  reduce 525 (src line 1704)


state 358
	col_name_keyword:  BETWEEN.    (526)

	.  reduce 526 (src line 1707)


state 359
	col_name_keyword:  BIGINT.    (527)

	.  reduce 527 (src line 1709)


state 360
	col_name_keyword:  BIT.    (528)

	.  reduce 528 (src line 1710)


state 361
	col_name_keyword:  BOOLEAN_P.    (529)

	.  reduce 529 (src line 1711)


state 362
	col_name_keyword:  CHAR_P.    (530)

	.  reduce 530 (src line 1712)


state 363
	col_name_keyword:  CHARACTER.    (531)

	.  reduce 531 (src line 1713)


state 364
	col_name_keyword:  COALESCE.    (532)

	.  reduce 532 (src line 1714)


state 365
	col_name_keyword:  DEC.    (533)

	.  reduce 533 (src line 1715)


state 366
	col_name_keyword:  DECIMAL_P.    (534)

	.  reduce 534 (src line 1716)


state 367
	col_name_keyword:  EXISTS.    (535)

	.  reduce 535 (src line 1717)


state 368
	col_name_keyword:  EXTRACT.    (536)

	.  reduce 536 (src line 1718)


state 369
	col_name_keyword:  FLOAT_P.    (537)

	.  reduce 537 (src line 1719)


state 370
	col_name_keyword:  GREATEST.    (538)

	.  reduce 538 (src line 1720)


state 371
	col_name_keyword:  GROUPING.    (539)

	.  reduce 539 (src line 1721)


state 372
	col_name_keyword:  INOUT.    (540)

	.  reduce 540 (src line 1722)


state 373
	col_name_keyword:  INT_P.    (541)

	.  reduce 541 (src line 1723)


state 374
	col_name_keyword:  INTEGER.    (542)

	.  reduce 542 (src line 1724)


state 375
	col_name_keyword:  INTERVAL.    (543)

	.  reduce 543 (src line 1725)


state 376
	col_name_keyword:  JSON.    (544)

	.  reduce 544 (src line 1726)


state 377
	col_name_keyword:  JSON_ARRAY.    (545)

	.  reduce 545 (src line 1727)


state 378
	col_name_keyword:  JSON_ARRAYAGG.    (546)

	.  reduce 546 (src line 1728)


state 379
	col_name_keyword:  JSON_EXISTS.    (547)

	.  reduce 547 (src line 1729)


state 380
	col_name_keyword:  JSON_OBJECT.    (548)

	.  reduce 548 (src line 1730)


state 381
	col_name_keyword:  JSON_OBJECTAGG.    (549)

	.  reduce 549 (src line 1731)


state 382
	col_name_keyword:  JSON_QUERY.    (550)

	.  reduce 550 (src line 1732)


state 383
	col_name_keyword:  JSON_SCALAR.    (551)

	.  reduce 551 (src line 1733)


state 384
	col_name_keyword:  JSON_SERIALIZE.    (552)

	.  reduce 552 (src line 1734)


state 385
	col_name_keyword:  JSON_TABLE.    (553)

	.  reduce 553 (src line 1735)


state 386
	col_name_keyword:  JSON_VALUE.    (554)

	.  reduce 554 (src line 1736)


state 387
	col_name_keyword:  LEAST.    (555)

	.  reduce 555 (src line 1737)


state 388
	col_name_keyword:  MERGE_ACTION.    (556)

	.  reduce 556 (src line 1738)


state 389
	col_name_keyword:  NATIONAL.    (557)

	.  reduce 557 (src line 1739)


state 390
	col_name_keyword:  NCHAR.    (558)

	.  reduce 558 (src line 1740)


state 391
	col_name_keyword:  NONE.    (559)

	.  reduce 559 (src line 1741)


state 392
	col_name_keyword:  NORMALIZE.    (560)

	.  reduce 560 (src line 1742)


state 393
	col_name_keyword:  NULLIF.    (561)

	.  reduce 561 (src line 1743)


state 394
	col_name_keyword:  NUMERIC.    (562)

	.  reduce 562 (src line 1744)


state 395
	col_name_keyword:  OUT_P.    (563)

	.  reduce 563 (src line 1745)


state 396
	col_name_keyword:  OVERLAY.    (564)

	.  reduce 564 (src line 1746)


state 397
	col_name_keyword:  POSITION.    (565)

	.  reduce 565 (src line 1747)


state 398
	col_name_keyword:  PRECISION.    (566)

	.  reduce 566 (src line 1748)


state 399
	col_name_keyword:  REAL.    (567)

	.  reduce 567 (src line 1749)


state 400
	col_name_keyword:  ROW.    (568)

	.  reduce 568 (src line 1750)


state 401
	col_name_keyword:  SETOF.    (569)

	.  reduce 569 (src line 1751)


state 402
	col_name_keyword:  SMALLINT.    (570)

	.  reduce 570 (src line 1752)


state 403
	col_name_keyword:  SUBSTRING.    (571)

	.  reduce 571 (src line 1753)


state 404
	col_name_keyword:  TIME.    (572)

	.  reduce 572 (src line 1754)


state 405
	col_name_keyword:  TIMESTAMP.    (573)

	.  reduce 573 (src line 1755)


state 406
	col_name_keyword:  TREAT.    (574)

	.  reduce 574 (src line 1756)


state 407
	col_name_keyword:  TRIM.    (575)

	.  reduce 575 (src line 1757)


state 408
	col_name_keyword:  VALUES.    (576)

	.  reduce 576 (src line 1758)


state 409
	col_name_keyword:  VARCHAR.    (577)

	.  reduce 577 (src line 1759)


state 410
	col_name_keyword:  XMLATTRIBUTES.    (578)

	.  reduce 578 (src line 1760)


state 411
	col_name_keyword:  XMLCONCAT.    (579)

	.  reduce 579 (src line 1761)


state 412
	col_name_keyword:  XMLELEMENT.    (580)

	.  reduce 580 (src line 1762)


state 413
	col_name_keyword:  XMLEXISTS.    (581)

	.  reduce 581 (src line 1763)


state 414
	col_name_keyword:  XMLFOREST.    (582)

	.  reduce 582 (src line 1764)


state 415
	col_name_keyword:  XMLNAMESPACES.    (583)

	.  reduce 583 (src line 1765)


state 416
	col_name_keyword:  XMLPARSE.    (584)

	.  reduce 584 (src line 1766)


state 417
	col_name_keyword:  XMLPI.    (585)

	.  reduce 585 (src line 1767)


state 418
	col_name_keyword:  XMLROOT.    (586)

	.  reduce 586 (src line 1768)


state 419
	col_name_keyword:  XMLSERIALIZE.    (587)

	.  reduce 587 (src line 1769)


state 420
	col_name_keyword:  XMLTABLE.    (588)

	.  reduce 588 (src line 1770)


state 421
	with_clause:  WITH opt_recursive.cte_list 

	ABORT_P  shift 28
	ABSENT  shift 29
	ABSOLUTE_P  shift 30
	ACCESS  shift 31
	ACTION  shift 32
	ADD_P  shift 33
	ADMIN  shift 34
	AFTER  shift 35
	AGGREGATE  shift 36
	ALSO  shift 37
	ALTER  shift 38
	ALWAYS  shift 39
	ASENSITIVE  shift 40
	ASSERTION  shift 41
	ASSIGNMENT  shift 42
	AT  shift 43
	ATOMIC  shift 44
	ATTACH  shift 45
	ATTRIBUTE  shift 46
	BACKWARD  shift 47
	BEFORE  shift 48
	BEGIN_P  shift 49
	BETWEEN  shift 358
	BIGINT  shift 359
	BIT  shift 360
	BOOLEAN_P  shift 361
	BREADTH  shift 50
	BY  shift 51
	CACHE  shift 52
	CALL  shift 53
	CALLED  shift 54
	CASCADE  shift 55
	CASCADED  shift 56
	CATALOG_P  shift 57
	CHAIN  shift 58
	CHAR_P  shift 362
	CHARACTER  shift 363
	CHARACTERISTICS  shift 59
	CHECKPOINT  shift 60
	CLASS  shift 61
	CLOSE  shift 62
	CLUSTER  shift 63
	COALESCE  shift 364
	COLUMNS  shift 64
	COMMENT  shift 65
	COMMENTS  shift 66
	COMMIT  shift 67
	COMMITTED  shift 68
	COMPRESSION  shift 69
	CONDITIONAL  shift 70
	CONFIGURATION  shift 71
	CONFLICT  shift 72
	CONNECTION  shift 73
	CONSTRAINTS  shift 74
	CONTENT_P  shift 75
	CONTINUE_P  shift 76
	CONVERSION_P  shift 77
	COPY  shift 78
	COST  shift 79
	CSV  shift 80
	CUBE  shift 81
	CURRENT_P  shift 82
	CURSOR  shift 83
	CYCLE  shift 84
	DATA_P  shift 85
	DATABASE  shift 86
	DAY_P  shift 87
	DEALLOCATE  shift 88
	DEC  shift 365
	DECIMAL_P  shift 366
	DECLARE  shift 89
	DEFAULTS  shift 90
	DEFERRED  shift 91
	DEFINER  shift 92
	DELETE_P  shift 93
	DELIMITER  shift 94
	DELIMITERS  shift 95
	DEPENDS  shift 96
	DEPTH  shift 97
	DETACH  shift 98
	DICTIONARY  shift 99
	DISABLE_P  shift 100
	DISCARD  shift 101
	DOCUMENT_P  shift 102
	DOMAIN_P  shift 103
	DOUBLE_P  shift 104
	DROP  shift 105
	EACH  shift 106
	EMPTY_P  shift 107
	ENABLE_P  shift 108
	ENCODING  shift 109
	ENCRYPTED  shift 110
	ENFORCED  shift 111
	ENUM_P  shift 112
	ERROR_P  shift 113
	ESCAPE  shift 114
	EVENT  shift 115
	EXCLUDE  shift 116
	EXCLUDING  shift 117
	EXCLUSIVE  shift 118
	EXECUTE  shift 119
	EXISTS  shift 367
	EXPLAIN  shift 120
	EXPRESSION  shift 121
	EXTENSION  shift 122
	EXTERNAL  shift 123
	EXTRACT  shift 368
	FAMILY  shift 124
	FILTER  shift 125
	FINALIZE  shift 126
	FIRST_P  shift 127
	FLOAT_P  shift 369
	FOLLOWING  shift 128
	FORCE  shift 129
	FORMAT  shift 130
	FORWARD  shift 131
	FUNCTION  shift 132
	FUNCTIONS  shift 133
	GENERATED  shift 134
	GLOBAL  shift 135
	GRANTED  shift 136
	GREATEST  shift 370
	GROUPING  shift 371
	GROUPS  shift 137
	HANDLER  shift 138
	HEADER_P  shift 139
	HOLD  shift 140
	HOUR_P  shift 141
	IDENTITY_P  shift 142
	IF_P  shift 143
	IMMEDIATE  shift 144
	IMMUTABLE  shift 145
	IMPLICIT_P  shift 146
	IMPORT_P  shift 147
	INCLUDE  shift 148
	INCLUDING  shift 149
	INCREMENT  shift 150
	INDENT  shift 151
	INDEX  shift 152
	INDEXES  shift 153
	INHERIT  shift 154
	INHERITS  shift 155
	INLINE_P  shift 156
	INOUT  shift 372
	INPUT_P  shift 157
	INSENSITIVE  shift 158
	INSERT  shift 159
	INSTEAD  shift 160
	INT_P  shift 373
	INTEGER  shift 374
	INTERVAL  shift 375
	INVOKER  shift 161
	ISOLATION  shift 162
	JSON  shift 376
	JSON_ARRAY  shift 377
	JSON_ARRAYAGG  shift 378
	JSON_EXISTS  shift 379
	JSON_OBJECT  shift 380
	JSON_OBJECTAGG  shift 381
	JSON_QUERY  shift 382
	JSON_SCALAR  shift 383
	JSON_SERIALIZE  shift 384
	JSON_TABLE  shift 385
	JSON_VALUE  shift 386
	KEEP  shift 163
	KEY  shift 164
	KEYS  shift 165
	LABEL  shift 166
	LANGUAGE  shift 167
	LARGE_P  shift 168
	LAST_P  shift 169
	LEAKPROOF  shift 170
	LEAST  shift 387
	LEVEL  shift 171
	LISTEN  shift 172
	LOAD  shift 173
	LOCAL  shift 174
	LOCATION  shift 175
	LOCK_P  shift 176
	LOCKED  shift 177
	LOGGED  shift 178
	MAPPING  shift 179
	MATCH  shift 180
	MATCHED  shift 181
	MATERIALIZED  shift 182
	MAXVALUE  shift 183
	MERGE  shift 184
	MERGE_ACTION  shift 388
	METHOD  shift 185
	MINUTE_P  shift 186
	MINVALUE  shift 187
	MODE  shift 188
	MONTH_P  shift 189
	MOVE  shift 190
	NAME_P  shift 191
	NAMES  shift 192
	NATIONAL  shift 389
	NCHAR  shift 390
	NESTED  shift 193
	NEW  shift 194
	NEXT  shift 195
	NFC  shift 196
	NFD  shift 197
	NFKC  shift 198
	NFKD  shift 199
	NO  shift 200
	NONE  shift 391
	NORMALIZE  shift 392
	NORMALIZED  shift 201
	NOTHING  shift 202
	NOTIFY  shift 203
	NOWAIT  shift 204
	NULLIF  shift 393
	NULLS_P  shift 205
	NUMERIC  shift 394
	OBJECT_P  shift 206
	OBJECTS_P  shift 207
	OF  shift 208
	OFF  shift 209
	OIDS  shift 210
	OLD  shift 211
	OMIT  shift 212
	OPERATOR  shift 213
	OPTION  shift 214
	OPTIONS  shift 215
	ORDINALITY  shift 216
	OTHERS  shift 217
	OUT_P  shift 395
	OVER  shift 218
	OVERLAY  shift 396
	OVERRIDING  shift 219
	OWNED  shift 220
	OWNER  shift 221
	PARALLEL  shift 222
	PARAMETER  shift 223
	PARSER  shift 224
	PARTIAL  shift 225
	PARTITION  shift 226
	PASSING  shift 227
	PASSWORD  shift 228
	PATH  shift 229
	PERIOD  shift 230
	PLAN  shift 231
	PLANS  shift 232
	POLICY  shift 233
	POSITION  shift 397
	PRECEDING  shift 234
	PRECISION  shift 398
	PREPARE  shift 235
	PREPARED  shift 236
	PRESERVE  shift 237
	PRIOR  shift 238
	PRIVILEGES  shift 239
	PROCEDURAL  shift 240
	PROCEDURE  shift 241
	PROCEDURES  shift 242
	PROGRAM  shift 243
	PUBLICATION  shift 244
	QUOTE  shift 245
	QUOTES  shift 246
	RANGE  shift 247
	READ  shift 248
	REAL  shift 399
	REASSIGN  shift 249
	RECURSIVE  shift 250
	REF_P  shift 251
	REFERENCING  shift 252
	REFRESH  shift 253
	REINDEX  shift 254
	RELATIVE_P  shift 255
	RELEASE  shift 256
	RENAME  shift 257
	REPEATABLE  shift 258
	REPLACE  shift 259
	REPLICA  shift 260
	RESET  shift 261
	RESTART  shift 262
	RESTRICT  shift 263
	RETURN  shift 264
	RETURNS  shift 265
	REVOKE  shift 266
	ROLE  shift 267
	ROLLBACK  shift 268
	ROLLUP  shift 269
	ROUTINE  shift 270
	ROUTINES  shift 271
	ROW  shift 400
	ROWS  shift 272
	RULE  shift 273
	SAVEPOINT  shift 274
	SCALAR  shift 275
	SCHEMA  shift 276
	SCHEMAS  shift 277
	SCROLL  shift 278
	SEARCH  shift 279
	SECOND_P  shift 280
	SECURITY  shift 281
	SEQUENCE  shift 282
	SEQUENCES  shift 283
	SERIALIZABLE  shift 284
	SERVER  shift 285
	SESSION  shift 286
	SET  shift 287
	SETOF  shift 401
	SETS  shift 288
	SHARE  shift 289
	SHOW  shift 290
	SIMPLE  shift 291
	SKIP  shift 292
	SMALLINT  shift 402
	SNAPSHOT  shift 293
	SOURCE  shift 294
	SQL_P  shift 295
	STABLE  shift 296
	STANDALONE_P  shift 297
	START  shift 298
	STATEMENT  shift 299
	STATISTICS  shift 300
	STDIN  shift 301
	STDOUT  shift 302
	STORAGE  shift 303
	STORED  shift 304
	STRICT_P  shift 305
	STRING_P  shift 306
	STRIP_P  shift 307
	SUBSCRIPTION  shift 308
	SUBSTRING  shift 403
	SUPPORT  shift 309
	SYSID  shift 310
	SYSTEM_P  shift 311
	TABLES  shift 312
	TABLESPACE  shift 313
	TARGET  shift 314
	TEMP  shift 315
	TEMPLATE  shift 316
	TEMPORARY  shift 317
	TEXT_P  shift 318
	TIES  shift 319
	TIME  shift 404
	TIMESTAMP  shift 405
	TRANSACTION  shift 320
	TRANSFORM  shift 321
	TREAT  shift 406
	TRIGGER  shift 322
	TRIM  shift 407
	TRUNCATE  shift 323
	TRUSTED  shift 324
	TYPE_P  shift 325
	TYPES_P  shift 326
	UESCAPE  shift 327
	UNBOUNDED  shift 328
	UNCOMMITTED  shift 329
	UNCONDITIONAL  shift 330
	UNENCRYPTED  shift 331
	UNKNOWN  shift 332
	UNLISTEN  shift 333
	UNLOGGED  shift 334
	UNTIL  shift 335
	UPDATE  shift 336
	VACUUM  shift 337
	VALID  shift 338
	VALIDATE  shift 339
	VALIDATOR  shift 340
	VALUE_P  shift 341
	VALUES  shift 408
	VARCHAR  shift 409
	VARYING  shift 342
	VERSION_P  shift 343
	VIEW  shift 344
	VIEWS  shift 345
	VIRTUAL  shift 346
	VOLATILE  shift 347
	WHITESPACE_P  shift 348
	WITHIN  shift 349
	WITHOUT  shift 350
	WORK  shift 351
	WRAPPER  shift 352
	WRITE  shift 353
	XML_P  shift 354
	XMLATTRIBUTES  shift 410
	XMLCONCAT  shift 411
	XMLELEMENT  shift 412
	XMLEXISTS  shift 413
	XMLFOREST  shift 414
	XMLNAMESPACES  shift 415
	XMLPARSE  shift 416
	XMLPI  shift 417
	XMLROOT  shift 418
	XMLSERIALIZE  shift 419
	XMLTABLE  shift 420
	YEAR_P  shift 355
	YES_P  shift 356
	ZONE  shift 357
	IDENT  shift 25
	.  error

	unreserved_keyword  goto 26
	col_name_keyword  goto 27
	cte_list  goto 457
	cte_item  goto 458
	ColId  goto 459

state 422
	opt_recursive:  RECURSIVE.    (144)

	.  reduce 144 (src line 1127)


state 423
	simple_select:  SELECT select_pos.opt_all_distinct opt_target_list opt_from_clause where_clause group_clause having_clause 
	opt_all_distinct: .    (64)

	ALL  shift 461
	DISTINCT  shift 462
	.  reduce 64 (src line 629)

	opt_all_distinct  goto 460

state 424
	stmt_list:  stmt_list ';' stmt.    (4)

	.  reduce 4 (src line 255)


state 425
	setop_tail:  setop_op SelectStmt.    (16)

	.  reduce 16 (src line 363)


state 426
	setop_op:  UNION ALL.    (18)

	.  reduce 18 (src line 375)


state 427
	setop_op:  UNION DISTINCT.    (19)

	.  reduce 19 (src line 379)


state 428
	setop_op:  INTERSECT ALL.    (21)

	.  reduce 21 (src line 387)


state 429
	setop_op:  EXCEPT ALL.    (23)

	.  reduce 23 (src line 395)


state 430
	SelectStmt:  with_clause base_select setop_tail.    (8)

	.  reduce 8 (src line 291)


state 431
	base_select:  simple_select opt_sort_clause opt_select_limit.    (9)

	.  reduce 9 (src line 307)


state 432
	opt_select_limit:  select_limit.    (41)

	.  reduce 41 (src line 523)


state 433
	select_limit:  limit_clause.offset_clause 
	select_limit:  limit_clause.    (44)

	OFFSET  shift 437
	.  reduce 44 (src line 543)

	offset_clause  goto 463

state 434
	select_limit:  offset_clause.limit_clause 
	select_limit:  offset_clause.    (45)

	FETCH  shift 436
	LIMIT  shift 435
	.  reduce 45 (src line 547)

	limit_clause  goto 464

state 435
	limit_clause:  LIMIT.select_limit_value 
	limit_clause:  LIMIT.select_limit_value ',' select_offset_value 

	ABORT_P  shift 28
	ABSENT  shift 29
	ABSOLUTE_P  shift 30
	ACCESS  shift 31
	ACTION  shift 32
	ADD_P  shift 33
	ADMIN  shift 34
	AFTER  shift 35
	AGGREGATE  shift 36
	ALSO  shift 37
	ALTER  shift 38
	ALWAYS  shift 39
	ASENSITIVE  shift 40
	ASSERTION  shift 41
	ASSIGNMENT  shift 42
	AT  shift 43
	ATOMIC  shift 44
	ATTACH  shift 45
	ATTRIBUTE  shift 46
	BACKWARD  shift 47
	BEFORE  shift 48
	BEGIN_P  shift 49
	BETWEEN  shift 358
	BIGINT  shift 359
	BIT  shift 360
	BOOLEAN_P  shift 361
	BREADTH  shift 50
	BY  shift 51
	CACHE  shift 52
	CALL  shift 53
	CALLED  shift 54
	CASCADE  shift 55
	CASCADED  shift 56
	CATALOG_P  shift 57
	CHAIN  shift 58
	CHAR_P  shift 362
	CHARACTER  shift 363
	CHARACTERISTICS  shift 59
	CHECKPOINT  shift 60
	CLASS  shift 61
	CLOSE  shift 62
	CLUSTER  shift 63
	COALESCE  shift 364
	COLUMNS  shift 64
	COMMENT  shift 65
	COMMENTS  shift 66
	COMMIT  shift 67
	COMMITTED  shift 68
	COMPRESSION  shift 69
	CONDITIONAL  shift 70
	CONFIGURATION  shift 71
	CONFLICT  shift 72
	CONNECTION  shift 73
	CONSTRAINTS  shift 74
	CONTENT_P  shift 75
	CONTINUE_P  shift 76
	CONVERSION_P  shift 77
	COPY  shift 78
	COST  shift 79
	CSV  shift 80
	CUBE  shift 81
	CURRENT_P  shift 82
	CURSOR  shift 83
	CYCLE  shift 84
	DATA_P  shift 85
	DATABASE  shift 86
	DAY_P  shift 87
	DEALLOCATE  shift 88
	DEC  shift 365
	DECIMAL_P  shift 366
	DECLARE  shift 89
	DEFAULTS  shift 90
	DEFERRED  shift 91
	DEFINER  shift 92
	DELETE_P  shift 93
	DELIMITER  shift 94
	DELIMITERS  shift 95
	DEPENDS  shift 96
	DEPTH  shift 97
	DETACH  shift 98
	DICTIONARY  shift 99
	DISABLE_P  shift 100
	DISCARD  shift 101
	DOCUMENT_P  shift 102
	DOMAIN_P  shift 103
	DOUBLE_P  shift 104
	DROP  shift 105
	EACH  shift 106
	EMPTY_P  shift 107
	ENABLE_P  shift 108
	ENCODING  shift 109
	ENCRYPTED  shift 110
	ENFORCED  shift 111
	ENUM_P  shift 112
	ERROR_P  shift 113
	ESCAPE  shift 114
	EVENT  shift 115
	EXCLUDE  shift 116
	EXCLUDING  shift 117
	EXCLUSIVE  shift 118
	EXECUTE  shift 119
	EXISTS  shift 367
	EXPLAIN  shift 120
	EXPRESSION  shift 121
	EXTENSION  shift 122
	EXTERNAL  shift 123
	EXTRACT  shift 368
	FALSE_P  shift 451
	FAMILY  shift 124
	FILTER  shift 125
	FINALIZE  shift 126
	FIRST_P  shift 127
	FLOAT_P  shift 369
	FOLLOWING  shift 128
	FORCE  shift 129
	FORMAT  shift 130
	FORWARD  shift 131
	FUNCTION  shift 132
	FUNCTIONS  shift 133
	GENERATED  shift 134
	GLOBAL  shift 135
	GRANTED  shift 136
	GREATEST  shift 370
	GROUPING  shift 371
	GROUPS  shift 137
	HANDLER  shift 138
	HEADER_P  shift 139
	HOLD  shift 140
	HOUR_P  shift 141
	IDENTITY_P  shift 142
	IF_P  shift 143
	IMMEDIATE  shift 144
	IMMUTABLE  shift 145
	IMPLICIT_P  shift 146
	IMPORT_P  shift 147
	INCLUDE  shift 148
	INCLUDING  shift 149
	INCREMENT  shift 150
	INDENT  shift 151
	INDEX  shift 152
	INDEXES  shift 153
	INHERIT  shift 154
	INHERITS  shift 155
	INLINE_P  shift 156
	INOUT  shift 372
	INPUT_P  shift 157
	INSENSITIVE  shift 158
	INSERT  shift 159
	INSTEAD  shift 160
	INT_P  shift 373
	INTEGER  shift 374
	INTERVAL  shift 375
	INVOKER  shift 161
	ISOLATION  shift 162
	JSON  shift 376
	JSON_ARRAY  shift 377
	JSON_ARRAYAGG  shift 378
	JSON_EXISTS  shift 379
	JSON_OBJECT  shift 380
	JSON_OBJECTAGG  shift 381
	JSON_QUERY  shift 382
	JSON_SCALAR  shift 383
	JSON_SERIALIZE  shift 384
	JSON_TABLE  shift 385
	JSON_VALUE  shift 386
	KEEP  shift 163
	KEY  shift 164
	KEYS  shift 165
	LABEL  shift 166
	LANGUAGE  shift 167
	LARGE_P  shift 168
	LAST_P  shift 169
	LEAKPROOF  shift 170
	LEAST  shift 387
	LEVEL  shift 171
	LISTEN  shift 172
	LOAD  shift 173
	LOCAL  shift 174
	LOCATION  shift 175
	LOCK_P  shift 176
	LOCKED  shift 177
	LOGGED  shift 178
	MAPPING  shift 179
	MATCH  shift 180
	MATCHED  shift 181
	MATERIALIZED  shift 182
	MAXVALUE  shift 183
	MERGE  shift 184
	MERGE_ACTION  shift 388
	METHOD  shift 185
	MINUTE_P  shift 186
	MINVALUE  shift 187
	MODE  shift 188
	MONTH_P  shift 189
	MOVE  shift 190
	NAME_P  shift 191
	NAMES  shift 192
	NATIONAL  shift 389
	NCHAR  shift 390
	NESTED  shift 193
	NEW  shift 194
	NEXT  shift 195
	NFC  shift 196
	NFD  shift 197
	NFKC  shift 198
	NFKD  shift 199
	NO  shift 200
	NONE  shift 391
	NORMALIZE  shift 392
	NORMALIZED  shift 201
	NOT  shift 443
	NOTHING  shift 202
	NOTIFY  shift 203
	NOWAIT  shift 204
	NULL_P  shift 452
	NULLIF  shift 393
	NULLS_P  shift 205
	NUMERIC  shift 394
	OBJECT_P  shift 206
	OBJECTS_P  shift 207
	OF  shift 208
	OFF  shift 209
	OIDS  shift 210
	OLD  shift 211
	OMIT  shift 212
	OPERATOR  shift 213
	OPTION  shift 214
	OPTIONS  shift 215
	ORDINALITY  shift 216
	OTHERS  shift 217
	OUT_P  shift 395
	OVER  shift 218
	OVERLAY  shift 396
	OVERRIDING  shift 219
	OWNED  shift 220
	OWNER  shift 221
	PARALLEL  shift 222
	PARAMETER  shift 223
	PARSER  shift 224
	PARTIAL  shift 225
	PARTITION  shift 226
	PASSING  shift 227
	PASSWORD  shift 228
	PATH  shift 229
	PERIOD  shift 230
	PLAN  shift 231
	PLANS  shift 232
	POLICY  shift 233
	POSITION  shift 397
	PRECEDING  shift 234
	PRECISION  shift 398
	PREPARE  shift 235
	PREPARED  shift 236
	PRESERVE  shift 237
	PRIOR  shift 238
	PRIVILEGES  shift 239
	PROCEDURAL  shift 240
	PROCEDURE  shift 241
	PROCEDURES  shift 242
	PROGRAM  shift 243
	PUBLICATION  shift 244
	QUOTE  shift 245
	QUOTES  shift 246
	RANGE  shift 247
	READ  shift 248
	REAL  shift 399
	REASSIGN  shift 249
	RECURSIVE  shift 250
	REF_P  shift 251
	REFERENCING  shift 252
	REFRESH  shift 253
	REINDEX  shift 254
	RELATIVE_P  shift 255
	RELEASE  shift 256
	RENAME  shift 257
	REPEATABLE  shift 258
	REPLACE  shift 259
	REPLICA  shift 260
	RESET  shift 261
	RESTART  shift 262
	RESTRICT  shift 263
	RETURN  shift 264
	RETURNS  shift 265
	REVOKE  shift 266
	ROLE  shift 267
	ROLLBACK  shift 268
	ROLLUP  shift 269
	ROUTINE  shift 270
	ROUTINES  shift 271
	ROW  shift 400
	ROWS  shift 272
	RULE  shift 273
	SAVEPOINT  shift 274
	SCALAR  shift 275
	SCHEMA  shift 276
	SCHEMAS  shift 277
	SCROLL  shift 278
	SEARCH  shift 279
	SECOND_P  shift 280
	SECURITY  shift 281
	SEQUENCE  shift 282
	SEQUENCES  shift 283
	SERIALIZABLE  shift 284
	SERVER  shift 285
	SESSION  shift 286
	SET  shift 287
	SETOF  shift 401
	SETS  shift 288
	SHARE  shift 289
	SHOW  shift 290
	SIMPLE  shift 291
	SKIP  shift 292
	SMALLINT  shift 402
	SNAPSHOT  shift 293
	SOURCE  shift 294
	SQL_P  shift 295
	STABLE  shift 296
	STANDALONE_P  shift 297
	START  shift 298
	STATEMENT  shift 299
	STATISTICS  shift 300
	STDIN  shift 301
	STDOUT  shift 302
	STORAGE  shift 303
	STORED  shift 304
	STRICT_P  shift 305
	STRING_P  shift 306
	STRIP_P  shift 307
	SUBSCRIPTION  shift 308
	SUBSTRING  shift 403
	SUPPORT  shift 309
	SYSID  shift 310
	SYSTEM_P  shift 311
	TABLES  shift 312
	TABLESPACE  shift 313
	TARGET  shift 314
	TEMP  shift 315
	TEMPLATE  shift 316
	TEMPORARY  shift 317
	TEXT_P  shift 318
	TIES  shift 319
	TIME  shift 404
	TIMESTAMP  shift 405
	TRANSACTION  shift 320
	TRANSFORM  shift 321
	TREAT  shift 406
	TRIGGER  shift 322
	TRIM  shift 407
	TRUE_P  shift 450
	TRUNCATE  shift 323
	TRUSTED  shift 324
	TYPE_P  shift 325
	TYPES_P  shift 326
	UESCAPE  shift 327
	UNBOUNDED  shift 328
	UNCOMMITTED  shift 329
	UNCONDITIONAL  shift 330
	UNENCRYPTED  shift 331
	UNKNOWN  shift 332
	UNLISTEN  shift 333
	UNLOGGED  shift 334
	UNTIL  shift 335
	UPDATE  shift 336
	VACUUM  shift 337
	VALID  shift 338
	VALIDATE  shift 339
	VALIDATOR  shift 340
	VALUE_P  shift 341
	VALUES  shift 408
	VARCHAR  shift 409
	VARYING  shift 342
	VERSION_P  shift 343
	VIEW  shift 344
	VIEWS  shift 345
	VIRTUAL  shift 346
	VOLATILE  shift 347
	WHITESPACE_P  shift 348
	WITHIN  shift 349
	WITHOUT  shift 350
	WORK  shift 351
	WRAPPER  shift 352
	WRITE  shift 353
	XML_P  shift 354
	XMLATTRIBUTES  shift 410
	XMLCONCAT  shift 411
	XMLELEMENT  shift 412
	XMLEXISTS  shift 413
	XMLFOREST  shift 414
	XMLNAMESPACES  shift 415
	XMLPARSE  shift 416
	XMLPI  shift 417
	XMLROOT  shift 418
	XMLSERIALIZE  shift 419
	XMLTABLE  shift 420
	YEAR_P  shift 355
	YES_P  shift 356
	ZONE  shift 357
	IDENT  shift 25
	FCONST  shift 448
	SCONST  shift 449
	ICONST  shift 447
	PARAM  shift 453
	'+'  shift 445
	'-'  shift 444
	'('  shift 446
	.  error

	unreserved_keyword  goto 26
	col_name_keyword  goto 27
	qualified_name  goto 454
	a_expr  goto 466
	c_expr  goto 442
	select_limit_value  goto 465
	ColId  goto 24

state 436
	limit_clause:  FETCH.first_or_next select_fetch_first_value row_or_rows ONLY 
	limit_clause:  FETCH.first_or_next row_or_rows ONLY 
	limit_clause:  FETCH.first_or_next select_fetch_first_value row_or_rows WITH TIES 

	FIRST_P  shift 468
	NEXT  shift 469
	.  error

	first_or_next  goto 467

state 437
	offset_clause:  OFFSET.select_offset_value row_or_rows_opt 

	ABORT_P  shift 28
	ABSENT  shift 29
	ABSOLUTE_P  shift 30
	ACCESS  shift 31
	ACTION  shift 32
	ADD_P  shift 33
	ADMIN  shift 34
	AFTER  shift 35
	AGGREGATE  shift 36
	ALSO  shift 37
	ALTER  shift 38
	ALWAYS  shift 39
	ASENSITIVE  shift 40
	ASSERTION  shift 41
	ASSIGNMENT  shift 42
	AT  shift 43
	ATOMIC  shift 44
	ATTACH  shift 45
	ATTRIBUTE  shift 46
	BACKWARD  shift 47
	BEFORE  shift 48
	BEGIN_P  shift 49
	BETWEEN  shift 358
	BIGINT  shift 359
	BIT  shift 360
	BOOLEAN_P  shift 361
	BREADTH  shift 50
	BY  shift 51
	CACHE  shift 52
	CALL  shift 53
	CALLED  shift 54
	CASCADE  shift 55
	CASCADED  shift 56
	CATALOG_P  shift 57
	CHAIN  shift 58
	CHAR_P  shift 362
	CHARACTER  shift 363
	CHARACTERISTICS  shift 59
	CHECKPOINT  shift 60
	CLASS  shift 61
	CLOSE  shift 62
	CLUSTER  shift 63
	COALESCE  shift 364
	COLUMNS  shift 64
	COMMENT  shift 65
	COMMENTS  shift 66
	COMMIT  shift 67
	COMMITTED  shift 68
	COMPRESSION  shift 69
	CONDITIONAL  shift 70
	CONFIGURATION  shift 71
	CONFLICT  shift 72
	CONNECTION  shift 73
	CONSTRAINTS  shift 74
	CONTENT_P  shift 75
	CONTINUE_P  shift 76
	CONVERSION_P  shift 77
	COPY  shift 78
	COST  shift 79
	CSV  shift 80
	CUBE  shift 81
	CURRENT_P  shift 82
	CURSOR  shift 83
	CYCLE  shift 84
	DATA_P  shift 85
	DATABASE  shift 86
	DAY_P  shift 87
	DEALLOCATE  shift 88
	DEC  shift 365
	DECIMAL_P  shift 366
	DECLARE  shift 89
	DEFAULTS  shift 90
	DEFERRED  shift 91
	DEFINER  shift 92
	DELETE_P  shift 93
	DELIMITER  shift 94
	DELIMITERS  shift 95
	DEPENDS  shift 96
	DEPTH  shift 97
	DETACH  shift 98
	DICTIONARY  shift 99
	DISABLE_P  shift 100
	DISCARD  shift 101
	DOCUMENT_P  shift 102
	DOMAIN_P  shift 103
	DOUBLE_P  shift 104
	DROP  shift 105
	EACH  shift 106
	EMPTY_P  shift 107
	ENABLE_P  shift 108
	ENCODING  shift 109
	ENCRYPTED  shift 110
	ENFORCED  shift 111
	ENUM_P  shift 112
	ERROR_P  shift 113
	ESCAPE  shift 114
	EVENT  shift 115
	EXCLUDE  shift 116
	EXCLUDING  shift 117
	EXCLUSIVE  shift 118
	EXECUTE  shift 119
	EXISTS  shift 367
	EXPLAIN  shift 120
	EXPRESSION  shift 121
	EXTENSION  shift 122
	EXTERNAL  shift 123
	EXTRACT  shift 368
	FALSE_P  shift 451
	FAMILY  shift 124
	FILTER  shift 125
	FINALIZE  shift 126
	FIRST_P  shift 127
	FLOAT_P  shift 369
	FOLLOWING  shift 128
	FORCE  shift 129
	FORMAT  shift 130
	FORWARD  shift 131
	FUNCTION  shift 132
	FUNCTIONS  shift 133
	GENERATED  shift 134
	GLOBAL  shift 135
	GRANTED  shift 136
	GREATEST  shift 370
	GROUPING  shift 371
	GROUPS  shift 137
	HANDLER  shift 138
	HEADER_P  shift 139
	HOLD  shift 140
	HOUR_P  shift 141
	IDENTITY_P  shift 142
	IF_P  shift 143
	IMMEDIATE  shift 144
	IMMUTABLE  shift 145
	IMPLICIT_P  shift 146
	IMPORT_P  shift 147
	INCLUDE  shift 148
	INCLUDING  shift 149
	INCREMENT  shift 150
	INDENT  shift 151
	INDEX  shift 152
	INDEXES  shift 153
	INHERIT  shift 154
	INHERITS  shift 155
	INLINE_P  shift 156
	INOUT  shift 372
	INPUT_P  shift 157
	INSENSITIVE  shift 158
	INSERT  shift 159
	INSTEAD  shift 160
	INT_P  shift 373
	INTEGER  shift 374
	INTERVAL  shift 375
	INVOKER  shift 161
	ISOLATION  shift 162
	JSON  shift 376
	JSON_ARRAY  shift 377
	JSON_ARRAYAGG  shift 378
	JSON_EXISTS  shift 379
	JSON_OBJECT  shift 380
	JSON_OBJECTAGG  shift 381
	JSON_QUERY  shift 382
	JSON_SCALAR  shift 383
	JSON_SERIALIZE  shift 384
	JSON_TABLE  shift 385
	JSON_VALUE  shift 386
	KEEP  shift 163
	KEY  shift 164
	KEYS  shift 165
	LABEL  shift 166
	LANGUAGE  shift 167
	LARGE_P  shift 168
	LAST_P  shift 169
	LEAKPROOF  shift 170
	LEAST  shift 387
	LEVEL  shift 171
	LISTEN  shift 172
	LOAD  shift 173
	LOCAL  shift 174
	LOCATION  shift 175
	LOCK_P  shift 176
	LOCKED  shift 177
	LOGGED  shift 178
	MAPPING  shift 179
	MATCH  shift 180
	MATCHED  shift 181
	MATERIALIZED  shift 182
	MAXVALUE  shift 183
	MERGE  shift 184
	MERGE_ACTION  shift 388
	METHOD  shift 185
	MINUTE_P  shift 186
	MINVALUE  shift 187
	MODE  shift 188
	MONTH_P  shift 189
	MOVE  shift 190
	NAME_P  shift 191
	NAMES  shift 192
	NATIONAL  shift 389
	NCHAR  shift 390
	NESTED  shift 193
	NEW  shift 194
	NEXT  shift 195
	NFC  shift 196
	NFD  shift 197
	NFKC  shift 198
	NFKD  shift 199
	NO  shift 200
	NONE  shift 391
	NORMALIZE  shift 392
	NORMALIZED  shift 201
	NOT  shift 443
	NOTHING  shift 202
	NOTIFY  shift 203
	NOWAIT  shift 204
	NULL_P  shift 452
	NULLIF  shift 393
	NULLS_P  shift 205
	NUMERIC  shift 394
	OBJECT_P  shift 206
	OBJECTS_P  shift 207
	OF  shift 208
	OFF  shift 209
	OIDS  shift 210
	OLD  shift 211
	OMIT  shift 212
	OPERATOR  shift 213
	OPTION  shift 214
	OPTIONS  shift 215
	ORDINALITY  shift 216
	OTHERS  shift 217
	OUT_P  shift 395
	OVER  shift 218
	OVERLAY  shift 396
	OVERRIDING  shift 219
	OWNED  shift 220
	OWNER  shift 221
	PARALLEL  shift 222
	PARAMETER  shift 223
	PARSER  shift 224
	PARTIAL  shift 225
	PARTITION  shift 226
	PASSING  shift 227
	PASSWORD  shift 228
	PATH  shift 229
	PERIOD  shift 230
	PLAN  shift 231
	PLANS  shift 232
	POLICY  shift 233
	POSITION  shift 397
	PRECEDING  shift 234
	PRECISION  shift 398
	PREPARE  shift 235
	PREPARED  shift 236
	PRESERVE  shift 237
	PRIOR  shift 238
	PRIVILEGES  shift 239
	PROCEDURAL  shift 240
	PROCEDURE  shift 241
	PROCEDURES  shift 242
	PROGRAM  shift 243
	PUBLICATION  shift 244
	QUOTE  shift 245
	QUOTES  shift 246
	RANGE  shift 247
	READ  shift 248
	REAL  shift 399
	REASSIGN  shift 249
	RECURSIVE  shift 250
	REF_P  shift 251
	REFERENCING  shift 252
	REFRESH  shift 253
	REINDEX  shift 254
	RELATIVE_P  shift 255
	RELEASE  shift 256
	RENAME  shift 257
	REPEATABLE  shift 258
	REPLACE  shift 259
	REPLICA  shift 260
	RESET  shift 261
	RESTART  shift 262
	RESTRICT  shift 263
	RETURN  shift 264
	RETURNS  shift 265
	REVOKE  shift 266
	ROLE  shift 267
	ROLLBACK  shift 268
	ROLLUP  shift 269
	ROUTINE  shift 270
	ROUTINES  shift 271
	ROW  shift 400
	ROWS  shift 272
	RULE  shift 273
	SAVEPOINT  shift 274
	SCALAR  shift 275
	SCHEMA  shift 276
	SCHEMAS  shift 277
	SCROLL  shift 278
	SEARCH  shift 279
	SECOND_P  shift 280
	SECURITY  shift 281
	SEQUENCE  shift 282
	SEQUENCES  shift 283
	SERIALIZABLE  shift 284
	SERVER  shift 285
	SESSION  shift 286
	SET  shift 287
	SETOF  shift 401
	SETS  shift 288
	SHARE  shift 289
	SHOW  shift 290
	SIMPLE  shift 291
	SKIP  shift 292
	SMALLINT  shift 402
	SNAPSHOT  shift 293
	SOURCE  shift 294
	SQL_P  shift 295
	STABLE  shift 296
	STANDALONE_P  shift 297
	START  shift 298
	STATEMENT  shift 299
	STATISTICS  shift 300
	STDIN  shift 301
	STDOUT  shift 302
	STORAGE  shift 303
	STORED  shift 304
	STRICT_P  shift 305
	STRING_P  shift 306
	STRIP_P  shift 307
	SUBSCRIPTION  shift 308
	SUBSTRING  shift 403
	SUPPORT  shift 309
	SYSID  shift 310
	SYSTEM_P  shift 311
	TABLES  shift 312
	TABLESPACE  shift 313
	TARGET  shift 314
	TEMP  shift 315
	TEMPLATE  shift 316
	TEMPORARY  shift 317
	TEXT_P  shift 318
	TIES  shift 319
	TIME  shift 404
	TIMESTAMP  shift 405
	TRANSACTION  shift 320
	TRANSFORM  shift 321
	TREAT  shift 406
	TRIGGER  shift 322
	TRIM  shift 407
	TRUE_P  shift 450
	TRUNCATE  shift 323
	TRUSTED  shift 324
	TYPE_P  shift 325
	TYPES_P  shift 326
	UESCAPE  shift 327
	UNBOUNDED  shift 328
	UNCOMMITTED  shift 329
	UNCONDITIONAL  shift 330
	UNENCRYPTED  shift 331
	UNKNOWN  shift 332
	UNLISTEN  shift 333
	UNLOGGED  shift 334
	UNTIL  shift 335
	UPDATE  shift 336
	VACUUM  shift 337
	VALID  shift 338
	VALIDATE  shift 339
	VALIDATOR  shift 340
	VALUE_P  shift 341
	VALUES  shift 408
	VARCHAR  shift 409
	VARYING  shift 342
	VERSION_P  shift 343
	VIEW  shift 344
	VIEWS  shift 345
	VIRTUAL  shift 346
	VOLATILE  shift 347
	WHITESPACE_P  shift 348
	WITHIN  shift 349
	WITHOUT  shift 350
	WORK  shift 351
	WRAPPER  shift 352
	WRITE  shift 353
	XML_P  shift 354
	XMLATTRIBUTES  shift 410
	XMLCONCAT  shift 411
	XMLELEMENT  shift 412
	XMLEXISTS  shift 413
	XMLFOREST  shift 414
	XMLNAMESPACES  shift 415
	XMLPARSE  shift 416
	XMLPI  shift 417
	XMLROOT  shift 418
	XMLSERIALIZE  shift 419
	XMLTABLE  shift 420
	YEAR_P  shift 355
	YES_P  shift 356
	ZONE  shift 357
	IDENT  shift 25
	FCONST  shift 448
	SCONST  shift 449
	ICONST  shift 447
	PARAM  shift 453
	'+'  shift 445
	'-'  shift 444
	'('  shift 446
	.  error

	unreserved_keyword  goto 26
	col_name_keyword  goto 27
	qualified_name  goto 454
	a_expr  goto 471
	c_expr  goto 442
	select_offset_value  goto 470
	ColId  goto 24

state 438
	opt_sort_clause:  ORDER BY.sort_by_list 

	ABORT_P  shift 28
	ABSENT  shift 29
	ABSOLUTE_P  shift 30
	ACCESS  shift 31
	ACTION  shift 32
	ADD_P  shift 33
	ADMIN  shift 34
	AFTER  shift 35
	AGGREGATE  shift 36
	ALSO  shift 37
	ALTER  shift 38
	ALWAYS  shift 39
	ASENSITIVE  shift 40
	ASSERTION  shift 41
	ASSIGNMENT  shift 42
	AT  shift 43
	ATOMIC  shift 44
	ATTACH  shift 45
	ATTRIBUTE  shift 46
	BACKWARD  shift 47
	BEFORE  shift 48
	BEGIN_P  shift 49
	BETWEEN  shift 358
	BIGINT  shift 359
	BIT  shift 360
	BOOLEAN_P  shift 361
	BREADTH  shift 50
	BY  shift 51
	CACHE  shift 52
	CALL  shift 53
	CALLED  shift 54
	CASCADE  shift 55
	CASCADED  shift 56
	CATALOG_P  shift 57
	CHAIN  shift 58
	CHAR_P  shift 362
	CHARACTER  shift 363
	CHARACTERISTICS  shift 59
	CHECKPOINT  shift 60
	CLASS  shift 61
	CLOSE  shift 62
	CLUSTER  shift 63
	COALESCE  shift 364
	COLUMNS  shift 64
	COMMENT  shift 65
	COMMENTS  shift 66
	COMMIT  shift 67
	COMMITTED  shift 68
	COMPRESSION  shift 69
	CONDITIONAL  shift 70
	CONFIGURATION  shift 71
	CONFLICT  shift 72
	CONNECTION  shift 73
	CONSTRAINTS  shift 74
	CONTENT_P  shift 75
	CONTINUE_P  shift 76
	CONVERSION_P  shift 77
	COPY  shift 78
	COST  shift 79
	CSV  shift 80
	CUBE  shift 81
	CURRENT_P  shift 82
	CURSOR  shift 83
	CYCLE  shift 84
	DATA_P  shift 85
	DATABASE  shift 86
	DAY_P  shift 87
	DEALLOCATE  shift 88
	DEC  shift 365
	DECIMAL_P  shift 366
	DECLARE  shift 89
	DEFAULTS  shift 90
	DEFERRED  shift 91
	DEFINER  shift 92
	DELETE_P  shift 93
	DELIMITER  shift 94
	DELIMITERS  shift 95
	DEPENDS  shift 96
	DEPTH  shift 97
	DETACH  shift 98
	DICTIONARY  shift 99
	DISABLE_P  shift 100
	DISCARD  shift 101
	DOCUMENT_P  shift 102
	DOMAIN_P  shift 103
	DOUBLE_P  shift 104
	DROP  shift 105
	EACH  shift 106
	EMPTY_P  shift 107
	ENABLE_P  shift 108
	ENCODING  shift 109
	ENCRYPTED  shift 110
	ENFORCED  shift 111
	ENUM_P  shift 112
	ERROR_P  shift 113
	ESCAPE  shift 114
	EVENT  shift 115
	EXCLUDE  shift 116
	EXCLUDING  shift 117
	EXCLUSIVE  shift 118
	EXECUTE  shift 119
	EXISTS  shift 367
	EXPLAIN  shift 120
	EXPRESSION  shift 121
	EXTENSION  shift 122
	EXTERNAL  shift 123
	EXTRACT  shift 368
	FALSE_P  shift 451
	FAMILY  shift 124
	FILTER  shift 125
	FINALIZE  shift 126
	FIRST_P  shift 127
	FLOAT_P  shift 369
	FOLLOWING  shift 128
	FORCE  shift 129
	FORMAT  shift 130
	FORWARD  shift 131
	FUNCTION  shift 132
	FUNCTIONS  shift 133
	GENERATED  shift 134
	GLOBAL  shift 135
	GRANTED  shift 136
	GREATEST  shift 370
	GROUPING  shift 371
	GROUPS  shift 137
	HANDLER  shift 138
	HEADER_P  shift 139
	HOLD  shift 140
	HOUR_P  shift 141
	IDENTITY_P  shift 142
	IF_P  shift 143
	IMMEDIATE  shift 144
	IMMUTABLE  shift 145
	IMPLICIT_P  shift 146
	IMPORT_P  shift 147
	INCLUDE  shift 148
	INCLUDING  shift 149
	INCREMENT  shift 150
	INDENT  shift 151
	INDEX  shift 152
	INDEXES  shift 153
	INHERIT  shift 154
	INHERITS  shift 155
	INLINE_P  shift 156
	INOUT  shift 372
	INPUT_P  shift 157
	INSENSITIVE  shift 158
	INSERT  shift 159
	INSTEAD  shift 160
	INT_P  shift 373
	INTEGER  shift 374
	INTERVAL  shift 375
	INVOKER  shift 161
	ISOLATION  shift 162
	JSON  shift 376
	JSON_ARRAY  shift 377
	JSON_ARRAYAGG  shift 378
	JSON_EXISTS  shift 379
	JSON_OBJECT  shift 380
	JSON_OBJECTAGG  shift 381
	JSON_QUERY  shift 382
	JSON_SCALAR  shift 383
	JSON_SERIALIZE  shift 384
	JSON_TABLE  shift 385
	JSON_VALUE  shift 386
	KEEP  shift 163
	KEY  shift 164
	KEYS  shift 165
	LABEL  shift 166
	LANGUAGE  shift 167
	LARGE_P  shift 168
	LAST_P  shift 169
	LEAKPROOF  shift 170
	LEAST  shift 387
	LEVEL  shift 171
	LISTEN  shift 172
	LOAD  shift 173
	LOCAL  shift 174
	LOCATION  shift 175
	LOCK_P  shift 176
	LOCKED  shift 177
	LOGGED  shift 178
	MAPPING  shift 179
	MATCH  shift 180
	MATCHED  shift 181
	MATERIALIZED  shift 182
	MAXVALUE  shift 183
	MERGE  shift 184
	MERGE_ACTION  shift 388
	METHOD  shift 185
	MINUTE_P  shift 186
	MINVALUE  shift 187
	MODE  shift 188
	MONTH_P  shift 189
	MOVE  shift 190
	NAME_P  shift 191
	NAMES  shift 192
	NATIONAL  shift 389
	NCHAR  shift 390
	NESTED  shift 193
	NEW  shift 194
	NEXT  shift 195
	NFC  shift 196
	NFD  shift 197
	NFKC  shift 198
	NFKD  shift 199
	NO  shift 200
	NONE  shift 391
	NORMALIZE  shift 392
	NORMALIZED  shift 201
	NOT  shift 443
	NOTHING  shift 202
	NOTIFY  shift 203
	NOWAIT  shift 204
	NULL_P  shift 452
	NULLIF  shift 393
	NULLS_P  shift 205
	NUMERIC  shift 394
	OBJECT_P  shift 206
	OBJECTS_P  shift 207
	OF  shift 208
	OFF  shift 209
	OIDS  shift 210
	OLD  shift 211
	OMIT  shift 212
	OPERATOR  shift 213
	OPTION  shift 214
	OPTIONS  shift 215
	ORDINALITY  shift 216
	OTHERS  shift 217
	OUT_P  shift 395
	OVER  shift 218
	OVERLAY  shift 396
	OVERRIDING  shift 219
	OWNED  shift 220
	OWNER  shift 221
	PARALLEL  shift 222
	PARAMETER  shift 223
	PARSER  shift 224
	PARTIAL  shift 225
	PARTITION  shift 226
	PASSING  shift 227
	PASSWORD  shift 228
	PATH  shift 229
	PERIOD  shift 230
	PLAN  shift 231
	PLANS  shift 232
	POLICY  shift 233
	POSITION  shift 397
	PRECEDING  shift 234
	PRECISION  shift 398
	PREPARE  shift 235
	PREPARED  shift 236
	PRESERVE  shift 237
	PRIOR  shift 238
	PRIVILEGES  shift 239
	PROCEDURAL  shift 240
	PROCEDURE  shift 241
	PROCEDURES  shift 242
	PROGRAM  shift 243
	PUBLICATION  shift 244
	QUOTE  shift 245
	QUOTES  shift 246
	RANGE  shift 247
	READ  shift 248
	REAL  shift 399
	REASSIGN  shift 249
	RECURSIVE  shift 250
	REF_P  shift 251
	REFERENCING  shift 252
	REFRESH  shift 253
	REINDEX  shift 254
	RELATIVE_P  shift 255
	RELEASE  shift 256
	RENAME  shift 257
	REPEATABLE  shift 258
	REPLACE  shift 259
	REPLICA  shift 260
	RESET  shift 261
	RESTART  shift 262
	RESTRICT  shift 263
	RETURN  shift 264
	RETURNS  shift 265
	REVOKE  shift 266
	ROLE  shift 267
	ROLLBACK  shift 268
	ROLLUP  shift 269
	ROUTINE  shift 270
	ROUTINES  shift 271
	ROW  shift 400
	ROWS  shift 272
	RULE  shift 273
	SAVEPOINT  shift 274
	SCALAR  shift 275
	SCHEMA  shift 276
	SCHEMAS  shift 277
	SCROLL  shift 278
	SEARCH  shift 279
	SECOND_P  shift 280
	SECURITY  shift 281
	SEQUENCE  shift 282
	SEQUENCES  shift 283
	SERIALIZABLE  shift 284
	SERVER  shift 285
	SESSION  shift 286
	SET  shift 287
	SETOF  shift 401
	SETS  shift 288
	SHARE  shift 289
	SHOW  shift 290
	SIMPLE  shift 291
	SKIP  shift 292
	SMALLINT  shift 402
	SNAPSHOT  shift 293
	SOURCE  shift 294
	SQL_P  shift 295
	STABLE  shift 296
	STANDALONE_P  shift 297
	START  shift 298
	STATEMENT  shift 299
	STATISTICS  shift 300
	STDIN  shift 301
	STDOUT  shift 302
	STORAGE  shift 303
	STORED  shift 304
	STRICT_P  shift 305
	STRING_P  shift 306
	STRIP_P  shift 307
	SUBSCRIPTION  shift 308
	SUBSTRING  shift 403
	SUPPORT  shift 309
	SYSID  shift 310
	SYSTEM_P  shift 311
	TABLES  shift 312
	TABLESPACE  shift 313
	TARGET  shift 314
	TEMP  shift 315
	TEMPLATE  shift 316
	TEMPORARY  shift 317
	TEXT_P  shift 318
	TIES  shift 319
	TIME  shift 404
	TIMESTAMP  shift 405
	TRANSACTION  shift 320
	TRANSFORM  shift 321
	TREAT  shift 406
	TRIGGER  shift 322
	TRIM  shift 407
	TRUE_P  shift 450
	TRUNCATE  shift 323
	TRUSTED  shift 324
	TYPE_P  shift 325
	TYPES_P  shift 326
	UESCAPE  shift 327
	UNBOUNDED  shift 328
	UNCOMMITTED  shift 329
	UNCONDITIONAL  shift 330
	UNENCRYPTED  shift 331
	UNKNOWN  shift 332
	UNLISTEN  shift 333
	UNLOGGED  shift 334
	UNTIL  shift 335
	UPDATE  shift 336
	VACUUM  shift 337
	VALID  shift 338
	VALIDATE  shift 339
	VALIDATOR  shift 340
	VALUE_P  shift 341
	VALUES  shift 408
	VARCHAR  shift 409
	VARYING  shift 342
	VERSION_P  shift 343
	VIEW  shift 344
	VIEWS  shift 345
	VIRTUAL  shift 346
	VOLATILE  shift 347
	WHITESPACE_P  shift 348
	WITHIN  shift 349
	WITHOUT  shift 350
	WORK  shift 351
	WRAPPER  shift 352
	WRITE  shift 353
	XML_P  shift 354
	XMLATTRIBUTES  shift 410
	XMLCONCAT  shift 411
	XMLELEMENT  shift 412
	XMLEXISTS  shift 413
	XMLFOREST  shift 414
	XMLNAMESPACES  shift 415
	XMLPARSE  shift 416
	XMLPI  shift 417
	XMLROOT  shift 418
	XMLSERIALIZE  shift 419
	XMLTABLE  shift 420
	YEAR_P  shift 355
	YES_P  shift 356
	ZONE  shift 357
	IDENT  shift 25
	FCONST  shift 448
	SCONST  shift 449
	ICONST  shift 447
	PARAM  shift 453
	'+'  shift 445
	'-'  shift 444
	'('  shift 446
	.  error

	unreserved_keyword  goto 26
	col_name_keyword  goto 27
	qualified_name  goto 454
	a_expr  goto 474
	c_expr  goto 442
	sort_by_list  goto 472
	SortBy  goto 473
	ColId  goto 24

state 439
	base_select:  VALUES VALUES_row VALUES_rows_tail.opt_sort_clause opt_select_limit 
	VALUES_rows_tail:  VALUES_rows_tail.',' VALUES_row 
	opt_sort_clause: .    (29)

	ORDER  shift 20
	','  shift 476
	.  reduce 29 (src line 458)

	opt_sort_clause  goto 475

state 440
	VALUES_row:  '(' expr_list.')' 
	expr_list:  expr_list.',' a_expr 

	')'  shift 477
	','  shift 478
	.  error


state 441
	expr_list:  a_expr.    (155)
	a_expr:  a_expr.'+' a_expr 
	a_expr:  a_expr.'-' a_expr 
	a_expr:  a_expr.'*' a_expr 
	a_expr:  a_expr.'/' a_expr 
	a_expr:  a_expr.'%' a_expr 
	a_expr:  a_expr.'<' a_expr 
	a_expr:  a_expr.'>' a_expr 
	a_expr:  a_expr.'=' a_expr 
	a_expr:  a_expr.LESS_EQUALS a_expr 
	a_expr:  a_expr.GREATER_EQUALS a_expr 
	a_expr:  a_expr.NOT_EQUALS a_expr 
	a_expr:  a_expr.AND a_expr 
	a_expr:  a_expr.OR a_expr 

	AND  shift 490
	OR  shift 491
	LESS_EQUALS  shift 487
	GREATER_EQUALS  shift 488
	NOT_EQUALS  shift 489
	'<'  shift 484
	'>'  shift 485
	'='  shift 486
	'+'  shift 479
	'-'  shift 480
	'*'  shift 481
	'/'  shift 482
	'%'  shift 483
	.  reduce 155 (src line 1182)


state 442
	a_expr:  c_expr.    (161)

	.  reduce 161 (src line 1218)


state 443
	a_expr:  NOT.a_expr 

	ABORT_P  shift 28
	ABSENT  shift 29
	ABSOLUTE_P  shift 30
	ACCESS  shift 31
	ACTION  shift 32
	ADD_P  shift 33
	ADMIN  shift 34
	AFTER  shift 35
	AGGREGATE  shift 36
	ALSO  shift 37
	ALTER  shift 38
	ALWAYS  shift 39
	ASENSITIVE  shift 40
	ASSERTION  shift 41
	ASSIGNMENT  shift 42
	AT  shift 43
	ATOMIC  shift 44
	ATTACH  shift 45
	ATTRIBUTE  shift 46
	BACKWARD  shift 47
	BEFORE  shift 48
	BEGIN_P  shift 49
	BETWEEN  shift 358
	BIGINT  shift 359
	BIT  shift 360
	BOOLEAN_P  shift 361
	BREADTH  shift 50
	BY  shift 51
	CACHE  shift 52
	CALL  shift 53
	CALLED  shift 54
	CASCADE  shift 55
	CASCADED  shift 56
	CATALOG_P  shift 57
	CHAIN  shift 58
	CHAR_P  shift 362
	CHARACTER  shift 363
	CHARACTERISTICS  shift 59
	CHECKPOINT  shift 60
	CLASS  shift 61
	CLOSE  shift 62
	CLUSTER  shift 63
	COALESCE  shift 364
	COLUMNS  shift 64
	COMMENT  shift 65
	COMMENTS  shift 66
	COMMIT  shift 67
	COMMITTED  shift 68
	COMPRESSION  shift 69
	CONDITIONAL  shift 70
	CONFIGURATION  shift 71
	CONFLICT  shift 72
	CONNECTION  shift 73
	CONSTRAINTS  shift 74
	CONTENT_P  shift 75
	CONTINUE_P  shift 76
	CONVERSION_P  shift 77
	COPY  shift 78
	COST  shift 79
	CSV  shift 80
	CUBE  shift 81
	CURRENT_P  shift 82
	CURSOR  shift 83
	CYCLE  shift 84
	DATA_P  shift 85
	DATABASE  shift 86
	DAY_P  shift 87
	DEALLOCATE  shift 88
	DEC  shift 365
	DECIMAL_P  shift 366
	DECLARE  shift 89
	DEFAULTS  shift 90
	DEFERRED  shift 91
	DEFINER  shift 92
	DELETE_P  shift 93
	DELIMITER  shift 94
	DELIMITERS  shift 95
	DEPENDS  shift 96
	DEPTH  shift 97
	DETACH  shift 98
	DICTIONARY  shift 99
	DISABLE_P  shift 100
	DISCARD  shift 101
	DOCUMENT_P  shift 102
	DOMAIN_P  shift 103
	DOUBLE_P  shift 104
	DROP  shift 105
	EACH  shift 106
	EMPTY_P  shift 107
	ENABLE_P  shift 108
	ENCODING  shift 109
	ENCRYPTED  shift 110
	ENFORCED  shift 111
	ENUM_P  shift 112
	ERROR_P  shift 113
	ESCAPE  shift 114
	EVENT  shift 115
	EXCLUDE  shift 116
	EXCLUDING  shift 117
	EXCLUSIVE  shift 118
	EXECUTE  shift 119
	EXISTS  shift 367
	EXPLAIN  shift 120
	EXPRESSION  shift 121
	EXTENSION  shift 122
	EXTERNAL  shift 123
	EXTRACT  shift 368
	FALSE_P  shift 451
	FAMILY  shift 124
	FILTER  shift 125
	FINALIZE  shift 126
	FIRST_P  shift 127
	FLOAT_P  shift 369
	FOLLOWING  shift 128
	FORCE  shift 129
	FORMAT  shift 130
	FORWARD  shift 131
	FUNCTION  shift 132
	FUNCTIONS  shift 133
	GENERATED  shift 134
	GLOBAL  shift 135
	GRANTED  shift 136
	GREATEST  shift 370
	GROUPING  shift 371
	GROUPS  shift 137
	HANDLER  shift 138
	HEADER_P  shift 139
	HOLD  shift 140
	HOUR_P  shift 141
	IDENTITY_P  shift 142
	IF_P  shift 143
	IMMEDIATE  shift 144
	IMMUTABLE  shift 145
	IMPLICIT_P  shift 146
	IMPORT_P  shift 147
	INCLUDE  shift 148
	INCLUDING  shift 149
	INCREMENT  shift 150
	INDENT  shift 151
	INDEX  shift 152
	INDEXES  shift 153
	INHERIT  shift 154
	INHERITS  shift 155
	INLINE_P  shift 156
	INOUT  shift 372
	INPUT_P  shift 157
	INSENSITIVE  shift 158
	INSERT  shift 159
	INSTEAD  shift 160
	INT_P  shift 373
	INTEGER  shift 374
	INTERVAL  shift 375
	INVOKER  shift 161
	ISOLATION  shift 162
	JSON  shift 376
	JSON_ARRAY  shift 377
	JSON_ARRAYAGG  shift 378
	JSON_EXISTS  shift 379
	JSON_OBJECT  shift 380
	JSON_OBJECTAGG  shift 381
	JSON_QUERY  shift 382
	JSON_SCALAR  shift 383
	JSON_SERIALIZE  shift 384
	JSON_TABLE  shift 385
	JSON_VALUE  shift 386
	KEEP  shift 163
	KEY  shift 164
	KEYS  shift 165
	LABEL  shift 166
	LANGUAGE  shift 167
	LARGE_P  shift 168
	LAST_P  shift 169
	LEAKPROOF  shift 170
	LEAST  shift 387
	LEVEL  shift 171
	LISTEN  shift 172
	LOAD  shift 173
	LOCAL  shift 174
	LOCATION  shift 175
	LOCK_P  shift 176
	LOCKED  shift 177
	LOGGED  shift 178
	MAPPING  shift 179
	MATCH  shift 180
	MATCHED  shift 181
	MATERIALIZED  shift 182
	MAXVALUE  shift 183
	MERGE  shift 184
	MERGE_ACTION  shift 388
	METHOD  shift 185
	MINUTE_P  shift 186
	MINVALUE  shift 187
	MODE  shift 188
	MONTH_P  shift 189
	MOVE  shift 190
	NAME_P  shift 191
	NAMES  shift 192
	NATIONAL  shift 389
	NCHAR  shift 390
	NESTED  shift 193
	NEW  shift 194
	NEXT  shift 195
	NFC  shift 196
	NFD  shift 197
	NFKC  shift 198
	NFKD  shift 199
	NO  shift 200
	NONE  shift 391
	NORMALIZE  shift 392
	NORMALIZED  shift 201
	NOT  shift 443
	NOTHING  shift 202
	NOTIFY  shift 203
	NOWAIT  shift 204
	NULL_P  shift 452
	NULLIF  shift 393
	NULLS_P  shift 205
	NUMERIC  shift 394
	OBJECT_P  shift 206
	OBJECTS_P  shift 207
	OF  shift 208
	OFF  shift 209
	OIDS  shift 210
	OLD  shift 211
	OMIT  shift 212
	OPERATOR  shift 213
	OPTION  shift 214
	OPTIONS  shift 215
	ORDINALITY  shift 216
	OTHERS  shift 217
	OUT_P  shift 395
	OVER  shift 218
	OVERLAY  shift 396
	OVERRIDING  shift 219
	OWNED  shift 220
	OWNER  shift 221
	PARALLEL  shift 222
	PARAMETER  shift 223
	PARSER  shift 224
	PARTIAL  shift 225
	PARTITION  shift 226
	PASSING  shift 227
	PASSWORD  shift 228
	PATH  shift 229
	PERIOD  shift 230
	PLAN  shift 231
	PLANS  shift 232
	POLICY  shift 233
	POSITION  shift 397
	PRECEDING  shift 234
	PRECISION  shift 398
	PREPARE  shift 235
	PREPARED  shift 236
	PRESERVE  shift 237
	PRIOR  shift 238
	PRIVILEGES  shift 239
	PROCEDURAL  shift 240
	PROCEDURE  shift 241
	PROCEDURES  shift 242
	PROGRAM  shift 243
	PUBLICATION  shift 244
	QUOTE  shift 245
	QUOTES  shift 246
	RANGE  shift 247
	READ  shift 248
	REAL  shift 399
	REASSIGN  shift 249
	RECURSIVE  shift 250
	REF_P  shift 251
	REFERENCING  shift 252
	REFRESH  shift 253
	REINDEX  shift 254
	RELATIVE_P  shift 255
	RELEASE  shift 256
	RENAME  shift 257
	REPEATABLE  shift 258
	REPLACE  shift 259
	REPLICA  shift 260
	RESET  shift 261
	RESTART  shift 262
	RESTRICT  shift 263
	RETURN  shift 264
	RETURNS  shift 265
	REVOKE  shift 266
	ROLE  shift 267
	ROLLBACK  shift 268
	ROLLUP  shift 269
	ROUTINE  shift 270
	ROUTINES  shift 271
	ROW  shift 400
	ROWS  shift 272
	RULE  shift 273
	SAVEPOINT  shift 274
	SCALAR  shift 275
	SCHEMA  shift 276
	SCHEMAS  shift 277
	SCROLL  shift 278
	SEARCH  shift 279
	SECOND_P  shift 280
	SECURITY  shift 281
	SEQUENCE  shift 282
	SEQUENCES  shift 283
	SERIALIZABLE  shift 284
	SERVER  shift 285
	SESSION  shift 286
	SET  shift 287
	SETOF  shift 401
	SETS  shift 288
	SHARE  shift 289
	SHOW  shift 290
	SIMPLE  shift 291
	SKIP  shift 292
	SMALLINT  shift 402
	SNAPSHOT  shift 293
	SOURCE  shift 294
	SQL_P  shift 295
	STABLE  shift 296
	STANDALONE_P  shift 297
	START  shift 298
	STATEMENT  shift 299
	STATISTICS  shift 300
	STDIN  shift 301
	STDOUT  shift 302
	STORAGE  shift 303
	STORED  shift 304
	STRICT_P  shift 305
	STRING_P  shift 306
	STRIP_P  shift 307
	SUBSCRIPTION  shift 308
	SUBSTRING  shift 403
	SUPPORT  shift 309
	SYSID  shift 310
	SYSTEM_P  shift 311
	TABLES  shift 312
	TABLESPACE  shift 313
	TARGET  shift 314
	TEMP  shift 315
	TEMPLATE  shift 316
	TEMPORARY  shift 317
	TEXT_P  shift 318
	TIES  shift 319
	TIME  shift 404
	TIMESTAMP  shift 405
	TRANSACTION  shift 320
	TRANSFORM  shift 321
	TREAT  shift 406
	TRIGGER  shift 322
	TRIM  shift 407
	TRUE_P  shift 450
	TRUNCATE  shift 323
	TRUSTED  shift 324
	TYPE_P  shift 325
	TYPES_P  shift 326
	UESCAPE  shift 327
	UNBOUNDED  shift 328
	UNCOMMITTED  shift 329
	UNCONDITIONAL  shift 330
	UNENCRYPTED  shift 331
	UNKNOWN  shift 332
	UNLISTEN  shift 333
	UNLOGGED  shift 334
	UNTIL  shift 335
	UPDATE  shift 336
	VACUUM  shift 337
	VALID  shift 338
	VALIDATE  shift 339
	VALIDATOR  shift 340
	VALUE_P  shift 341
	VALUES  shift 408
	VARCHAR  shift 409
	VARYING  shift 342
	VERSION_P  shift 343
	VIEW  shift 344
	VIEWS  shift 345
	VIRTUAL  shift 346
	VOLATILE  shift 347
	WHITESPACE_P  shift 348
	WITHIN  shift 349
	WITHOUT  shift 350
	WORK  shift 351
	WRAPPER  shift 352
	WRITE  shift 353
	XML_P  shift 354
	XMLATTRIBUTES  shift 410
	XMLCONCAT  shift 411
	XMLELEMENT  shift 412
	XMLEXISTS  shift 413
	XMLFOREST  shift 414
	XMLNAMESPACES  shift 415
	XMLPARSE  shift 416
	XMLPI  shift 417
	XMLROOT  shift 418
	XMLSERIALIZE  shift 419
	XMLTABLE  shift 420
	YEAR_P  shift 355
	YES_P  shift 356
	ZONE  shift 357
	IDENT  shift 25
	FCONST  shift 448
	SCONST  shift 449
	ICONST  shift 447
	PARAM  shift 453
	'+'  shift 445
	'-'  shift 444
	'('  shift 446
	.  error

	unreserved_keyword  goto 26
	col_name_keyword  goto 27
	qualified_name  goto 454
	a_expr  goto 492
	c_expr  goto 442
	ColId  goto 24

state 444
	a_expr:  '-'.a_expr 

	ABORT_P  shift 28
	ABSENT  shift 29
	ABSOLUTE_P  shift 30
	ACCESS  shift 31
	ACTION  shift 32
	ADD_P  shift 33
	ADMIN  shift 34
	AFTER  shift 35
	AGGREGATE  shift 36
	ALSO  shift 37
	ALTER  shift 38
	ALWAYS  shift 39
	ASENSITIVE  shift 40
	ASSERTION  shift 41
	ASSIGNMENT  shift 42
	AT  shift 43
	ATOMIC  shift 44
	ATTACH  shift 45
	ATTRIBUTE  shift 46
	BACKWARD  shift 47
	BEFORE  shift 48
	BEGIN_P  shift 49
	BETWEEN  shift 358
	BIGINT  shift 359
	BIT  shift 360
	BOOLEAN_P  shift 361
	BREADTH  shift 50
	BY  shift 51
	CACHE  shift 52
	CALL  shift 53
	CALLED  shift 54
	CASCADE  shift 55
	CASCADED  shift 56
	CATALOG_P  shift 57
	CHAIN  shift 58
	CHAR_P  shift 362
	CHARACTER  shift 363
	CHARACTERISTICS  shift 59
	CHECKPOINT  shift 60
	CLASS  shift 61
	CLOSE  shift 62
	CLUSTER  shift 63
	COALESCE  shift 364
	COLUMNS  shift 64
	COMMENT  shift 65
	COMMENTS  shift 66
	COMMIT  shift 67
	COMMITTED  shift 68
	COMPRESSION  shift 69
	CONDITIONAL  shift 70
	CONFIGURATION  shift 71
	CONFLICT  shift 72
	CONNECTION  shift 73
	CONSTRAINTS  shift 74
	CONTENT_P  shift 75
	CONTINUE_P  shift 76
	CONVERSION_P  shift 77
	COPY  shift 78
	COST  shift 79
	CSV  shift 80
	CUBE  shift 81
	CURRENT_P  shift 82
	CURSOR  shift 83
	CYCLE  shift 84
	DATA_P  shift 85
	DATABASE  shift 86
	DAY_P  shift 87
	DEALLOCATE  shift 88
	DEC  shift 365
	DECIMAL_P  shift 366
	DECLARE  shift 89
	DEFAULTS  shift 90
	DEFERRED  shift 91
	DEFINER  shift 92
	DELETE_P  shift 93
	DELIMITER  shift 94
	DELIMITERS  shift 95
	DEPENDS  shift 96
	DEPTH  shift 97
	DETACH  shift 98
	DICTIONARY  shift 99
	DISABLE_P  shift 100
	DISCARD  shift 101
	DOCUMENT_P  shift 102
	DOMAIN_P  shift 103
	DOUBLE_P  shift 104
	DROP  shift 105
	EACH  shift 106
	EMPTY_P  shift 107
	ENABLE_P  shift 108
	ENCODING  shift 109
	ENCRYPTED  shift 110
	ENFORCED  shift 111
	ENUM_P  shift 112
	ERROR_P  shift 113
	ESCAPE  shift 114
	EVENT  shift 115
	EXCLUDE  shift 116
	EXCLUDING  shift 117
	EXCLUSIVE  shift 118
	EXECUTE  shift 119
	EXISTS  shift 367
	EXPLAIN  shift 120
	EXPRESSION  shift 121
	EXTENSION  shift 122
	EXTERNAL  shift 123
	EXTRACT  shift 368
	FALSE_P  shift 451
	FAMILY  shift 124
	FILTER  shift 125
	FINALIZE  shift 126
	FIRST_P  shift 127
	FLOAT_P  shift 369
	FOLLOWING  shift 128
	FORCE  shift 129
	FORMAT  shift 130
	FORWARD  shift 131
	FUNCTION  shift 132
	FUNCTIONS  shift 133
	GENERATED  shift 134
	GLOBAL  shift 135
	GRANTED  shift 136
	GREATEST  shift 370
	GROUPING  shift 371
	GROUPS  shift 137
	HANDLER  shift 138
	HEADER_P  shift 139
	HOLD  shift 140
	HOUR_P  shift 141
	IDENTITY_P  shift 142
	IF_P  shift 143
	IMMEDIATE  shift 144
	IMMUTABLE  shift 145
	IMPLICIT_P  shift 146
	IMPORT_P  shift 147
	INCLUDE  shift 148
	INCLUDING  shift 149
	INCREMENT  shift 150
	INDENT  shift 151
	INDEX  shift 152
	INDEXES  shift 153
	INHERIT  shift 154
	INHERITS  shift 155
	INLINE_P  shift 156
	INOUT  shift 372
	INPUT_P  shift 157
	INSENSITIVE  shift 158
	INSERT  shift 159
	INSTEAD  shift 160
	INT_P  shift 373
	INTEGER  shift 374
	INTERVAL  shift 375
	INVOKER  shift 161
	ISOLATION  shift 162
	JSON  shift 376
	JSON_ARRAY  shift 377
	JSON_ARRAYAGG  shift 378
	JSON_EXISTS  shift 379
	JSON_OBJECT  shift 380
	JSON_OBJECTAGG  shift 381
	JSON_QUERY  shift 382
	JSON_SCALAR  shift 383
	JSON_SERIALIZE  shift 384
	JSON_TABLE  shift 385
	JSON_VALUE  shift 386
	KEEP  shift 163
	KEY  shift 164
	KEYS  shift 165
	LABEL  shift 166
	LANGUAGE  shift 167
	LARGE_P  shift 168
	LAST_P  shift 169
	LEAKPROOF  shift 170
	LEAST  shift 387
	LEVEL  shift 171
	LISTEN  shift 172
	LOAD  shift 173
	LOCAL  shift 174
	LOCATION  shift 175
	LOCK_P  shift 176
	LOCKED  shift 177
	LOGGED  shift 178
	MAPPING  shift 179
	MATCH  shift 180
	MATCHED  shift 181
	MATERIALIZED  shift 182
	MAXVALUE  shift 183
	MERGE  shift 184
	MERGE_ACTION  shift 388
	METHOD  shift 185
	MINUTE_P  shift 186
	MINVALUE  shift 187
	MODE  shift 188
	MONTH_P  shift 189
	MOVE  shift 190
	NAME_P  shift 191
	NAMES  shift 192
	NATIONAL  shift 389
	NCHAR  shift 390
	NESTED  shift 193
	NEW  shift 194
	NEXT  shift 195
	NFC  shift 196
	NFD  shift 197
	NFKC  shift 198
	NFKD  shift 199
	NO  shift 200
	NONE  shift 391
	NORMALIZE  shift 392
	NORMALIZED  shift 201
	NOT  shift 443
	NOTHING  shift 202
	NOTIFY  shift 203
	NOWAIT  shift 204
	NULL_P  shift 452
	NULLIF  shift 393
	NULLS_P  shift 205
	NUMERIC  shift 394
	OBJECT_P  shift 206
	OBJECTS_P  shift 207
	OF  shift 208
	OFF  shift 209
	OIDS  shift 210
	OLD  shift 211
	OMIT  shift 212
	OPERATOR  shift 213
	OPTION  shift 214
	OPTIONS  shift 215
	ORDINALITY  shift 216
	OTHERS  shift 217
	OUT_P  shift 395
	OVER  shift 218
	OVERLAY  shift 396
	OVERRIDING  shift 219
	OWNED  shift 220
	OWNER  shift 221
	PARALLEL  shift 222
	PARAMETER  shift 223
	PARSER  shift 224
	PARTIAL  shift 225
	PARTITION  shift 226
	PASSING  shift 227
	PASSWORD  shift 228
	PATH  shift 229
	PERIOD  shift 230
	PLAN  shift 231
	PLANS  shift 232
	POLICY  shift 233
	POSITION  shift 397
	PRECEDING  shift 234
	PRECISION  shift 398
	PREPARE  shift 235
	PREPARED  shift 236
	PRESERVE  shift 237
	PRIOR  shift 238
	PRIVILEGES  shift 239
	PROCEDURAL  shift 240
	PROCEDURE  shift 241
	PROCEDURES  shift 242
	PROGRAM  shift 243
	PUBLICATION  shift 244
	QUOTE  shift 245
	QUOTES  shift 246
	RANGE  shift 247
	READ  shift 248
	REAL  shift 399
	REASSIGN  shift 249
	RECURSIVE  shift 250
	REF_P  shift 251
	REFERENCING  shift 252
	REFRESH  shift 253
	REINDEX  shift 254
	RELATIVE_P  shift 255
	RELEASE  shift 256
	RENAME  shift 257
	REPEATABLE  shift 258
	REPLACE  shift 259
	REPLICA  shift 260
	RESET  shift 261
	RESTART  shift 262
	RESTRICT  shift 263
	RETURN  shift 264
	RETURNS  shift 265
	REVOKE  shift 266
	ROLE  shift 267
	ROLLBACK  shift 268
	ROLLUP  shift 269
	ROUTINE  shift 270
	ROUTINES  shift 271
	ROW  shift 400
	ROWS  shift 272
	RULE  shift 273
	SAVEPOINT  shift 274
	SCALAR  shift 275
	SCHEMA  shift 276
	SCHEMAS  shift 277
	SCROLL  shift 278
	SEARCH  shift 279
	SECOND_P  shift 280
	SECURITY  shift 281
	SEQUENCE  shift 282
	SEQUENCES  shift 283
	SERIALIZABLE  shift 284
	SERVER  shift 285
	SESSION  shift 286
	SET  shift 287
	SETOF  shift 401
	SETS  shift 288
	SHARE  shift 289
	SHOW  shift 290
	SIMPLE  shift 291
	SKIP  shift 292
	SMALLINT  shift 402
	SNAPSHOT  shift 293
	SOURCE  shift 294
	SQL_P  shift 295
	STABLE  shift 296
	STANDALONE_P  shift 297
	START  shift 298
	STATEMENT  shift 299
	STATISTICS  shift 300
	STDIN  shift 301
	STDOUT  shift 302
	STORAGE  shift 303
	STORED  shift 304
	STRICT_P  shift 305
	STRING_P  shift 306
	STRIP_P  shift 307
	SUBSCRIPTION  shift 308
	SUBSTRING  shift 403
	SUPPORT  shift 309
	SYSID  shift 310
	SYSTEM_P  shift 311
	TABLES  shift 312
	TABLESPACE  shift 313
	TARGET  shift 314
	TEMP  shift 315
	TEMPLATE  shift 316
	TEMPORARY  shift 317
	TEXT_P  shift 318
	TIES  shift 319
	TIME  shift 404
	TIMESTAMP  shift 405
	TRANSACTION  shift 320
	TRANSFORM  shift 321
	TREAT  shift 406
	TRIGGER  shift 322
	TRIM  shift 407
	TRUE_P  shift 450
	TRUNCATE  shift 323
	TRUSTED  shift 324
	TYPE_P  shift 325
	TYPES_P  shift 326
	UESCAPE  shift 327
	UNBOUNDED  shift 328
	UNCOMMITTED  shift 329
	UNCONDITIONAL  shift 330
	UNENCRYPTED  shift 331
	UNKNOWN  shift 332
	UNLISTEN  shift 333
	UNLOGGED  shift 334
	UNTIL  shift 335
	UPDATE  shift 336
	VACUUM  shift 337
	VALID  shift 338
	VALIDATE  shift 339
	VALIDATOR  shift 340
	VALUE_P  shift 341
	VALUES  shift 408
	VARCHAR  shift 409
	VARYING  shift 342
	VERSION_P  shift 343
	VIEW  shift 344
	VIEWS  shift 345
	VIRTUAL  shift 346
	VOLATILE  shift 347
	WHITESPACE_P  shift 348
	WITHIN  shift 349
	WITHOUT  shift 350
	WORK  shift 351
	WRAPPER  shift 352
	WRITE  shift 353
	XML_P  shift 354
	XMLATTRIBUTES  shift 410
	XMLCONCAT  shift 411
	XMLELEMENT  shift 412
	XMLEXISTS  shift 413
	XMLFOREST  shift 414
	XMLNAMESPACES  shift 415
	XMLPARSE  shift 416
	XMLPI  shift 417
	XMLROOT  shift 418
	XMLSERIALIZE  shift 419
	XMLTABLE  shift 420
	YEAR_P  shift 355
	YES_P  shift 356
	ZONE  shift 357
	IDENT  shift 25
	FCONST  shift 448
	SCONST  shift 449
	ICONST  shift 447
	PARAM  shift 453
	'+'  shift 445
	'-'  shift 444
	'('  shift 446
	.  error

	unreserved_keyword  goto 26
	col_name_keyword  goto 27
	qualified_name  goto 454
	a_expr  goto 493
	c_expr  goto 442
	ColId  goto 24

state 445
	a_expr:  '+'.a_expr 

	ABORT_P  shift 28
	ABSENT  shift 29
	ABSOLUTE_P  shift 30
	ACCESS  shift 31
	ACTION  shift 32
	ADD_P  shift 33
	ADMIN  shift 34
	AFTER  shift 35
	AGGREGATE  shift 36
	ALSO  shift 37
	ALTER  shift 38
	ALWAYS  shift 39
	ASENSITIVE  shift 40
	ASSERTION  shift 41
	ASSIGNMENT  shift 42
	AT  shift 43
	ATOMIC  shift 44
	ATTACH  shift 45
	ATTRIBUTE  shift 46
	BACKWARD  shift 47
	BEFORE  shift 48
	BEGIN_P  shift 49
	BETWEEN  shift 358
	BIGINT  shift 359
	BIT  shift 360
	BOOLEAN_P  shift 361
	BREADTH  shift 50
	BY  shift 51
	CACHE  shift 52
	CALL  shift 53
	CALLED  shift 54
	CASCADE  shift 55
	CASCADED  shift 56
	CATALOG_P  shift 57
	CHAIN  shift 58
	CHAR_P  shift 362
	CHARACTER  shift 363
	CHARACTERISTICS  shift 59
	CHECKPOINT  shift 60
	CLASS  shift 61
	CLOSE  shift 62
	CLUSTER  shift 63
	COALESCE  shift 364
	COLUMNS  shift 64
	COMMENT  shift 65
	COMMENTS  shift 66
	COMMIT  shift 67
	COMMITTED  shift 68
	COMPRESSION  shift 69
	CONDITIONAL  shift 70
	CONFIGURATION  shift 71
	CONFLICT  shift 72
	CONNECTION  shift 73
	CONSTRAINTS  shift 74
	CONTENT_P  shift 75
	CONTINUE_P  shift 76
	CONVERSION_P  shift 77
	COPY  shift 78
	COST  shift 79
	CSV  shift 80
	CUBE  shift 81
	CURRENT_P  shift 82
	CURSOR  shift 83
	CYCLE  shift 84
	DATA_P  shift 85
	DATABASE  shift 86
	DAY_P  shift 87
	DEALLOCATE  shift 88
	DEC  shift 365
	DECIMAL_P  shift 366
	DECLARE  shift 89
	DEFAULTS  shift 90
	DEFERRED  shift 91
	DEFINER  shift 92
	DELETE_P  shift 93
	DELIMITER  shift 94
	DELIMITERS  shift 95
	DEPENDS  shift 96
	DEPTH  shift 97
	DETACH  shift 98
	DICTIONARY  shift 99
	DISABLE_P  shift 100
	DISCARD  shift 101
	DOCUMENT_P  shift 102
	DOMAIN_P  shift 103
	DOUBLE_P  shift 104
	DROP  shift 105
	EACH  shift 106
	EMPTY_P  shift 107
	ENABLE_P  shift 108
	ENCODING  shift 109
	ENCRYPTED  shift 110
	ENFORCED  shift 111
	ENUM_P  shift 112
	ERROR_P  shift 113
	ESCAPE  shift 114
	EVENT  shift 115
	EXCLUDE  shift 116
	EXCLUDING  shift 117
	EXCLUSIVE  shift 118
	EXECUTE  shift 119
	EXISTS  shift 367
	EXPLAIN  shift 120
	EXPRESSION  shift 121
	EXTENSION  shift 122
	EXTERNAL  shift 123
	EXTRACT  shift 368
	FALSE_P  shift 451
	FAMILY  shift 124
	FILTER  shift 125
	FINALIZE  shift 126
	FIRST_P  shift 127
	FLOAT_P  shift 369
	FOLLOWING  shift 128
	FORCE  shift 129
	FORMAT  shift 130
	FORWARD  shift 131
	FUNCTION  shift 132
	FUNCTIONS  shift 133
	GENERATED  shift 134
	GLOBAL  shift 135
	GRANTED  shift 136
	GREATEST  shift 370
	GROUPING  shift 371
	GROUPS  shift 137
	HANDLER  shift 138
	HEADER_P  shift 139
	HOLD  shift 140
	HOUR_P  shift 141
	IDENTITY_P  shift 142
	IF_P  shift 143
	IMMEDIATE  shift 144
	IMMUTABLE  shift 145
	IMPLICIT_P  shift 146
	IMPORT_P  shift 147
	INCLUDE  shift 148
	INCLUDING  shift 149
	INCREMENT  shift 150
	INDENT  shift 151
	INDEX  shift 152
	INDEXES  shift 153
	INHERIT  shift 154
	INHERITS  shift 155
	INLINE_P  shift 156
	INOUT  shift 372
	INPUT_P  shift 157
	INSENSITIVE  shift 158
	INSERT  shift 159
	INSTEAD  shift 160
	INT_P  shift 373
	INTEGER  shift 374
	INTERVAL  shift 375
	INVOKER  shift 161
	ISOLATION  shift 162
	JSON  shift 376
	JSON_ARRAY  shift 377
	JSON_ARRAYAGG  shift 378
	JSON_EXISTS  shift 379
	JSON_OBJECT  shift 380
	JSON_OBJECTAGG  shift 381
	JSON_QUERY  shift 382
	JSON_SCALAR  shift 383
	JSON_SERIALIZE  shift 384
	JSON_TABLE  shift 385
	JSON_VALUE  shift 386
	KEEP  shift 163
	KEY  shift 164
	KEYS  shift 165
	LABEL  shift 166
	LANGUAGE  shift 167
	LARGE_P  shift 168
	LAST_P  shift 169
	LEAKPROOF  shift 170
	LEAST  shift 387
	LEVEL  shift 171
	LISTEN  shift 172
	LOAD  shift 173
	LOCAL  shift 174
	LOCATION  shift 175
	LOCK_P  shift 176
	LOCKED  shift 177
	LOGGED  shift 178
	MAPPING  shift 179
	MATCH  shift 180
	MATCHED  shift 181
	MATERIALIZED  shift 182
	MAXVALUE  shift 183
	MERGE  shift 184
	MERGE_ACTION  shift 388
	METHOD  shift 185
	MINUTE_P  shift 186
	MINVALUE  shift 187
	MODE  shift 188
	MONTH_P  shift 189
	MOVE  shift 190
	NAME_P  shift 191
	NAMES  shift 192
	NATIONAL  shift 389
	NCHAR  shift 390
	NESTED  shift 193
	NEW  shift 194
	NEXT  shift 195
	NFC  shift 196
	NFD  shift 197
	NFKC  shift 198
	NFKD  shift 199
	NO  shift 200
	NONE  shift 391
	NORMALIZE  shift 392
	NORMALIZED  shift 201
	NOT  shift 443
	NOTHING  shift 202
	NOTIFY  shift 203
	NOWAIT  shift 204
	NULL_P  shift 452
	NULLIF  shift 393
	NULLS_P  shift 205
	NUMERIC  shift 394
	OBJECT_P  shift 206
	OBJECTS_P  shift 207
	OF  shift 208
	OFF  shift 209
	OIDS  shift 210
	OLD  shift 211
	OMIT  shift 212
	OPERATOR  shift 213
	OPTION  shift 214
	OPTIONS  shift 215
	ORDINALITY  shift 216
	OTHERS  shift 217
	OUT_P  shift 395
	OVER  shift 218
	OVERLAY  shift 396
	OVERRIDING  shift 219
	OWNED  shift 220
	OWNER  shift 221
	PARALLEL  shift 222
	PARAMETER  shift 223
	PARSER  shift 224
	PARTIAL  shift 225
	PARTITION  shift 226
	PASSING  shift 227
	PASSWORD  shift 228
	PATH  shift 229
	PERIOD  shift 230
	PLAN  shift 231
	PLANS  shift 232
	POLICY  shift 233
	POSITION  shift 397
	PRECEDING  shift 234
	PRECISION  shift 398
	PREPARE  shift 235
	PREPARED  shift 236
	PRESERVE  shift 237
	PRIOR  shift 238
	PRIVILEGES  shift 239
	PROCEDURAL  shift 240
	PROCEDURE  shift 241
	PROCEDURES  shift 242
	PROGRAM  shift 243
	PUBLICATION  shift 244
	QUOTE  shift 245
	QUOTES  shift 246
	RANGE  shift 247
	READ  shift 248
	REAL  shift 399
	REASSIGN  shift 249
	RECURSIVE  shift 250
	REF_P  shift 251
	REFERENCING  shift 252
	REFRESH  shift 253
	REINDEX  shift 254
	RELATIVE_P  shift 255
	RELEASE  shift 256
	RENAME  shift 257
	REPEATABLE  shift 258
	REPLACE  shift 259
	REPLICA  shift 260
	RESET  shift 261
	RESTART  shift 262
	RESTRICT  shift 263
	RETURN  shift 264
	RETURNS  shift 265
	REVOKE  shift 266
	ROLE  shift 267
	ROLLBACK  shift 268
	ROLLUP  shift 269
	ROUTINE  shift 270
	ROUTINES  shift 271
	ROW  shift 400
	ROWS  shift 272
	RULE  shift 273
	SAVEPOINT  shift 274
	SCALAR  shift 275
	SCHEMA  shift 276
	SCHEMAS  shift 277
	SCROLL  shift 278
	SEARCH  shift 279
	SECOND_P  shift 280
	SECURITY  shift 281
	SEQUENCE  shift 282
	SEQUENCES  shift 283
	SERIALIZABLE  shift 284
	SERVER  shift 285
	SESSION  shift 286
	SET  shift 287
	SETOF  shift 401
	SETS  shift 288
	SHARE  shift 289
	SHOW  shift 290
	SIMPLE  shift 291
	SKIP  shift 292
	SMALLINT  shift 402
	SNAPSHOT  shift 293
	SOURCE  shift 294
	SQL_P  shift 295
	STABLE  shift 296
	STANDALONE_P  shift 297
	START  shift 298
	STATEMENT  shift 299
	STATISTICS  shift 300
	STDIN  shift 301
	STDOUT  shift 302
	STORAGE  shift 303
	STORED  shift 304
	STRICT_P  shift 305
	STRING_P  shift 306
	STRIP_P  shift 307
	SUBSCRIPTION  shift 308
	SUBSTRING  shift 403
	SUPPORT  shift 309
	SYSID  shift 310
	SYSTEM_P  shift 311
	TABLES  shift 312
	TABLESPACE  shift 313
	TARGET  shift 314
	TEMP  shift 315
	TEMPLATE  shift 316
	TEMPORARY  shift 317
	TEXT_P  shift 318
	TIES  shift 319
	TIME  shift 404
	TIMESTAMP  shift 405
	TRANSACTION  shift 320
	TRANSFORM  shift 321
	TREAT  shift 406
	TRIGGER  shift 322
	TRIM  shift 407
	TRUE_P  shift 450
	TRUNCATE  shift 323
	TRUSTED  shift 324
	TYPE_P  shift 325
	TYPES_P  shift 326
	UESCAPE  shift 327
	UNBOUNDED  shift 328
	UNCOMMITTED  shift 329
	UNCONDITIONAL  shift 330
	UNENCRYPTED  shift 331
	UNKNOWN  shift 332
	UNLISTEN  shift 333
	UNLOGGED  shift 334
	UNTIL  shift 335
	UPDATE  shift 336
	VACUUM  shift 337
	VALID  shift 338
	VALIDATE  shift 339
	VALIDATOR  shift 340
	VALUE_P  shift 341
	VALUES  shift 408
	VARCHAR  shift 409
	VARYING  shift 342
	VERSION_P  shift 343
	VIEW  shift 344
	VIEWS  shift 345
	VIRTUAL  shift 346
	VOLATILE  shift 347
	WHITESPACE_P  shift 348
	WITHIN  shift 349
	WITHOUT  shift 350
	WORK  shift 351
	WRAPPER  shift 352
	WRITE  shift 353
	XML_P  shift 354
	XMLATTRIBUTES  shift 410
	XMLCONCAT  shift 411
	XMLELEMENT  shift 412
	XMLEXISTS  shift 413
	XMLFOREST  shift 414
	XMLNAMESPACES  shift 415
	XMLPARSE  shift 416
	XMLPI  shift 417
	XMLROOT  shift 418
	XMLSERIALIZE  shift 419
	XMLTABLE  shift 420
	YEAR_P  shift 355
	YES_P  shift 356
	ZONE  shift 357
	IDENT  shift 25
	FCONST  shift 448
	SCONST  shift 449
	ICONST  shift 447
	PARAM  shift 453
	'+'  shift 445
	'-'  shift 444
	'('  shift 446
	.  error

	unreserved_keyword  goto 26
	col_name_keyword  goto 27
	qualified_name  goto 454
	a_expr  goto 494
	c_expr  goto 442
	ColId  goto 24

state 446
	a_expr:  '('.a_expr ')' 

	ABORT_P  shift 28
	ABSENT  shift 29
	ABSOLUTE_P  shift 30
	ACCESS  shift 31
	ACTION  shift 32
	ADD_P  shift 33
	ADMIN  shift 34
	AFTER  shift 35
	AGGREGATE  shift 36
	ALSO  shift 37
	ALTER  shift 38
	ALWAYS  shift 39
	ASENSITIVE  shift 40
	ASSERTION  shift 41
	ASSIGNMENT  shift 42
	AT  shift 43
	ATOMIC  shift 44
	ATTACH  shift 45
	ATTRIBUTE  shift 46
	BACKWARD  shift 47
	BEFORE  shift 48
	BEGIN_P  shift 49
	BETWEEN  shift 358
	BIGINT  shift 359
	BIT  shift 360
	BOOLEAN_P  shift 361
	BREADTH  shift 50
	BY  shift 51
	CACHE  shift 52
	CALL  shift 53
	CALLED  shift 54
	CASCADE  shift 55
	CASCADED  shift 56
	CATALOG_P  shift 57
	CHAIN  shift 58
	CHAR_P  shift 362
	CHARACTER  shift 363
	CHARACTERISTICS  shift 59
	CHECKPOINT  shift 60
	CLASS  shift 61
	CLOSE  shift 62
	CLUSTER  shift 63
	COALESCE  shift 364
	COLUMNS  shift 64
	COMMENT  shift 65
	COMMENTS  shift 66
	COMMIT  shift 67
	COMMITTED  shift 68
	COMPRESSION  shift 69
	CONDITIONAL  shift 70
	CONFIGURATION  shift 71
	CONFLICT  shift 72
	CONNECTION  shift 73
	CONSTRAINTS  shift 74
	CONTENT_P  shift 75
	CONTINUE_P  shift 76
	CONVERSION_P  shift 77
	COPY  shift 78
	COST  shift 79
	CSV  shift 80
	CUBE  shift 81
	CURRENT_P  shift 82
	CURSOR  shift 83
	CYCLE  shift 84
	DATA_P  shift 85
	DATABASE  shift 86
	DAY_P  shift 87
	DEALLOCATE  shift 88
	DEC  shift 365
	DECIMAL_P  shift 366
	DECLARE  shift 89
	DEFAULTS  shift 90
	DEFERRED  shift 91
	DEFINER  shift 92
	DELETE_P  shift 93
	DELIMITER  shift 94
	DELIMITERS  shift 95
	DEPENDS  shift 96
	DEPTH  shift 97
	DETACH  shift 98
	DICTIONARY  shift 99
	DISABLE_P  shift 100
	DISCARD  shift 101
	DOCUMENT_P  shift 102
	DOMAIN_P  shift 103
	DOUBLE_P  shift 104
	DROP  shift 105
	EACH  shift 106
	EMPTY_P  shift 107
	ENABLE_P  shift 108
	ENCODING  shift 109
	ENCRYPTED  shift 110
	ENFORCED  shift 111
	ENUM_P  shift 112
	ERROR_P  shift 113
	ESCAPE  shift 114
	EVENT  shift 115
	EXCLUDE  shift 116
	EXCLUDING  shift 117
	EXCLUSIVE  shift 118
	EXECUTE  shift 119
	EXISTS  shift 367
	EXPLAIN  shift 120
	EXPRESSION  shift 121
	EXTENSION  shift 122
	EXTERNAL  shift 123
	EXTRACT  shift 368
	FALSE_P  shift 451
	FAMILY  shift 124
	FILTER  shift 125
	FINALIZE  shift 126
	FIRST_P  shift 127
	FLOAT_P  shift 369
	FOLLOWING  shift 128
	FORCE  shift 129
	FORMAT  shift 130
	FORWARD  shift 131
	FUNCTION  shift 132
	FUNCTIONS  shift 133
	GENERATED  shift 134
	GLOBAL  shift 135
	GRANTED  shift 136
	GREATEST  shift 370
	GROUPING  shift 371
	GROUPS  shift 137
	HANDLER  shift 138
	HEADER_P  shift 139
	HOLD  shift 140
	HOUR_P  shift 141
	IDENTITY_P  shift 142
	IF_P  shift 143
	IMMEDIATE  shift 144
	IMMUTABLE  shift 145
	IMPLICIT_P  shift 146
	IMPORT_P  shift 147
	INCLUDE  shift 148
	INCLUDING  shift 149
	INCREMENT  shift 150
	INDENT  shift 151
	INDEX  shift 152
	INDEXES  shift 153
	INHERIT  shift 154
	INHERITS  shift 155
	INLINE_P  shift 156
	INOUT  shift 372
	INPUT_P  shift 157
	INSENSITIVE  shift 158
	INSERT  shift 159
	INSTEAD  shift 160
	INT_P  shift 373
	INTEGER  shift 374
	INTERVAL  shift 375
	INVOKER  shift 161
	ISOLATION  shift 162
	JSON  shift 376
	JSON_ARRAY  shift 377
	JSON_ARRAYAGG  shift 378
	JSON_EXISTS  shift 379
	JSON_OBJECT  shift 380
	JSON_OBJECTAGG  shift 381
	JSON_QUERY  shift 382
	JSON_SCALAR  shift 383
	JSON_SERIALIZE  shift 384
	JSON_TABLE  shift 385
	JSON_VALUE  shift 386
	KEEP  shift 163
	KEY  shift 164
	KEYS  shift 165
	LABEL  shift 166
	LANGUAGE  shift 167
	LARGE_P  shift 168
	LAST_P  shift 169
	LEAKPROOF  shift 170
	LEAST  shift 387
	LEVEL  shift 171
	LISTEN  shift 172
	LOAD  shift 173
	LOCAL  shift 174
	LOCATION  shift 175
	LOCK_P  shift 176
	LOCKED  shift 177
	LOGGED  shift 178
	MAPPING  shift 179
	MATCH  shift 180
	MATCHED  shift 181
	MATERIALIZED  shift 182
	MAXVALUE  shift 183
	MERGE  shift 184
	MERGE_ACTION  shift 388
	METHOD  shift 185
	MINUTE_P  shift 186
	MINVALUE  shift 187
	MODE  shift 188
	MONTH_P  shift 189
	MOVE  shift 190
	NAME_P  shift 191
	NAMES  shift 192
	NATIONAL  shift 389
	NCHAR  shift 390
	NESTED  shift 193
	NEW  shift 194
	NEXT  shift 195
	NFC  shift 196
	NFD  shift 197
	NFKC  shift 198
	NFKD  shift 199
	NO  shift 200
	NONE  shift 391
	NORMALIZE  shift 392
	NORMALIZED  shift 201
	NOT  shift 443
	NOTHING  shift 202
	NOTIFY  shift 203
	NOWAIT  shift 204
	NULL_P  shift 452
	NULLIF  shift 393
	NULLS_P  shift 205
	NUMERIC  shift 394
	OBJECT_P  shift 206
	OBJECTS_P  shift 207
	OF  shift 208
	OFF  shift 209
	OIDS  shift 210
	OLD  shift 211
	OMIT  shift 212
	OPERATOR  shift 213
	OPTION  shift 214
	OPTIONS  shift 215
	ORDINALITY  shift 216
	OTHERS  shift 217
	OUT_P  shift 395
	OVER  shift 218
	OVERLAY  shift 396
	OVERRIDING  shift 219
	OWNED  shift 220
	OWNER  shift 221
	PARALLEL  shift 222
	PARAMETER  shift 223
	PARSER  shift 224
	PARTIAL  shift 225
	PARTITION  shift 226
	PASSING  shift 227
	PASSWORD  shift 228
	PATH  shift 229
	PERIOD  shift 230
	PLAN  shift 231
	PLANS  shift 232
	POLICY  shift 233
	POSITION  shift 397
	PRECEDING  shift 234
	PRECISION  shift 398
	PREPARE  shift 235
	PREPARED  shift 236
	PRESERVE  shift 237
	PRIOR  shift 238
	PRIVILEGES  shift 239
	PROCEDURAL  shift 240
	PROCEDURE  shift 241
	PROCEDURES  shift 242
	PROGRAM  shift 243
	PUBLICATION  shift 244
	QUOTE  shift 245
	QUOTES  shift 246
	RANGE  shift 247
	READ  shift 248
	REAL  shift 399
	REASSIGN  shift 249
	RECURSIVE  shift 250
	REF_P  shift 251
	REFERENCING  shift 252
	REFRESH  shift 253
	REINDEX  shift 254
	RELATIVE_P  shift 255
	RELEASE  shift 256
	RENAME  shift 257
	REPEATABLE  shift 258
	REPLACE  shift 259
	REPLICA  shift 260
	RESET  shift 261
	RESTART  shift 262
	RESTRICT  shift 263
	RETURN  shift 264
	RETURNS  shift 265
	REVOKE  shift 266
	ROLE  shift 267
	ROLLBACK  shift 268
	ROLLUP  shift 269
	ROUTINE  shift 270
	ROUTINES  shift 271
	ROW  shift 400
	ROWS  shift 272
	RULE  shift 273
	SAVEPOINT  shift 274
	SCALAR  shift 275
	SCHEMA  shift 276
	SCHEMAS  shift 277
	SCROLL  shift 278
	SEARCH  shift 279
	SECOND_P  shift 280
	SECURITY  shift 281
	SEQUENCE  shift 282
	SEQUENCES  shift 283
	SERIALIZABLE  shift 284
	SERVER  shift 285
	SESSION  shift 286
	SET  shift 287
	SETOF  shift 401
	SETS  shift 288
	SHARE  shift 289
	SHOW  shift 290
	SIMPLE  shift 291
	SKIP  shift 292
	SMALLINT  shift 402
	SNAPSHOT  shift 293
	SOURCE  shift 294
	SQL_P  shift 295
	STABLE  shift 296
	STANDALONE_P  shift 297
	START  shift 298
	STATEMENT  shift 299
	STATISTICS  shift 300
	STDIN  shift 301
	STDOUT  shift 302
	STORAGE  shift 303
	STORED  shift 304
	STRICT_P  shift 305
	STRING_P  shift 306
	STRIP_P  shift 307
	SUBSCRIPTION  shift 308
	SUBSTRING  shift 403
	SUPPORT  shift 309
	SYSID  shift 310
	SYSTEM_P  shift 311
	TABLES  shift 312
	TABLESPACE  shift 313
	TARGET  shift 314
	TEMP  shift 315
	TEMPLATE  shift 316
	TEMPORARY  shift 317
	TEXT_P  shift 318
	TIES  shift 319
	TIME  shift 404
	TIMESTAMP  shift 405
	TRANSACTION  shift 320
	TRANSFORM  shift 321
	TREAT  shift 406
	TRIGGER  shift 322
	TRIM  shift 407
	TRUE_P  shift 450
	TRUNCATE  shift 323
	TRUSTED  shift 324
	TYPE_P  shift 325
	TYPES_P  shift 326
	UESCAPE  shift 327
	UNBOUNDED  shift 328
	UNCOMMITTED  shift 329
	UNCONDITIONAL  shift 330
	UNENCRYPTED  shift 331
	UNKNOWN  shift 332
	UNLISTEN  shift 333
	UNLOGGED  shift 334
	UNTIL  shift 335
	UPDATE  shift 336
	VACUUM  shift 337
	VALID  shift 338
	VALIDATE  shift 339
	VALIDATOR  shift 340
	VALUE_P  shift 341
	VALUES  shift 408
	VARCHAR  shift 409
	VARYING  shift 342
	VERSION_P  shift 343
	VIEW  shift 344
	VIEWS  shift 345
	VIRTUAL  shift 346
	VOLATILE  shift 347
	WHITESPACE_P  shift 348
	WITHIN  shift 349
	WITHOUT  shift 350
	WORK  shift 351
	WRAPPER  shift 352
	WRITE  shift 353
	XML_P  shift 354
	XMLATTRIBUTES  shift 410
	XMLCONCAT  shift 411
	XMLELEMENT  shift 412
	XMLEXISTS  shift 413
	XMLFOREST  shift 414
	XMLNAMESPACES  shift 415
	XMLPARSE  shift 416
	XMLPI  shift 417
	XMLROOT  shift 418
	XMLSERIALIZE  shift 419
	XMLTABLE  shift 420
	YEAR_P  shift 355
	YES_P  shift 356
	ZONE  shift 357
	IDENT  shift 25
	FCONST  shift 448
	SCONST  shift 449
	ICONST  shift 447
	PARAM  shift 453
	'+'  shift 445
	'-'  shift 444
	'('  shift 446
	.  error

	unreserved_keyword  goto 26
	col_name_keyword  goto 27
	qualified_name  goto 454
	a_expr  goto 495
	c_expr  goto 442
	ColId  goto 24

state 447
	c_expr:  ICONST.    (179)

	.  reduce 179 (src line 1293)


state 448
	c_expr:  FCONST.    (180)

	.  reduce 180 (src line 1299)


state 449
	c_expr:  SCONST.    (181)

	.  reduce 181 (src line 1303)


state 450
	c_expr:  TRUE_P.    (182)

	.  reduce 182 (src line 1307)


state 451
	c_expr:  FALSE_P.    (183)

	.  reduce 183 (src line 1311)


state 452
	c_expr:  NULL_P.    (184)

	.  reduce 184 (src line 1315)


state 453
	c_expr:  PARAM.    (185)

	.  reduce 185 (src line 1319)


state 454
	qualified_name:  qualified_name.'.' ColId 
	c_expr:  qualified_name.    (186)

	'.'  shift 456
	.  reduce 186 (src line 1323)


state 455
	base_select:  TABLE qualified_name opt_sort_clause.opt_select_limit 
	opt_select_limit: .    (40)

	FETCH  shift 436
	LIMIT  shift 435
	OFFSET  shift 437
	.  reduce 40 (src line 518)

	opt_select_limit  goto 496
	select_limit  goto 432
	limit_clause  goto 433
	offset_clause  goto 434

state 456
	qualified_name:  qualified_name '.'.ColId 

	ABORT_P  shift 28
	ABSENT  shift 29
	ABSOLUTE_P  shift 30
	ACCESS  shift 31
	ACTION  shift 32
	ADD_P  shift 33
	ADMIN  shift 34
	AFTER  shift 35
	AGGREGATE  shift 36
	ALSO  shift 37
	ALTER  shift 38
	ALWAYS  shift 39
	ASENSITIVE  shift 40
	ASSERTION  shift 41
	ASSIGNMENT  shift 42
	AT  shift 43
	ATOMIC  shift 44
	ATTACH  shift 45
	ATTRIBUTE  shift 46
	BACKWARD  shift 47
	BEFORE  shift 48
	BEGIN_P  shift 49
	BETWEEN  shift 358
	BIGINT  shift 359
	BIT  shift 360
	BOOLEAN_P  shift 361
	BREADTH  shift 50
	BY  shift 51
	CACHE  shift 52
	CALL  shift 53
	CALLED  shift 54
	CASCADE  shift 55
	CASCADED  shift 56
	CATALOG_P  shift 57
	CHAIN  shift 58
	CHAR_P  shift 362
	CHARACTER  shift 363
	CHARACTERISTICS  shift 59
	CHECKPOINT  shift 60
	CLASS  shift 61
	CLOSE  shift 62
	CLUSTER  shift 63
	COALESCE  shift 364
	COLUMNS  shift 64
	COMMENT  shift 65
	COMMENTS  shift 66
	COMMIT  shift 67
	COMMITTED  shift 68
	COMPRESSION  shift 69
	CONDITIONAL  shift 70
	CONFIGURATION  shift 71
	CONFLICT  shift 72
	CONNECTION  shift 73
	CONSTRAINTS  shift 74
	CONTENT_P  shift 75
	CONTINUE_P  shift 76
	CONVERSION_P  shift 77
	COPY  shift 78
	COST  shift 79
	CSV  shift 80
	CUBE  shift 81
	CURRENT_P  shift 82
	CURSOR  shift 83
	CYCLE  shift 84
	DATA_P  shift 85
	DATABASE  shift 86
	DAY_P  shift 87
	DEALLOCATE  shift 88
	DEC  shift 365
	DECIMAL_P  shift 366
	DECLARE  shift 89
	DEFAULTS  shift 90
	DEFERRED  shift 91
	DEFINER  shift 92
	DELETE_P  shift 93
	DELIMITER  shift 94
	DELIMITERS  shift 95
	DEPENDS  shift 96
	DEPTH  shift 97
	DETACH  shift 98
	DICTIONARY  shift 99
	DISABLE_P  shift 100
	DISCARD  shift 101
	DOCUMENT_P  shift 102
	DOMAIN_P  shift 103
	DOUBLE_P  shift 104
	DROP  shift 105
	EACH  shift 106
	EMPTY_P  shift 107
	ENABLE_P  shift 108
	ENCODING  shift 109
	ENCRYPTED  shift 110
	ENFORCED  shift 111
	ENUM_P  shift 112
	ERROR_P  shift 113
	ESCAPE  shift 114
	EVENT  shift 115
	EXCLUDE  shift 116
	EXCLUDING  shift 117
	EXCLUSIVE  shift 118
	EXECUTE  shift 119
	EXISTS  shift 367
	EXPLAIN  shift 120
	EXPRESSION  shift 121
	EXTENSION  shift 122
	EXTERNAL  shift 123
	EXTRACT  shift 368
	FAMILY  shift 124
	FILTER  shift 125
	FINALIZE  shift 126
	FIRST_P  shift 127
	FLOAT_P  shift 369
	FOLLOWING  shift 128
	FORCE  shift 129
	FORMAT  shift 130
	FORWARD  shift 131
	FUNCTION  shift 132
	FUNCTIONS  shift 133
	GENERATED  shift 134
	GLOBAL  shift 135
	GRANTED  shift 136
	GREATEST  shift 370
	GROUPING  shift 371
	GROUPS  shift 137
	HANDLER  shift 138
	HEADER_P  shift 139
	HOLD  shift 140
	HOUR_P  shift 141
	IDENTITY_P  shift 142
	IF_P  shift 143
	IMMEDIATE  shift 144
	IMMUTABLE  shift 145
	IMPLICIT_P  shift 146
	IMPORT_P  shift 147
	INCLUDE  shift 148
	INCLUDING  shift 149
	INCREMENT  shift 150
	INDENT  shift 151
	INDEX  shift 152
	INDEXES  shift 153
	INHERIT  shift 154
	INHERITS  shift 155
	INLINE_P  shift 156
	INOUT  shift 372
	INPUT_P  shift 157
	INSENSITIVE  shift 158
	INSERT  shift 159
	INSTEAD  shift 160
	INT_P  shift 373
	INTEGER  shift 374
	INTERVAL  shift 375
	INVOKER  shift 161
	ISOLATION  shift 162
	JSON  shift 376
	JSON_ARRAY  shift 377
	JSON_ARRAYAGG  shift 378
	JSON_EXISTS  shift 379
	JSON_OBJECT  shift 380
	JSON_OBJECTAGG  shift 381
	JSON_QUERY  shift 382
	JSON_SCALAR  shift 383
	JSON_SERIALIZE  shift 384
	JSON_TABLE  shift 385
	JSON_VALUE  shift 386
	KEEP  shift 163
	KEY  shift 164
	KEYS  shift 165
	LABEL  shift 166
	LANGUAGE  shift 167
	LARGE_P  shift 168
	LAST_P  shift 169
	LEAKPROOF  shift 170
	LEAST  shift 387
	LEVEL  shift 171
	LISTEN  shift 172
	LOAD  shift 173
	LOCAL  shift 174
	LOCATION  shift 175
	LOCK_P  shift 176
	LOCKED  shift 177
	LOGGED  shift 178
	MAPPING  shift 179
	MATCH  shift 180
	MATCHED  shift 181
	MATERIALIZED  shift 182
	MAXVALUE  shift 183
	MERGE  shift 184
	MERGE_ACTION  shift 388
	METHOD  shift 185
	MINUTE_P  shift 186
	MINVALUE  shift 187
	MODE  shift 188
	MONTH_P  shift 189
	MOVE  shift 190
	NAME_P  shift 191
	NAMES  shift 192
	NATIONAL  shift 389
	NCHAR  shift 390
	NESTED  shift 193
	NEW  shift 194
	NEXT  shift 195
	NFC  shift 196
	NFD  shift 197
	NFKC  shift 198
	NFKD  shift 199
	NO  shift 200
	NONE  shift 391
	NORMALIZE  shift 392
	NORMALIZED  shift 201
	NOTHING  shift 202
	NOTIFY  shift 203
	NOWAIT  shift 204
	NULLIF  shift 393
	NULLS_P  shift 205
	NUMERIC  shift 394
	OBJECT_P  shift 206
	OBJECTS_P  shift 207
	OF  shift 208
	OFF  shift 209
	OIDS  shift 210
	OLD  shift 211
	OMIT  shift 212
	OPERATOR  shift 213
	OPTION  shift 214
	OPTIONS  shift 215
	ORDINALITY  shift 216
	OTHERS  shift 217
	OUT_P  shift 395
	OVER  shift 218
	OVERLAY  shift 396
	OVERRIDING  shift 219
	OWNED  shift 220
	OWNER  shift 221
	PARALLEL  shift 222
	PARAMETER  shift 223
	PARSER  shift 224
	PARTIAL  shift 225
	PARTITION  shift 226
	PASSING  shift 227
	PASSWORD  shift 228
	PATH  shift 229
	PERIOD  shift 230
	PLAN  shift 231
	PLANS  shift 232
	POLICY  shift 233
	POSITION  shift 397
	PRECEDING  shift 234
	PRECISION  shift 398
	PREPARE  shift 235
	PREPARED  shift 236
	PRESERVE  shift 237
	PRIOR  shift 238
	PRIVILEGES  shift 239
	PROCEDURAL  shift 240
	PROCEDURE  shift 241
	PROCEDURES  shift 242
	PROGRAM  shift 243
	PUBLICATION  shift 244
	QUOTE  shift 245
	QUOTES  shift 246
	RANGE  shift 247
	READ  shift 248
	REAL  shift 399
	REASSIGN  shift 249
	RECURSIVE  shift 250
	REF_P  shift 251
	REFERENCING  shift 252
	REFRESH  shift 253
	REINDEX  shift 254
	RELATIVE_P  shift 255
	RELEASE  shift 256
	RENAME  shift 257
	REPEATABLE  shift 258
	REPLACE  shift 259
	REPLICA  shift 260
	RESET  shift 261
	RESTART  shift 262
	RESTRICT  shift 263
	RETURN  shift 264
	RETURNS  shift 265
	REVOKE  shift 266
	ROLE  shift 267
	ROLLBACK  shift 268
	ROLLUP  shift 269
	ROUTINE  shift 270
	ROUTINES  shift 271
	ROW  shift 400
	ROWS  shift 272
	RULE  shift 273
	SAVEPOINT  shift 274
	SCALAR  shift 275
	SCHEMA  shift 276
	SCHEMAS  shift 277
	SCROLL  shift 278
	SEARCH  shift 279
	SECOND_P  shift 280
	SECURITY  shift 281
	SEQUENCE  shift 282
	SEQUENCES  shift 283
	SERIALIZABLE  shift 284
	SERVER  shift 285
	SESSION  shift 286
	SET  shift 287
	SETOF  shift 401
	SETS  shift 288
	SHARE  shift 289
	SHOW  shift 290
	SIMPLE  shift 291
	SKIP  shift 292
	SMALLINT  shift 402
	SNAPSHOT  shift 293
	SOURCE  shift 294
	SQL_P  shift 295
	STABLE  shift 296
	STANDALONE_P  shift 297
	START  shift 298
	STATEMENT  shift 299
	STATISTICS  shift 300
	STDIN  shift 301
	STDOUT  shift 302
	STORAGE  shift 303
	STORED  shift 304
	STRICT_P  shift 305
	STRING_P  shift 306
	STRIP_P  shift 307
	SUBSCRIPTION  shift 308
	SUBSTRING  shift 403
	SUPPORT  shift 309
	SYSID  shift 310
	SYSTEM_P  shift 311
	TABLES  shift 312
	TABLESPACE  shift 313
	TARGET  shift 314
	TEMP  shift 315
	TEMPLATE  shift 316
	TEMPORARY  shift 317
	TEXT_P  shift 318
	TIES  shift 319
	TIME  shift 404
	TIMESTAMP  shift 405
	TRANSACTION  shift 320
	TRANSFORM  shift 321
	TREAT  shift 406
	TRIGGER  shift 322
	TRIM  shift 407
	TRUNCATE  shift 323
	TRUSTED  shift 324
	TYPE_P  shift 325
	TYPES_P  shift 326
	UESCAPE  shift 327
	UNBOUNDED  shift 328
	UNCOMMITTED  shift 329
	UNCONDITIONAL  shift 330
	UNENCRYPTED  shift 331
	UNKNOWN  shift 332
	UNLISTEN  shift 333
	UNLOGGED  shift 334
	UNTIL  shift 335
	UPDATE  shift 336
	VACUUM  shift 337
	VALID  shift 338
	VALIDATE  shift 339
	VALIDATOR  shift 340
	VALUE_P  shift 341
	VALUES  shift 408
	VARCHAR  shift 409
	VARYING  shift 342
	VERSION_P  shift 343
	VIEW  shift 344
	VIEWS  shift 345
	VIRTUAL  shift 346
	VOLATILE  shift 347
	WHITESPACE_P  shift 348
	WITHIN  shift 349
	WITHOUT  shift 350
	WORK  shift 351
	WRAPPER  shift 352
	WRITE  shift 353
	XML_P  shift 354
	XMLATTRIBUTES  shift 410
	XMLCONCAT  shift 411
	XMLELEMENT  shift 412
	XMLEXISTS  shift 413
	XMLFOREST  shift 414
	XMLNAMESPACES  shift 415
	XMLPARSE  shift 416
	XMLPI  shift 417
	XMLROOT  shift 418
	XMLSERIALIZE  shift 419
	XMLTABLE  shift 420
	YEAR_P  shift 355
	YES_P  shift 356
	ZONE  shift 357
	IDENT  shift 25
	.  error

	unreserved_keyword  goto 26
	col_name_keyword  goto 27
	ColId  goto 497

state 457
	with_clause:  WITH opt_recursive cte_list.    (142)
	cte_list:  cte_list.',' cte_item 

	','  shift 498
	.  reduce 142 (src line 1119)


state 458
	cte_list:  cte_item.    (145)

	.  reduce 145 (src line 1129)


state 459
	cte_item:  ColId.cte_col_list AS opt_materialized '(' SelectStmt ')' 
	cte_col_list: .    (148)

	'('  shift 500
	.  reduce 148 (src line 1162)

	cte_col_list  goto 499

state 460
	simple_select:  SELECT select_pos opt_all_distinct.opt_target_list opt_from_clause where_clause group_clause having_clause 

	ABORT_P  shift 28
	ABSENT  shift 29
	ABSOLUTE_P  shift 30
	ACCESS  shift 31
	ACTION  shift 32
	ADD_P  shift 33
	ADMIN  shift 34
	AFTER  shift 35
	AGGREGATE  shift 36
	ALSO  shift 37
	ALTER  shift 38
	ALWAYS  shift 39
	ASENSITIVE  shift 40
	ASSERTION  shift 41
	ASSIGNMENT  shift 42
	AT  shift 43
	ATOMIC  shift 44
	ATTACH  shift 45
	ATTRIBUTE  shift 46
	BACKWARD  shift 47
	BEFORE  shift 48
	BEGIN_P  shift 49
	BETWEEN  shift 358
	BIGINT  shift 359
	BIT  shift 360
	BOOLEAN_P  shift 361
	BREADTH  shift 50
	BY  shift 51
	CACHE  shift 52
	CALL  shift 53
	CALLED  shift 54
	CASCADE  shift 55
	CASCADED  shift 56
	CATALOG_P  shift 57
	CHAIN  shift 58
	CHAR_P  shift 362
	CHARACTER  shift 363
	CHARACTERISTICS  shift 59
	CHECKPOINT  shift 60
	CLASS  shift 61
	CLOSE  shift 62
	CLUSTER  shift 63
	COALESCE  shift 364
	COLUMNS  shift 64
	COMMENT  shift 65
	COMMENTS  shift 66
	COMMIT  shift 67
	COMMITTED  shift 68
	COMPRESSION  shift 69
	CONDITIONAL  shift 70
	CONFIGURATION  shift 71
	CONFLICT  shift 72
	CONNECTION  shift 73
	CONSTRAINTS  shift 74
	CONTENT_P  shift 75
	CONTINUE_P  shift 76
	CONVERSION_P  shift 77
	COPY  shift 78
	COST  shift 79
	CSV  shift 80
	CUBE  shift 81
	CURRENT_P  shift 82
	CURSOR  shift 83
	CYCLE  shift 84
	DATA_P  shift 85
	DATABASE  shift 86
	DAY_P  shift 87
	DEALLOCATE  shift 88
	DEC  shift 365
	DECIMAL_P  shift 366
	DECLARE  shift 89
	DEFAULTS  shift 90
	DEFERRED  shift 91
	DEFINER  shift 92
	DELETE_P  shift 93
	DELIMITER  shift 94
	DELIMITERS  shift 95
	DEPENDS  shift 96
	DEPTH  shift 97
	DETACH  shift 98
	DICTIONARY  shift 99
	DISABLE_P  shift 100
	DISCARD  shift 101
	DOCUMENT_P  shift 102
	DOMAIN_P  shift 103
	DOUBLE_P  shift 104
	DROP  shift 105
	EACH  shift 106
	EMPTY_P  shift 107
	ENABLE_P  shift 108
	ENCODING  shift 109
	ENCRYPTED  shift 110
	ENFORCED  shift 111
	ENUM_P  shift 112
	ERROR_P  shift 113
	ESCAPE  shift 114
	EVENT  shift 115
	EXCLUDE  shift 116
	EXCLUDING  shift 117
	EXCLUSIVE  shift 118
	EXECUTE  shift 119
	EXISTS  shift 367
	EXPLAIN  shift 120
	EXPRESSION  shift 121
	EXTENSION  shift 122
	EXTERNAL  shift 123
	EXTRACT  shift 368
	FALSE_P  shift 451
	FAMILY  shift 124
	FILTER  shift 125
	FINALIZE  shift 126
	FIRST_P  shift 127
	FLOAT_P  shift 369
	FOLLOWING  shift 128
	FORCE  shift 129
	FORMAT  shift 130
	FORWARD  shift 131
	FUNCTION  shift 132
	FUNCTIONS  shift 133
	GENERATED  shift 134
	GLOBAL  shift 135
	GRANTED  shift 136
	GREATEST  shift 370
	GROUPING  shift 371
	GROUPS  shift 137
	HANDLER  shift 138
	HEADER_P  shift 139
	HOLD  shift 140
	HOUR_P  shift 141
	IDENTITY_P  shift 142
	IF_P  shift 143
	IMMEDIATE  shift 144
	IMMUTABLE  shift 145
	IMPLICIT_P  shift 146
	IMPORT_P  shift 147
	INCLUDE  shift 148
	INCLUDING  shift 149
	INCREMENT  shift 150
	INDENT  shift 151
	INDEX  shift 152
	INDEXES  shift 153
	INHERIT  shift 154
	INHERITS  shift 155
	INLINE_P  shift 156
	INOUT  shift 372
	INPUT_P  shift 157
	INSENSITIVE  shift 158
	INSERT  shift 159
	INSTEAD  shift 160
	INT_P  shift 373
	INTEGER  shift 374
	INTERVAL  shift 375
	INVOKER  shift 161
	ISOLATION  shift 162
	JSON  shift 376
	JSON_ARRAY  shift 377
	JSON_ARRAYAGG  shift 378
	JSON_EXISTS  shift 379
	JSON_OBJECT  shift 380
	JSON_OBJECTAGG  shift 381
	JSON_QUERY  shift 382
	JSON_SCALAR  shift 383
	JSON_SERIALIZE  shift 384
	JSON_TABLE  shift 385
	JSON_VALUE  shift 386
	KEEP  shift 163
	KEY  shift 164
	KEYS  shift 165
	LABEL  shift 166
	LANGUAGE  shift 167
	LARGE_P  shift 168
	LAST_P  shift 169
	LEAKPROOF  shift 170
	LEAST  shift 387
	LEVEL  shift 171
	LISTEN  shift 172
	LOAD  shift 173
	LOCAL  shift 174
	LOCATION  shift 175
	LOCK_P  shift 176
	LOCKED  shift 177
	LOGGED  shift 178
	MAPPING  shift 179
	MATCH  shift 180
	MATCHED  shift 181
	MATERIALIZED  shift 182
	MAXVALUE  shift 183
	MERGE  shift 184
	MERGE_ACTION  shift 388
	METHOD  shift 185
	MINUTE_P  shift 186
	MINVALUE  shift 187
	MODE  shift 188
	MONTH_P  shift 189
	MOVE  shift 190
	NAME_P  shift 191
	NAMES  shift 192
	NATIONAL  shift 389
	NCHAR  shift 390
	NESTED  shift 193
	NEW  shift 194
	NEXT  shift 195
	NFC  shift 196
	NFD  shift 197
	NFKC  shift 198
	NFKD  shift 199
	NO  shift 200
	NONE  shift 391
	NORMALIZE  shift 392
	NORMALIZED  shift 201
	NOT  shift 443
	NOTHING  shift 202
	NOTIFY  shift 203
	NOWAIT  shift 204
	NULL_P  shift 452
	NULLIF  shift 393
	NULLS_P  shift 205
	NUMERIC  shift 394
	OBJECT_P  shift 206
	OBJECTS_P  shift 207
	OF  shift 208
	OFF  shift 209
	OIDS  shift 210
	OLD  shift 211
	OMIT  shift 212
	OPERATOR  shift 213
	OPTION  shift 214
	OPTIONS  shift 215
	ORDINALITY  shift 216
	OTHERS  shift 217
	OUT_P  shift 395
	OVER  shift 218
	OVERLAY  shift 396
	OVERRIDING  shift 219
	OWNED  shift 220
	OWNER  shift 221
	PARALLEL  shift 222
	PARAMETER  shift 223
	PARSER  shift 224
	PARTIAL  shift 225
	PARTITION  shift 226
	PASSING  shift 227
	PASSWORD  shift 228
	PATH  shift 229
	PERIOD  shift 230
	PLAN  shift 231
	PLANS  shift 232
	POLICY  shift 233
	POSITION  shift 397
	PRECEDING  shift 234
	PRECISION  shift 398
	PREPARE  shift 235
	PREPARED  shift 236
	PRESERVE  shift 237
	PRIOR  shift 238
	PRIVILEGES  shift 239
	PROCEDURAL  shift 240
	PROCEDURE  shift 241
	PROCEDURES  shift 242
	PROGRAM  shift 243
	PUBLICATION  shift 244
	QUOTE  shift 245
	QUOTES  shift 246
	RANGE  shift 247
	READ  shift 248
	REAL  shift 399
	REASSIGN  shift 249
	RECURSIVE  shift 250
	REF_P  shift 251
	REFERENCING  shift 252
	REFRESH  shift 253
	REINDEX  shift 254
	RELATIVE_P  shift 255
	RELEASE  shift 256
	RENAME  shift 257
	REPEATABLE  shift 258
	REPLACE  shift 259
	REPLICA  shift 260
	RESET  shift 261
	RESTART  shift 262
	RESTRICT  shift 263
	RETURN  shift 264
	RETURNS  shift 265
	REVOKE  shift 266
	ROLE  shift 267
	ROLLBACK  shift 268
	ROLLUP  shift 269
	ROUTINE  shift 270
	ROUTINES  shift 271
	ROW  shift 400
	ROWS  shift 272
	RULE  shift 273
	SAVEPOINT  shift 274
	SCALAR  shift 275
	SCHEMA  shift 276
	SCHEMAS  shift 277
	SCROLL  shift 278
	SEARCH  shift 279
	SECOND_P  shift 280
	SECURITY  shift 281
	SEQUENCE  shift 282
	SEQUENCES  shift 283
	SERIALIZABLE  shift 284
	SERVER  shift 285
	SESSION  shift 286
	SET  shift 287
	SETOF  shift 401
	SETS  shift 288
	SHARE  shift 289
	SHOW  shift 290
	SIMPLE  shift 291
	SKIP  shift 292
	SMALLINT  shift 402
	SNAPSHOT  shift 293
	SOURCE  shift 294
	SQL_P  shift 295
	STABLE  shift 296
	STANDALONE_P  shift 297
	START  shift 298
	STATEMENT  shift 299
	STATISTICS  shift 300
	STDIN  shift 301
	STDOUT  shift 302
	STORAGE  shift 303
	STORED  shift 304
	STRICT_P  shift 305
	STRING_P  shift 306
	STRIP_P  shift 307
	SUBSCRIPTION  shift 308
	SUBSTRING  shift 403
	SUPPORT  shift 309
	SYSID  shift 310
	SYSTEM_P  shift 311
	TABLES  shift 312
	TABLESPACE  shift 313
	TARGET  shift 314
	TEMP  shift 315
	TEMPLATE  shift 316
	TEMPORARY  shift 317
	TEXT_P  shift 318
	TIES  shift 319
	TIME  shift 404
	TIMESTAMP  shift 405
	TRANSACTION  shift 320
	TRANSFORM  shift 321
	TREAT  shift 406
	TRIGGER  shift 322
	TRIM  shift 407
	TRUE_P  shift 450
	TRUNCATE  shift 323
	TRUSTED  shift 324
	TYPE_P  shift 325
	TYPES_P  shift 326
	UESCAPE  shift 327
	UNBOUNDED  shift 328
	UNCOMMITTED  shift 329
	UNCONDITIONAL  shift 330
	UNENCRYPTED  shift 331
	UNKNOWN  shift 332
	UNLISTEN  shift 333
	UNLOGGED  shift 334
	UNTIL  shift 335
	UPDATE  shift 336
	VACUUM  shift 337
	VALID  shift 338
	VALIDATE  shift 339
	VALIDATOR  shift 340
	VALUE_P  shift 341
	VALUES  shift 408
	VARCHAR  shift 409
	VARYING  shift 342
	VERSION_P  shift 343
	VIEW  shift 344
	VIEWS  shift 345
	VIRTUAL  shift 346
	VOLATILE  shift 347
	WHITESPACE_P  shift 348
	WITHIN  shift 349
	WITHOUT  shift 350
	WORK  shift 351
	WRAPPER  shift 352
	WRITE  shift 353
	XML_P  shift 354
	XMLATTRIBUTES  shift 410
	XMLCONCAT  shift 411
	XMLELEMENT  shift 412
	XMLEXISTS  shift 413
	XMLFOREST  shift 414
	XMLNAMESPACES  shift 415
	XMLPARSE  shift 416
	XMLPI  shift 417
	XMLROOT  shift 418
	XMLSERIALIZE  shift 419
	XMLTABLE  shift 420
	YEAR_P  shift 355
	YES_P  shift 356
	ZONE  shift 357
	IDENT  shift 25
	FCONST  shift 448
	SCONST  shift 449
	ICONST  shift 447
	PARAM  shift 453
	'+'  shift 445
	'-'  shift 444
	'*'  shift 505
	'('  shift 446
	.  error

	unreserved_keyword  goto 26
	col_name_keyword  goto 27
	opt_target_list  goto 501
	target_list  goto 502
	target_el  goto 503
	qualified_name  goto 506
	a_expr  goto 504
	c_expr  goto 442
	ColId  goto 24

state 461
	opt_all_distinct:  ALL.    (65)

	.  reduce 65 (src line 634)


state 462
	opt_all_distinct:  DISTINCT.    (66)
	opt_all_distinct:  DISTINCT.ON '(' expr_list ')' 

	ON  shift 507
	.  reduce 66 (src line 638)


state 463
	select_limit:  limit_clause offset_clause.    (42)

	.  reduce 42 (src line 528)


state 464
	select_limit:  offset_clause limit_clause.    (43)

	.  reduce 43 (src line 536)


state 465
	limit_clause:  LIMIT select_limit_value.    (46)
	limit_clause:  LIMIT select_limit_value.',' select_offset_value 

	','  shift 508
	.  reduce 46 (src line 552)


state 466
	select_limit_value:  a_expr.    (59)
	a_expr:  a_expr.'+' a_expr 
	a_expr:  a_expr.'-' a_expr 
	a_expr:  a_expr.'*' a_expr 
	a_expr:  a_expr.'/' a_expr 
	a_expr:  a_expr.'%' a_expr 
	a_expr:  a_expr.'<' a_expr 
	a_expr:  a_expr.'>' a_expr 
	a_expr:  a_expr.'=' a_expr 
	a_expr:  a_expr.LESS_EQUALS a_expr 
	a_expr:  a_expr.GREATER_EQUALS a_expr 
	a_expr:  a_expr.NOT_EQUALS a_expr 
	a_expr:  a_expr.AND a_expr 
	a_expr:  a_expr.OR a_expr 

	AND  shift 490
	OR  shift 491
	LESS_EQUALS  shift 487
	GREATER_EQUALS  shift 488
	NOT_EQUALS  shift 489
	'<'  shift 484
	'>'  shift 485
	'='  shift 486
	'+'  shift 479
	'-'  shift 480
	'*'  shift 481
	'/'  shift 482
	'%'  shift 483
	.  reduce 59 (src line 597)


state 467
	limit_clause:  FETCH first_or_next.select_fetch_first_value row_or_rows ONLY 
	limit_clause:  FETCH first_or_next.row_or_rows ONLY 
	limit_clause:  FETCH first_or_next.select_fetch_first_value row_or_rows WITH TIES 

	ABORT_P  shift 28
	ABSENT  shift 29
	ABSOLUTE_P  shift 30
	ACCESS  shift 31
	ACTION  shift 32
	ADD_P  shift 33
	ADMIN  shift 34
	AFTER  shift 35
	AGGREGATE  shift 36
	ALSO  shift 37
	ALTER  shift 38
	ALWAYS  shift 39
	ASENSITIVE  shift 40
	ASSERTION  shift 41
	ASSIGNMENT  shift 42
	AT  shift 43
	ATOMIC  shift 44
	ATTACH  shift 45
	ATTRIBUTE  shift 46
	BACKWARD  shift 47
	BEFORE  shift 48
	BEGIN_P  shift 49
	BETWEEN  shift 358
	BIGINT  shift 359
	BIT  shift 360
	BOOLEAN_P  shift 361
	BREADTH  shift 50
	BY  shift 51
	CACHE  shift 52
	CALL  shift 53
	CALLED  shift 54
	CASCADE  shift 55
	CASCADED  shift 56
	CATALOG_P  shift 57
	CHAIN  shift 58
	CHAR_P  shift 362
	CHARACTER  shift 363
	CHARACTERISTICS  shift 59
	CHECKPOINT  shift 60
	CLASS  shift 61
	CLOSE  shift 62
	CLUSTER  shift 63
	COALESCE  shift 364
	COLUMNS  shift 64
	COMMENT  shift 65
	COMMENTS  shift 66
	COMMIT  shift 67
	COMMITTED  shift 68
	COMPRESSION  shift 69
	CONDITIONAL  shift 70
	CONFIGURATION  shift 71
	CONFLICT  shift 72
	CONNECTION  shift 73
	CONSTRAINTS  shift 74
	CONTENT_P  shift 75
	CONTINUE_P  shift 76
	CONVERSION_P  shift 77
	COPY  shift 78
	COST  shift 79
	CSV  shift 80
	CUBE  shift 81
	CURRENT_P  shift 82
	CURSOR  shift 83
	CYCLE  shift 84
	DATA_P  shift 85
	DATABASE  shift 86
	DAY_P  shift 87
	DEALLOCATE  shift 88
	DEC  shift 365
	DECIMAL_P  shift 366
	DECLARE  shift 89
	DEFAULTS  shift 90
	DEFERRED  shift 91
	DEFINER  shift 92
	DELETE_P  shift 93
	DELIMITER  shift 94
	DELIMITERS  shift 95
	DEPENDS  shift 96
	DEPTH  shift 97
	DETACH  shift 98
	DICTIONARY  shift 99
	DISABLE_P  shift 100
	DISCARD  shift 101
	DOCUMENT_P  shift 102
	DOMAIN_P  shift 103
	DOUBLE_P  shift 104
	DROP  shift 105
	EACH  shift 106
	EMPTY_P  shift 107
	ENABLE_P  shift 108
	ENCODING  shift 109
	ENCRYPTED  shift 110
	ENFORCED  shift 111
	ENUM_P  shift 112
	ERROR_P  shift 113
	ESCAPE  shift 114
	EVENT  shift 115
	EXCLUDE  shift 116
	EXCLUDING  shift 117
	EXCLUSIVE  shift 118
	EXECUTE  shift 119
	EXISTS  shift 367
	EXPLAIN  shift 120
	EXPRESSION  shift 121
	EXTENSION  shift 122
	EXTERNAL  shift 123
	EXTRACT  shift 368
	FALSE_P  shift 451
	FAMILY  shift 124
	FILTER  shift 125
	FINALIZE  shift 126
	FIRST_P  shift 127
	FLOAT_P  shift 369
	FOLLOWING  shift 128
	FORCE  shift 129
	FORMAT  shift 130
	FORWARD  shift 131
	FUNCTION  shift 132
	FUNCTIONS  shift 133
	GENERATED  shift 134
	GLOBAL  shift 135
	GRANTED  shift 136
	GREATEST  shift 370
	GROUPING  shift 371
	GROUPS  shift 137
	HANDLER  shift 138
	HEADER_P  shift 139
	HOLD  shift 140
	HOUR_P  shift 141
	IDENTITY_P  shift 142
	IF_P  shift 143
	IMMEDIATE  shift 144
	IMMUTABLE  shift 145
	IMPLICIT_P  shift 146
	IMPORT_P  shift 147
	INCLUDE  shift 148
	INCLUDING  shift 149
	INCREMENT  shift 150
	INDENT  shift 151
	INDEX  shift 152
	INDEXES  shift 153
	INHERIT  shift 154
	INHERITS  shift 155
	INLINE_P  shift 156
	INOUT  shift 372
	INPUT_P  shift 157
	INSENSITIVE  shift 158
	INSERT  shift 159
	INSTEAD  shift 160
	INT_P  shift 373
	INTEGER  shift 374
	INTERVAL  shift 375
	INVOKER  shift 161
	ISOLATION  shift 162
	JSON  shift 376
	JSON_ARRAY  shift 377
	JSON_ARRAYAGG  shift 378
	JSON_EXISTS  shift 379
	JSON_OBJECT  shift 380
	JSON_OBJECTAGG  shift 381
	JSON_QUERY  shift 382
	JSON_SCALAR  shift 383
	JSON_SERIALIZE  shift 384
	JSON_TABLE  shift 385
	JSON_VALUE  shift 386
	KEEP  shift 163
	KEY  shift 164
	KEYS  shift 165
	LABEL  shift 166
	LANGUAGE  shift 167
	LARGE_P  shift 168
	LAST_P  shift 169
	LEAKPROOF  shift 170
	LEAST  shift 387
	LEVEL  shift 171
	LISTEN  shift 172
	LOAD  shift 173
	LOCAL  shift 174
	LOCATION  shift 175
	LOCK_P  shift 176
	LOCKED  shift 177
	LOGGED  shift 178
	MAPPING  shift 179
	MATCH  shift 180
	MATCHED  shift 181
	MATERIALIZED  shift 182
	MAXVALUE  shift 183
	MERGE  shift 184
	MERGE_ACTION  shift 388
	METHOD  shift 185
	MINUTE_P  shift 186
	MINVALUE  shift 187
	MODE  shift 188
	MONTH_P  shift 189
	MOVE  shift 190
	NAME_P  shift 191
	NAMES  shift 192
	NATIONAL  shift 389
	NCHAR  shift 390
	NESTED  shift 193
	NEW  shift 194
	NEXT  shift 195
	NFC  shift 196
	NFD  shift 197
	NFKC  shift 198
	NFKD  shift 199
	NO  shift 200
	NONE  shift 391
	NORMALIZE  shift 392
	NORMALIZED  shift 201
	NOTHING  shift 202
	NOTIFY  shift 203
	NOWAIT  shift 204
	NULL_P  shift 452
	NULLIF  shift 393
	NULLS_P  shift 205
	NUMERIC  shift 394
	OBJECT_P  shift 206
	OBJECTS_P  shift 207
	OF  shift 208
	OFF  shift 209
	OIDS  shift 210
	OLD  shift 211
	OMIT  shift 212
	OPERATOR  shift 213
	OPTION  shift 214
	OPTIONS  shift 215
	ORDINALITY  shift 216
	OTHERS  shift 217
	OUT_P  shift 395
	OVER  shift 218
	OVERLAY  shift 396
	OVERRIDING  shift 219
	OWNED  shift 220
	OWNER  shift 221
	PARALLEL  shift 222
	PARAMETER  shift 223
	PARSER  shift 224
	PARTIAL  shift 225
	PARTITION  shift 226
	PASSING  shift 227
	PASSWORD  shift 228
	PATH  shift 229
	PERIOD  shift 230
	PLAN  shift 231
	PLANS  shift 232
	POLICY  shift 233
	POSITION  shift 397
	PRECEDING  shift 234
	PRECISION  shift 398
	PREPARE  shift 235
	PREPARED  shift 236
	PRESERVE  shift 237
	PRIOR  shift 238
	PRIVILEGES  shift 239
	PROCEDURAL  shift 240
	PROCEDURE  shift 241
	PROCEDURES  shift 242
	PROGRAM  shift 243
	PUBLICATION  shift 244
	QUOTE  shift 245
	QUOTES  shift 246
	RANGE  shift 247
	READ  shift 248
	REAL  shift 399
	REASSIGN  shift 249
	RECURSIVE  shift 250
	REF_P  shift 251
	REFERENCING  shift 252
	REFRESH  shift 253
	REINDEX  shift 254
	RELATIVE_P  shift 255
	RELEASE  shift 256
	RENAME  shift 257
	REPEATABLE  shift 258
	REPLACE  shift 259
	REPLICA  shift 260
	RESET  shift 261
	RESTART  shift 262
	RESTRICT  shift 263
	RETURN  shift 264
	RETURNS  shift 265
	REVOKE  shift 266
	ROLE  shift 267
	ROLLBACK  shift 268
	ROLLUP  shift 269
	ROUTINE  shift 270
	ROUTINES  shift 271
	ROW  shift 513
	ROWS  shift 514
	RULE  shift 273
	SAVEPOINT  shift 274
	SCALAR  shift 275
	SCHEMA  shift 276
	SCHEMAS  shift 277
	SCROLL  shift 278
	SEARCH  shift 279
	SECOND_P  shift 280
	SECURITY  shift 281
	SEQUENCE  shift 282
	SEQUENCES  shift 283
	SERIALIZABLE  shift 284
	SERVER  shift 285
	SESSION  shift 286
	SET  shift 287
	SETOF  shift 401
	SETS  shift 288
	SHARE  shift 289
	SHOW  shift 290
	SIMPLE  shift 291
	SKIP  shift 292
	SMALLINT  shift 402
	SNAPSHOT  shift 293
	SOURCE  shift 294
	SQL_P  shift 295
	STABLE  shift 296
	STANDALONE_P  shift 297
	START  shift 298
	STATEMENT  shift 299
	STATISTICS  shift 300
	STDIN  shift 301
	STDOUT  shift 302
	STORAGE  shift 303
	STORED  shift 304
	STRICT_P  shift 305
	STRING_P  shift 306
	STRIP_P  shift 307
	SUBSCRIPTION  shift 308
	SUBSTRING  shift 403
	SUPPORT  shift 309
	SYSID  shift 310
	SYSTEM_P  shift 311
	TABLES  shift 312
	TABLESPACE  shift 313
	TARGET  shift 314
	TEMP  shift 315
	TEMPLATE  shift 316
	TEMPORARY  shift 317
	TEXT_P  shift 318
	TIES  shift 319
	TIME  shift 404
	TIMESTAMP  shift 405
	TRANSACTION  shift 320
	TRANSFORM  shift 321
	TREAT  shift 406
	TRIGGER  shift 322
	TRIM  shift 407
	TRUE_P  shift 450
	TRUNCATE  shift 323
	TRUSTED  shift 324
	TYPE_P  shift 325
	TYPES_P  shift 326
	UESCAPE  shift 327
	UNBOUNDED  shift 328
	UNCOMMITTED  shift 329
	UNCONDITIONAL  shift 330
	UNENCRYPTED  shift 331
	UNKNOWN  shift 332
	UNLISTEN  shift 333
	UNLOGGED  shift 334
	UNTIL  shift 335
	UPDATE  shift 336
	VACUUM  shift 337
	VALID  shift 338
	VALIDATE  shift 339
	VALIDATOR  shift 340
	VALUE_P  shift 341
	VALUES  shift 408
	VARCHAR  shift 409
	VARYING  shift 342
	VERSION_P  shift 343
	VIEW  shift 344
	VIEWS  shift 345
	VIRTUAL  shift 346
	VOLATILE  shift 347
	WHITESPACE_P  shift 348
	WITHIN  shift 349
	WITHOUT  shift 350
	WORK  shift 351
	WRAPPER  shift 352
	WRITE  shift 353
	XML_P  shift 354
	XMLATTRIBUTES  shift 410
	XMLCONCAT  shift 411
	XMLELEMENT  shift 412
	XMLEXISTS  shift 413
	XMLFOREST  shift 414
	XMLNAMESPACES  shift 415
	XMLPARSE  shift 416
	XMLPI  shift 417
	XMLROOT  shift 418
	XMLSERIALIZE  shift 419
	XMLTABLE  shift 420
	YEAR_P  shift 355
	YES_P  shift 356
	ZONE  shift 357
	IDENT  shift 25
	FCONST  shift 448
	SCONST  shift 449
	ICONST  shift 447
	PARAM  shift 453
	'-'  shift 512
	.  error

	unreserved_keyword  goto 26
	col_name_keyword  goto 27
	qualified_name  goto 454
	c_expr  goto 511
	select_fetch_first_value  goto 509
	ColId  goto 24
	row_or_rows  goto 510

state 468
	first_or_next:  FIRST_P.    (57)

	.  reduce 57 (src line 593)


state 469
	first_or_next:  NEXT.    (58)

	.  reduce 58 (src line 595)


state 470
	offset_clause:  OFFSET select_offset_value.row_or_rows_opt 
	row_or_rows_opt: .    (52)

	ROW  shift 516
	ROWS  shift 517
	.  reduce 52 (src line 584)

	row_or_rows_opt  goto 515

state 471
	select_offset_value:  a_expr.    (60)
	a_expr:  a_expr.'+' a_expr 
	a_expr:  a_expr.'-' a_expr 
	a_expr:  a_expr.'*' a_expr 
	a_expr:  a_expr.'/' a_expr 
	a_expr:  a_expr.'%' a_expr 
	a_expr:  a_expr.'<' a_expr 
	a_expr:  a_expr.'>' a_expr 
	a_expr:  a_expr.'=' a_expr 
	a_expr:  a_expr.LESS_EQUALS a_expr 
	a_expr:  a_expr.GREATER_EQUALS a_expr 
	a_expr:  a_expr.NOT_EQUALS a_expr 
	a_expr:  a_expr.AND a_expr 
	a_expr:  a_expr.OR a_expr 

	AND  shift 490
	OR  shift 491
	LESS_EQUALS  shift 487
	GREATER_EQUALS  shift 488
	NOT_EQUALS  shift 489
	'<'  shift 484
	'>'  shift 485
	'='  shift 486
	'+'  shift 479
	'-'  shift 480
	'*'  shift 481
	'/'  shift 482
	'%'  shift 483
	.  reduce 60 (src line 603)


state 472
	opt_sort_clause:  ORDER BY sort_by_list.    (30)
	sort_by_list:  sort_by_list.',' SortBy 

	','  shift 518
	.  reduce 30 (src line 463)


state 473
	sort_by_list:  SortBy.    (31)

	.  reduce 31 (src line 468)


state 474
	SortBy:  a_expr.    (33)
	SortBy:  a_expr.ASC 
	SortBy:  a_expr.DESC 
	SortBy:  a_expr.ASC NULLS_LA FIRST_P 
	SortBy:  a_expr.ASC NULLS_LA LAST_P 
	SortBy:  a_expr.DESC NULLS_LA FIRST_P 
	SortBy:  a_expr.DESC NULLS_LA LAST_P 
	a_expr:  a_expr.'+' a_expr 
	a_expr:  a_expr.'-' a_expr 
	a_expr:  a_expr.'*' a_expr 
	a_expr:  a_expr.'/' a_expr 
	a_expr:  a_expr.'%' a_expr 
	a_expr:  a_expr.'<' a_expr 
	a_expr:  a_expr.'>' a_expr 
	a_expr:  a_expr.'=' a_expr 
	a_expr:  a_expr.LESS_EQUALS a_expr 
	a_expr:  a_expr.GREATER_EQUALS a_expr 
	a_expr:  a_expr.NOT_EQUALS a_expr 
	a_expr:  a_expr.AND a_expr 
	a_expr:  a_expr.OR a_expr 

	AND  shift 490
	ASC  shift 519
	DESC  shift 520
	OR  shift 491
	LESS_EQUALS  shift 487
	GREATER_EQUALS  shift 488
	NOT_EQUALS  shift 489
	'<'  shift 484
	'>'  shift 485
	'='  shift 486
	'+'  shift 479
	'-'  shift 480
	'*'  shift 481
	'/'  shift 482
	'%'  shift 483
	.  reduce 33 (src line 478)


state 475
	base_select:  VALUES VALUES_row VALUES_rows_tail opt_sort_clause.opt_select_limit 
	opt_select_limit: .    (40)

	FETCH  shift 436
	LIMIT  shift 435
	OFFSET  shift 437
	.  reduce 40 (src line 518)

	opt_select_limit  goto 521
	select_limit  goto 432
	limit_clause  goto 433
	offset_clause  goto 434

state 476
	VALUES_rows_tail:  VALUES_rows_tail ','.VALUES_row 

	'('  shift 22
	.  error

	VALUES_row  goto 522

state 477
	VALUES_row:  '(' expr_list ')'.    (12)

	.  reduce 12 (src line 343)


state 478
	expr_list:  expr_list ','.a_expr 

	ABORT_P  shift 28
	ABSENT  shift 29
	ABSOLUTE_P  shift 30
	ACCESS  shift 31
	ACTION  shift 32
	ADD_P  shift 33
	ADMIN  shift 34
	AFTER  shift 35
	AGGREGATE  shift 36
	ALSO  shift 37
	ALTER  shift 38
	ALWAYS  shift 39
	ASENSITIVE  shift 40
	ASSERTION  shift 41
	ASSIGNMENT  shift 42
	AT  shift 43
	ATOMIC  shift 44
	ATTACH  shift 45
	ATTRIBUTE  shift 46
	BACKWARD  shift 47
	BEFORE  shift 48
	BEGIN_P  shift 49
	BETWEEN  shift 358
	BIGINT  shift 359
	BIT  shift 360
	BOOLEAN_P  shift 361
	BREADTH  shift 50
	BY  shift 51
	CACHE  shift 52
	CALL  shift 53
	CALLED  shift 54
	CASCADE  shift 55
	CASCADED  shift 56
	CATALOG_P  shift 57
	CHAIN  shift 58
	CHAR_P  shift 362
	CHARACTER  shift 363
	CHARACTERISTICS  shift 59
	CHECKPOINT  shift 60
	CLASS  shift 61
	CLOSE  shift 62
	CLUSTER  shift 63
	COALESCE  shift 364
	COLUMNS  shift 64
	COMMENT  shift 65
	COMMENTS  shift 66
	COMMIT  shift 67
	COMMITTED  shift 68
	COMPRESSION  shift 69
	CONDITIONAL  shift 70
	CONFIGURATION  shift 71
	CONFLICT  shift 72
	CONNECTION  shift 73
	CONSTRAINTS  shift 74
	CONTENT_P  shift 75
	CONTINUE_P  shift 76
	CONVERSION_P  shift 77
	COPY  shift 78
	COST  shift 79
	CSV  shift 80
	CUBE  shift 81
	CURRENT_P  shift 82
	CURSOR  shift 83
	CYCLE  shift 84
	DATA_P  shift 85
	DATABASE  shift 86
	DAY_P  shift 87
	DEALLOCATE  shift 88
	DEC  shift 365
	DECIMAL_P  shift 366
	DECLARE  shift 89
	DEFAULTS  shift 90
	DEFERRED  shift 91
	DEFINER  shift 92
	DELETE_P  shift 93
	DELIMITER  shift 94
	DELIMITERS  shift 95
	DEPENDS  shift 96
	DEPTH  shift 97
	DETACH  shift 98
	DICTIONARY  shift 99
	DISABLE_P  shift 100
	DISCARD  shift 101
	DOCUMENT_P  shift 102
	DOMAIN_P  shift 103
	DOUBLE_P  shift 104
	DROP  shift 105
	EACH  shift 106
	EMPTY_P  shift 107
	ENABLE_P  shift 108
	ENCODING  shift 109
	ENCRYPTED  shift 110
	ENFORCED  shift 111
	ENUM_P  shift 112
	ERROR_P  shift 113
	ESCAPE  shift 114
	EVENT  shift 115
	EXCLUDE  shift 116
	EXCLUDING  shift 117
	EXCLUSIVE  shift 118
	EXECUTE  shift 119
	EXISTS  shift 367
	EXPLAIN  shift 120
	EXPRESSION  shift 121
	EXTENSION  shift 122
	EXTERNAL  shift 123
	EXTRACT  shift 368
	FALSE_P  shift 451
	FAMILY  shift 124
	FILTER  shift 125
	FINALIZE  shift 126
	FIRST_P  shift 127
	FLOAT_P  shift 369
	FOLLOWING  shift 128
	FORCE  shift 129
	FORMAT  shift 130
	FORWARD  shift 131
	FUNCTION  shift 132
	FUNCTIONS  shift 133
	GENERATED  shift 134
	GLOBAL  shift 135
	GRANTED  shift 136
	GREATEST  shift 370
	GROUPING  shift 371
	GROUPS  shift 137
	HANDLER  shift 138
	HEADER_P  shift 139
	HOLD  shift 140
	HOUR_P  shift 141
	IDENTITY_P  shift 142
	IF_P  shift 143
	IMMEDIATE  shift 144
	IMMUTABLE  shift 145
	IMPLICIT_P  shift 146
	IMPORT_P  shift 147
	INCLUDE  shift 148
	INCLUDING  shift 149
	INCREMENT  shift 150
	INDENT  shift 151
	INDEX  shift 152
	INDEXES  shift 153
	INHERIT  shift 154
	INHERITS  shift 155
	INLINE_P  shift 156
	INOUT  shift 372
	INPUT_P  shift 157
	INSENSITIVE  shift 158
	INSERT  shift 159
	INSTEAD  shift 160
	INT_P  shift 373
	INTEGER  shift 374
	INTERVAL  shift 375
	INVOKER  shift 161
	ISOLATION  shift 162
	JSON  shift 376
	JSON_ARRAY  shift 377
	JSON_ARRAYAGG  shift 378
	JSON_EXISTS  shift 379
	JSON_OBJECT  shift 380
	JSON_OBJECTAGG  shift 381
	JSON_QUERY  shift 382
	JSON_SCALAR  shift 383
	JSON_SERIALIZE  shift 384
	JSON_TABLE  shift 385
	JSON_VALUE  shift 386
	KEEP  shift 163
	KEY  shift 164
	KEYS  shift 165
	LABEL  shift 166
	LANGUAGE  shift 167
	LARGE_P  shift 168
	LAST_P  shift 169
	LEAKPROOF  shift 170
	LEAST  shift 387
	LEVEL  shift 171
	LISTEN  shift 172
	LOAD  shift 173
	LOCAL  shift 174
	LOCATION  shift 175
	LOCK_P  shift 176
	LOCKED  shift 177
	LOGGED  shift 178
	MAPPING  shift 179
	MATCH  shift 180
	MATCHED  shift 181
	MATERIALIZED  shift 182
	MAXVALUE  shift 183
	MERGE  shift 184
	MERGE_ACTION  shift 388
	METHOD  shift 185
	MINUTE_P  shift 186
	MINVALUE  shift 187
	MODE  shift 188
	MONTH_P  shift 189
	MOVE  shift 190
	NAME_P  shift 191
	NAMES  shift 192
	NATIONAL  shift 389
	NCHAR  shift 390
	NESTED  shift 193
	NEW  shift 194
	NEXT  shift 195
	NFC  shift 196
	NFD  shift 197
	NFKC  shift 198
	NFKD  shift 199
	NO  shift 200
	NONE  shift 391
	NORMALIZE  shift 392
	NORMALIZED  shift 201
	NOT  shift 443
	NOTHING  shift 202
	NOTIFY  shift 203
	NOWAIT  shift 204
	NULL_P  shift 452
	NULLIF  shift 393
	NULLS_P  shift 205
	NUMERIC  shift 394
	OBJECT_P  shift 206
	OBJECTS_P  shift 207
	OF  shift 208
	OFF  shift 209
	OIDS  shift 210
	OLD  shift 211
	OMIT  shift 212
	OPERATOR  shift 213
	OPTION  shift 214
	OPTIONS  shift 215
	ORDINALITY  shift 216
	OTHERS  shift 217
	OUT_P  shift 395
	OVER  shift 218
	OVERLAY  shift 396
	OVERRIDING  shift 219
	OWNED  shift 220
	OWNER  shift 221
	PARALLEL  shift 222
	PARAMETER  shift 223
	PARSER  shift 224
	PARTIAL  shift 225
	PARTITION  shift 226
	PASSING  shift 227
	PASSWORD  shift 228
	PATH  shift 229
	PERIOD  shift 230
	PLAN  shift 231
	PLANS  shift 232
	POLICY  shift 233
	POSITION  shift 397
	PRECEDING  shift 234
	PRECISION  shift 398
	PREPARE  shift 235
	PREPARED  shift 236
	PRESERVE  shift 237
	PRIOR  shift 238
	PRIVILEGES  shift 239
	PROCEDURAL  shift 240
	PROCEDURE  shift 241
	PROCEDURES  shift 242
	PROGRAM  shift 243
	PUBLICATION  shift 244
	QUOTE  shift 245
	QUOTES  shift 246
	RANGE  shift 247
	READ  shift 248
	REAL  shift 399
	REASSIGN  shift 249
	RECURSIVE  shift 250
	REF_P  shift 251
	REFERENCING  shift 252
	REFRESH  shift 253
	REINDEX  shift 254
	RELATIVE_P  shift 255
	RELEASE  shift 256
	RENAME  shift 257
	REPEATABLE  shift 258
	REPLACE  shift 259
	REPLICA  shift 260
	RESET  shift 261
	RESTART  shift 262
	RESTRICT  shift 263
	RETURN  shift 264
	RETURNS  shift 265
	REVOKE  shift 266
	ROLE  shift 267
	ROLLBACK  shift 268
	ROLLUP  shift 269
	ROUTINE  shift 270
	ROUTINES  shift 271
	ROW  shift 400
	ROWS  shift 272
	RULE  shift 273
	SAVEPOINT  shift 274
	SCALAR  shift 275
	SCHEMA  shift 276
	SCHEMAS  shift 277
	SCROLL  shift 278
	SEARCH  shift 279
	SECOND_P  shift 280
	SECURITY  shift 281
	SEQUENCE  shift 282
	SEQUENCES  shift 283
	SERIALIZABLE  shift 284
	SERVER  shift 285
	SESSION  shift 286
	SET  shift 287
	SETOF  shift 401
	SETS  shift 288
	SHARE  shift 289
	SHOW  shift 290
	SIMPLE  shift 291
	SKIP  shift 292
	SMALLINT  shift 402
	SNAPSHOT  shift 293
	SOURCE  shift 294
	SQL_P  shift 295
	STABLE  shift 296
	STANDALONE_P  shift 297
	START  shift 298
	STATEMENT  shift 299
	STATISTICS  shift 300
	STDIN  shift 301
	STDOUT  shift 302
	STORAGE  shift 303
	STORED  shift 304
	STRICT_P  shift 305
	STRING_P  shift 306
	STRIP_P  shift 307
	SUBSCRIPTION  shift 308
	SUBSTRING  shift 403
	SUPPORT  shift 309
	SYSID  shift 310
	SYSTEM_P  shift 311
	TABLES  shift 312
	TABLESPACE  shift 313
	TARGET  shift 314
	TEMP  shift 315
	TEMPLATE  shift 316
	TEMPORARY  shift 317
	TEXT_P  shift 318
	TIES  shift 319
	TIME  shift 404
	TIMESTAMP  shift 405
	TRANSACTION  shift 320
	TRANSFORM  shift 321
	TREAT  shift 406
	TRIGGER  shift 322
	TRIM  shift 407
	TRUE_P  shift 450
	TRUNCATE  shift 323
	TRUSTED  shift 324
	TYPE_P  shift 325
	TYPES_P  shift 326
	UESCAPE  shift 327
	UNBOUNDED  shift 328
	UNCOMMITTED  shift 329
	UNCONDITIONAL  shift 330
	UNENCRYPTED  shift 331
	UNKNOWN  shift 332
	UNLISTEN  shift 333
	UNLOGGED  shift 334
	UNTIL  shift 335
	UPDATE  shift 336
	VACUUM  shift 337
	VALID  shift 338
	VALIDATE  shift 339
	VALIDATOR  shift 340
	VALUE_P  shift 341
	VALUES  shift 408
	VARCHAR  shift 409
	VARYING  shift 342
	VERSION_P  shift 343
	VIEW  shift 344
	VIEWS  shift 345
	VIRTUAL  shift 346
	VOLATILE  shift 347
	WHITESPACE_P  shift 348
	WITHIN  shift 349
	WITHOUT  shift 350
	WORK  shift 351
	WRAPPER  shift 352
	WRITE  shift 353
	XML_P  shift 354
	XMLATTRIBUTES  shift 410
	XMLCONCAT  shift 411
	XMLELEMENT  shift 412
	XMLEXISTS  shift 413
	XMLFOREST  shift 414
	XMLNAMESPACES  shift 415
	XMLPARSE  shift 416
	XMLPI  shift 417
	XMLROOT  shift 418
	XMLSERIALIZE  shift 419
	XMLTABLE  shift 420
	YEAR_P  shift 355
	YES_P  shift 356
	ZONE  shift 357
	IDENT  shift 25
	FCONST  shift 448
	SCONST  shift 449
	ICONST  shift 447
	PARAM  shift 453
	'+'  shift 445
	'-'  shift 444
	'('  shift 446
	.  error

	unreserved_keyword  goto 26
	col_name_keyword  goto 27
	qualified_name  goto 454
	a_expr  goto 523
	c_expr  goto 442
	ColId  goto 24

state 479
	a_expr:  a_expr '+'.a_expr 

	ABORT_P  shift 28
	ABSENT  shift 29
	ABSOLUTE_P  shift 30
	ACCESS  shift 31
	ACTION  shift 32
	ADD_P  shift 33
	ADMIN  shift 34
	AFTER  shift 35
	AGGREGATE  shift 36
	ALSO  shift 37
	ALTER  shift 38
	ALWAYS  shift 39
	ASENSITIVE  shift 40
	ASSERTION  shift 41
	ASSIGNMENT  shift 42
	AT  shift 43
	ATOMIC  shift 44
	ATTACH  shift 45
	ATTRIBUTE  shift 46
	BACKWARD  shift 47
	BEFORE  shift 48
	BEGIN_P  shift 49
	BETWEEN  shift 358
	BIGINT  shift 359
	BIT  shift 360
	BOOLEAN_P  shift 361
	BREADTH  shift 50
	BY  shift 51
	CACHE  shift 52
	CALL  shift 53
	CALLED  shift 54
	CASCADE  shift 55
	CASCADED  shift 56
	CATALOG_P  shift 57
	CHAIN  shift 58
	CHAR_P  shift 362
	CHARACTER  shift 363
	CHARACTERISTICS  shift 59
	CHECKPOINT  shift 60
	CLASS  shift 61
	CLOSE  shift 62
	CLUSTER  shift 63
	COALESCE  shift 364
	COLUMNS  shift 64
	COMMENT  shift 65
	COMMENTS  shift 66
	COMMIT  shift 67
	COMMITTED  shift 68
	COMPRESSION  shift 69
	CONDITIONAL  shift 70
	CONFIGURATION  shift 71
	CONFLICT  shift 72
	CONNECTION  shift 73
	CONSTRAINTS  shift 74
	CONTENT_P  shift 75
	CONTINUE_P  shift 76
	CONVERSION_P  shift 77
	COPY  shift 78
	COST  shift 79
	CSV  shift 80
	CUBE  shift 81
	CURRENT_P  shift 82
	CURSOR  shift 83
	CYCLE  shift 84
	DATA_P  shift 85
	DATABASE  shift 86
	DAY_P  shift 87
	DEALLOCATE  shift 88
	DEC  shift 365
	DECIMAL_P  shift 366
	DECLARE  shift 89
	DEFAULTS  shift 90
	DEFERRED  shift 91
	DEFINER  shift 92
	DELETE_P  shift 93
	DELIMITER  shift 94
	DELIMITERS  shift 95
	DEPENDS  shift 96
	DEPTH  shift 97
	DETACH  shift 98
	DICTIONARY  shift 99
	DISABLE_P  shift 100
	DISCARD  shift 101
	DOCUMENT_P  shift 102
	DOMAIN_P  shift 103
	DOUBLE_P  shift 104
	DROP  shift 105
	EACH  shift 106
	EMPTY_P  shift 107
	ENABLE_P  shift 108
	ENCODING  shift 109
	ENCRYPTED  shift 110
	ENFORCED  shift 111
	ENUM_P  shift 112
	ERROR_P  shift 113
	ESCAPE  shift 114
	EVENT  shift 115
	EXCLUDE  shift 116
	EXCLUDING  shift 117
	EXCLUSIVE  shift 118
	EXECUTE  shift 119
	EXISTS  shift 367
	EXPLAIN  shift 120
	EXPRESSION  shift 121
	EXTENSION  shift 122
	EXTERNAL  shift 123
	EXTRACT  shift 368
	FALSE_P  shift 451
	FAMILY  shift 124
	FILTER  shift 125
	FINALIZE  shift 126
	FIRST_P  shift 127
	FLOAT_P  shift 369
	FOLLOWING  shift 128
	FORCE  shift 129
	FORMAT  shift 130
	FORWARD  shift 131
	FUNCTION  shift 132
	FUNCTIONS  shift 133
	GENERATED  shift 134
	GLOBAL  shift 135
	GRANTED  shift 136
	GREATEST  shift 370
	GROUPING  shift 371
	GROUPS  shift 137
	HANDLER  shift 138
	HEADER_P  shift 139
	HOLD  shift 140
	HOUR_P  shift 141
	IDENTITY_P  shift 142
	IF_P  shift 143
	IMMEDIATE  shift 144
	IMMUTABLE  shift 145
	IMPLICIT_P  shift 146
	IMPORT_P  shift 147
	INCLUDE  shift 148
	INCLUDING  shift 149
	INCREMENT  shift 150
	INDENT  shift 151
	INDEX  shift 152
	INDEXES  shift 153
	INHERIT  shift 154
	INHERITS  shift 155
	INLINE_P  shift 156
	INOUT  shift 372
	INPUT_P  shift 157
	INSENSITIVE  shift 158
	INSERT  shift 159
	INSTEAD  shift 160
	INT_P  shift 373
	INTEGER  shift 374
	INTERVAL  shift 375
	INVOKER  shift 161
	ISOLATION  shift 162
	JSON  shift 376
	JSON_ARRAY  shift 377
	JSON_ARRAYAGG  shift 378
	JSON_EXISTS  shift 379
	JSON_OBJECT  shift 380
	JSON_OBJECTAGG  shift 381
	JSON_QUERY  shift 382
	JSON_SCALAR  shift 383
	JSON_SERIALIZE  shift 384
	JSON_TABLE  shift 385
	JSON_VALUE  shift 386
	KEEP  shift 163
	KEY  shift 164
	KEYS  shift 165
	LABEL  shift 166
	LANGUAGE  shift 167
	LARGE_P  shift 168
	LAST_P  shift 169
	LEAKPROOF  shift 170
	LEAST  shift 387
	LEVEL  shift 171
	LISTEN  shift 172
	LOAD  shift 173
	LOCAL  shift 174
	LOCATION  shift 175
	LOCK_P  shift 176
	LOCKED  shift 177
	LOGGED  shift 178
	MAPPING  shift 179
	MATCH  shift 180
	MATCHED  shift 181
	MATERIALIZED  shift 182
	MAXVALUE  shift 183
	MERGE  shift 184
	MERGE_ACTION  shift 388
	METHOD  shift 185
	MINUTE_P  shift 186
	MINVALUE  shift 187
	MODE  shift 188
	MONTH_P  shift 189
	MOVE  shift 190
	NAME_P  shift 191
	NAMES  shift 192
	NATIONAL  shift 389
	NCHAR  shift 390
	NESTED  shift 193
	NEW  shift 194
	NEXT  shift 195
	NFC  shift 196
	NFD  shift 197
	NFKC  shift 198
	NFKD  shift 199
	NO  shift 200
	NONE  shift 391
	NORMALIZE  shift 392
	NORMALIZED  shift 201
	NOT  shift 443
	NOTHING  shift 202
	NOTIFY  shift 203
	NOWAIT  shift 204
	NULL_P  shift 452
	NULLIF  shift 393
	NULLS_P  shift 205
	NUMERIC  shift 394
	OBJECT_P  shift 206
	OBJECTS_P  shift 207
	OF  shift 208
	OFF  shift 209
	OIDS  shift 210
	OLD  shift 211
	OMIT  shift 212
	OPERATOR  shift 213
	OPTION  shift 214
	OPTIONS  shift 215
	ORDINALITY  shift 216
	OTHERS  shift 217
	OUT_P  shift 395
	OVER  shift 218
	OVERLAY  shift 396
	OVERRIDING  shift 219
	OWNED  shift 220
	OWNER  shift 221
	PARALLEL  shift 222
	PARAMETER  shift 223
	PARSER  shift 224
	PARTIAL  shift 225
	PARTITION  shift 226
	PASSING  shift 227
	PASSWORD  shift 228
	PATH  shift 229
	PERIOD  shift 230
	PLAN  shift 231
	PLANS  shift 232
	POLICY  shift 233
	POSITION  shift 397
	PRECEDING  shift 234
	PRECISION  shift 398
	PREPARE  shift 235
	PREPARED  shift 236
	PRESERVE  shift 237
	PRIOR  shift 238
	PRIVILEGES  shift 239
	PROCEDURAL  shift 240
	PROCEDURE  shift 241
	PROCEDURES  shift 242
	PROGRAM  shift 243
	PUBLICATION  shift 244
	QUOTE  shift 245
	QUOTES  shift 246
	RANGE  shift 247
	READ  shift 248
	REAL  shift 399
	REASSIGN  shift 249
	RECURSIVE  shift 250
	REF_P  shift 251
	REFERENCING  shift 252
	REFRESH  shift 253
	REINDEX  shift 254
	RELATIVE_P  shift 255
	RELEASE  shift 256
	RENAME  shift 257
	REPEATABLE  shift 258
	REPLACE  shift 259
	REPLICA  shift 260
	RESET  shift 261
	RESTART  shift 262
	RESTRICT  shift 263
	RETURN  shift 264
	RETURNS  shift 265
	REVOKE  shift 266
	ROLE  shift 267
	ROLLBACK  shift 268
	ROLLUP  shift 269
	ROUTINE  shift 270
	ROUTINES  shift 271
	ROW  shift 400
	ROWS  shift 272
	RULE  shift 273
	SAVEPOINT  shift 274
	SCALAR  shift 275
	SCHEMA  shift 276
	SCHEMAS  shift 277
	SCROLL  shift 278
	SEARCH  shift 279
	SECOND_P  shift 280
	SECURITY  shift 281
	SEQUENCE  shift 282
	SEQUENCES  shift 283
	SERIALIZABLE  shift 284
	SERVER  shift 285
	SESSION  shift 286
	SET  shift 287
	SETOF  shift 401
	SETS  shift 288
	SHARE  shift 289
	SHOW  shift 290
	SIMPLE  shift 291
	SKIP  shift 292
	SMALLINT  shift 402
	SNAPSHOT  shift 293
	SOURCE  shift 294
	SQL_P  shift 295
	STABLE  shift 296
	STANDALONE_P  shift 297
	START  shift 298
	STATEMENT  shift 299
	STATISTICS  shift 300
	STDIN  shift 301
	STDOUT  shift 302
	STORAGE  shift 303
	STORED  shift 304
	STRICT_P  shift 305
	STRING_P  shift 306
	STRIP_P  shift 307
	SUBSCRIPTION  shift 308
	SUBSTRING  shift 403
	SUPPORT  shift 309
	SYSID  shift 310
	SYSTEM_P  shift 311
	TABLES  shift 312
	TABLESPACE  shift 313
	TARGET  shift 314
	TEMP  shift 315
	TEMPLATE  shift 316
	TEMPORARY  shift 317
	TEXT_P  shift 318
	TIES  shift 319
	TIME  shift 404
	TIMESTAMP  shift 405
	TRANSACTION  shift 320
	TRANSFORM  shift 321
	TREAT  shift 406
	TRIGGER  shift 322
	TRIM  shift 407
	TRUE_P  shift 450
	TRUNCATE  shift 323
	TRUSTED  shift 324
	TYPE_P  shift 325
	TYPES_P  shift 326
	UESCAPE  shift 327
	UNBOUNDED  shift 328
	UNCOMMITTED  shift 329
	UNCONDITIONAL  shift 330
	UNENCRYPTED  shift 331
	UNKNOWN  shift 332
	UNLISTEN  shift 333
	UNLOGGED  shift 334
	UNTIL  shift 335
	UPDATE  shift 336
	VACUUM  shift 337
	VALID  shift 338
	VALIDATE  shift 339
	VALIDATOR  shift 340
	VALUE_P  shift 341
	VALUES  shift 408
	VARCHAR  shift 409
	VARYING  shift 342
	VERSION_P  shift 343
	VIEW  shift 344
	VIEWS  shift 345
	VIRTUAL  shift 346
	VOLATILE  shift 347
	WHITESPACE_P  shift 348
	WITHIN  shift 349
	WITHOUT  shift 350
	WORK  shift 351
	WRAPPER  shift 352
	WRITE  shift 353
	XML_P  shift 354
	XMLATTRIBUTES  shift 410
	XMLCONCAT  shift 411
	XMLELEMENT  shift 412
	XMLEXISTS  shift 413
	XMLFOREST  shift 414
	XMLNAMESPACES  shift 415
	XMLPARSE  shift 416
	XMLPI  shift 417
	XMLROOT  shift 418
	XMLSERIALIZE  shift 419
	XMLTABLE  shift 420
	YEAR_P  shift 355
	YES_P  shift 356
	ZONE  shift 357
	IDENT  shift 25
	FCONST  shift 448
	SCONST  shift 449
	ICONST  shift 447
	PARAM  shift 453
	'+'  shift 445
	'-'  shift 444
	'('  shift 446
	.  error

	unreserved_keyword  goto 26
	col_name_keyword  goto 27
	qualified_name  goto 454
	a_expr  goto 524
	c_expr  goto 442
	ColId  goto 24

state 480
	a_expr:  a_expr '-'.a_expr 

	ABORT_P  shift 28
	ABSENT  shift 29
	ABSOLUTE_P  shift 30
	ACCESS  shift 31
	ACTION  shift 32
	ADD_P  shift 33
	ADMIN  shift 34
	AFTER  shift 35
	AGGREGATE  shift 36
	ALSO  shift 37
	ALTER  shift 38
	ALWAYS  shift 39
	ASENSITIVE  shift 40
	ASSERTION  shift 41
	ASSIGNMENT  shift 42
	AT  shift 43
	ATOMIC  shift 44
	ATTACH  shift 45
	ATTRIBUTE  shift 46
	BACKWARD  shift 47
	BEFORE  shift 48
	BEGIN_P  shift 49
	BETWEEN  shift 358
	BIGINT  shift 359
	BIT  shift 360
	BOOLEAN_P  shift 361
	BREADTH  shift 50
	BY  shift 51
	CACHE  shift 52
	CALL  shift 53
	CALLED  shift 54
	CASCADE  shift 55
	CASCADED  shift 56
	CATALOG_P  shift 57
	CHAIN  shift 58
	CHAR_P  shift 362
	CHARACTER  shift 363
	CHARACTERISTICS  shift 59
	CHECKPOINT  shift 60
	CLASS  shift 61
	CLOSE  shift 62
	CLUSTER  shift 63
	COALESCE  shift 364
	COLUMNS  shift 64
	COMMENT  shift 65
	COMMENTS  shift 66
	COMMIT  shift 67
	COMMITTED  shift 68
	COMPRESSION  shift 69
	CONDITIONAL  shift 70
	CONFIGURATION  shift 71
	CONFLICT  shift 72
	CONNECTION  shift 73
	CONSTRAINTS  shift 74
	CONTENT_P  shift 75
	CONTINUE_P  shift 76
	CONVERSION_P  shift 77
	COPY  shift 78
	COST  shift 79
	CSV  shift 80
	CUBE  shift 81
	CURRENT_P  shift 82
	CURSOR  shift 83
	CYCLE  shift 84
	DATA_P  shift 85
	DATABASE  shift 86
	DAY_P  shift 87
	DEALLOCATE  shift 88
	DEC  shift 365
	DECIMAL_P  shift 366
	DECLARE  shift 89
	DEFAULTS  shift 90
	DEFERRED  shift 91
	DEFINER  shift 92
	DELETE_P  shift 93
	DELIMITER  shift 94
	DELIMITERS  shift 95
	DEPENDS  shift 96
	DEPTH  shift 97
	DETACH  shift 98
	DICTIONARY  shift 99
	DISABLE_P  shift 100
	DISCARD  shift 101
	DOCUMENT_P  shift 102
	DOMAIN_P  shift 103
	DOUBLE_P  shift 104
	DROP  shift 105
	EACH  shift 106
	EMPTY_P  shift 107
	ENABLE_P  shift 108
	ENCODING  shift 109
	ENCRYPTED  shift 110
	ENFORCED  shift 111
	ENUM_P  shift 112
	ERROR_P  shift 113
	ESCAPE  shift 114
	EVENT  shift 115
	EXCLUDE  shift 116
	EXCLUDING  shift 117
	EXCLUSIVE  shift 118
	EXECUTE  shift 119
	EXISTS  shift 367
	EXPLAIN  shift 120
	EXPRESSION  shift 121
	EXTENSION  shift 122
	EXTERNAL  shift 123
	EXTRACT  shift 368
	FALSE_P  shift 451
	FAMILY  shift 124
	FILTER  shift 125
	FINALIZE  shift 126
	FIRST_P  shift 127
	FLOAT_P  shift 369
	FOLLOWING  shift 128
	FORCE  shift 129
	FORMAT  shift 130
	FORWARD  shift 131
	FUNCTION  shift 132
	FUNCTIONS  shift 133
	GENERATED  shift 134
	GLOBAL  shift 135
	GRANTED  shift 136
	GREATEST  shift 370
	GROUPING  shift 371
	GROUPS  shift 137
	HANDLER  shift 138
	HEADER_P  shift 139
	HOLD  shift 140
	HOUR_P  shift 141
	IDENTITY_P  shift 142
	IF_P  shift 143
	IMMEDIATE  shift 144
	IMMUTABLE  shift 145
	IMPLICIT_P  shift 146
	IMPORT_P  shift 147
	INCLUDE  shift 148
	INCLUDING  shift 149
	INCREMENT  shift 150
	INDENT  shift 151
	INDEX  shift 152
	INDEXES  shift 153
	INHERIT  shift 154
	INHERITS  shift 155
	INLINE_P  shift 156
	INOUT  shift 372
	INPUT_P  shift 157
	INSENSITIVE  shift 158
	INSERT  shift 159
	INSTEAD  shift 160
	INT_P  shift 373
	INTEGER  shift 374
	INTERVAL  shift 375
	INVOKER  shift 161
	ISOLATION  shift 162
	JSON  shift 376
	JSON_ARRAY  shift 377
	JSON_ARRAYAGG  shift 378
	JSON_EXISTS  shift 379
	JSON_OBJECT  shift 380
	JSON_OBJECTAGG  shift 381
	JSON_QUERY  shift 382
	JSON_SCALAR  shift 383
	JSON_SERIALIZE  shift 384
	JSON_TABLE  shift 385
	JSON_VALUE  shift 386
	KEEP  shift 163
	KEY  shift 164
	KEYS  shift 165
	LABEL  shift 166
	LANGUAGE  shift 167
	LARGE_P  shift 168
	LAST_P  shift 169
	LEAKPROOF  shift 170
	LEAST  shift 387
	LEVEL  shift 171
	LISTEN  shift 172
	LOAD  shift 173
	LOCAL  shift 174
	LOCATION  shift 175
	LOCK_P  shift 176
	LOCKED  shift 177
	LOGGED  shift 178
	MAPPING  shift 179
	MATCH  shift 180
	MATCHED  shift 181
	MATERIALIZED  shift 182
	MAXVALUE  shift 183
	MERGE  shift 184
	MERGE_ACTION  shift 388
	METHOD  shift 185
	MINUTE_P  shift 186
	MINVALUE  shift 187
	MODE  shift 188
	MONTH_P  shift 189
	MOVE  shift 190
	NAME_P  shift 191
	NAMES  shift 192
	NATIONAL  shift 389
	NCHAR  shift 390
	NESTED  shift 193
	NEW  shift 194
	NEXT  shift 195
	NFC  shift 196
	NFD  shift 197
	NFKC  shift 198
	NFKD  shift 199
	NO  shift 200
	NONE  shift 391
	NORMALIZE  shift 392
	NORMALIZED  shift 201
	NOT  shift 443
	NOTHING  shift 202
	NOTIFY  shift 203
	NOWAIT  shift 204
	NULL_P  shift 452
	NULLIF  shift 393
	NULLS_P  shift 205
	NUMERIC  shift 394
	OBJECT_P  shift 206
	OBJECTS_P  shift 207
	OF  shift 208
	OFF  shift 209
	OIDS  shift 210
	OLD  shift 211
	OMIT  shift 212
	OPERATOR  shift 213
	OPTION  shift 214
	OPTIONS  shift 215
	ORDINALITY  shift 216
	OTHERS  shift 217
	OUT_P  shift 395
	OVER  shift 218
	OVERLAY  shift 396
	OVERRIDING  shift 219
	OWNED  shift 220
	OWNER  shift 221
	PARALLEL  shift 222
	PARAMETER  shift 223
	PARSER  shift 224
	PARTIAL  shift 225
	PARTITION  shift 226
	PASSING  shift 227
	PASSWORD  shift 228
	PATH  shift 229
	PERIOD  shift 230
	PLAN  shift 231
	PLANS  shift 232
	POLICY  shift 233
	POSITION  shift 397
	PRECEDING  shift 234
	PRECISION  shift 398
	PREPARE  shift 235
	PREPARED  shift 236
	PRESERVE  shift 237
	PRIOR  shift 238
	PRIVILEGES  shift 239
	PROCEDURAL  shift 240
	PROCEDURE  shift 241
	PROCEDURES  shift 242
	PROGRAM  shift 243
	PUBLICATION  shift 244
	QUOTE  shift 245
	QUOTES  shift 246
	RANGE  shift 247
	READ  shift 248
	REAL  shift 399
	REASSIGN  shift 249
	RECURSIVE  shift 250
	REF_P  shift 251
	REFERENCING  shift 252
	REFRESH  shift 253
	REINDEX  shift 254
	RELATIVE_P  shift 255
	RELEASE  shift 256
	RENAME  shift 257
	REPEATABLE  shift 258
	REPLACE  shift 259
	REPLICA  shift 260
	RESET  shift 261
	RESTART  shift 262
	RESTRICT  shift 263
	RETURN  shift 264
	RETURNS  shift 265
	REVOKE  shift 266
	ROLE  shift 267
	ROLLBACK  shift 268
	ROLLUP  shift 269
	ROUTINE  shift 270
	ROUTINES  shift 271
	ROW  shift 400
	ROWS  shift 272
	RULE  shift 273
	SAVEPOINT  shift 274
	SCALAR  shift 275
	SCHEMA  shift 276
	SCHEMAS  shift 277
	SCROLL  shift 278
	SEARCH  shift 279
	SECOND_P  shift 280
	SECURITY  shift 281
	SEQUENCE  shift 282
	SEQUENCES  shift 283
	SERIALIZABLE  shift 284
	SERVER  shift 285
	SESSION  shift 286
	SET  shift 287
	SETOF  shift 401
	SETS  shift 288
	SHARE  shift 289
	SHOW  shift 290
	SIMPLE  shift 291
	SKIP  shift 292
	SMALLINT  shift 402
	SNAPSHOT  shift 293
	SOURCE  shift 294
	SQL_P  shift 295
	STABLE  shift 296
	STANDALONE_P  shift 297
	START  shift 298
	STATEMENT  shift 299
	STATISTICS  shift 300
	STDIN  shift 301
	STDOUT  shift 302
	STORAGE  shift 303
	STORED  shift 304
	STRICT_P  shift 305
	STRING_P  shift 306
	STRIP_P  shift 307
	SUBSCRIPTION  shift 308
	SUBSTRING  shift 403
	SUPPORT  shift 309
	SYSID  shift 310
	SYSTEM_P  shift 311
	TABLES  shift 312
	TABLESPACE  shift 313
	TARGET  shift 314
	TEMP  shift 315
	TEMPLATE  shift 316
	TEMPORARY  shift 317
	TEXT_P  shift 318
	TIES  shift 319
	TIME  shift 404
	TIMESTAMP  shift 405
	TRANSACTION  shift 320
	TRANSFORM  shift 321
	TREAT  shift 406
	TRIGGER  shift 322
	TRIM  shift 407
	TRUE_P  shift 450
	TRUNCATE  shift 323
	TRUSTED  shift 324
	TYPE_P  shift 325
	TYPES_P  shift 326
	UESCAPE  shift 327
	UNBOUNDED  shift 328
	UNCOMMITTED  shift 329
	UNCONDITIONAL  shift 330
	UNENCRYPTED  shift 331
	UNKNOWN  shift 332
	UNLISTEN  shift 333
	UNLOGGED  shift 334
	UNTIL  shift 335
	UPDATE  shift 336
	VACUUM  shift 337
	VALID  shift 338
	VALIDATE  shift 339
	VALIDATOR  shift 340
	VALUE_P  shift 341
	VALUES  shift 408
	VARCHAR  shift 409
	VARYING  shift 342
	VERSION_P  shift 343
	VIEW  shift 344
	VIEWS  shift 345
	VIRTUAL  shift 346
	VOLATILE  shift 347
	WHITESPACE_P  shift 348
	WITHIN  shift 349
	WITHOUT  shift 350
	WORK  shift 351
	WRAPPER  shift 352
	WRITE  shift 353
	XML_P  shift 354
	XMLATTRIBUTES  shift 410
	XMLCONCAT  shift 411
	XMLELEMENT  shift 412
	XMLEXISTS  shift 413
	XMLFOREST  shift 414
	XMLNAMESPACES  shift 415
	XMLPARSE  shift 416
	XMLPI  shift 417
	XMLROOT  shift 418
	XMLSERIALIZE  shift 419
	XMLTABLE  shift 420
	YEAR_P  shift 355
	YES_P  shift 356
	ZONE  shift 357
	IDENT  shift 25
	FCONST  shift 448
	SCONST  shift 449
	ICONST  shift 447
	PARAM  shift 453
	'+'  shift 445
	'-'  shift 444
	'('  shift 446
	.  error

	unreserved_keyword  goto 26
	col_name_keyword  goto 27
	qualified_name  goto 454
	a_expr  goto 525
	c_expr  goto 442
	ColId  goto 24

state 481
	a_expr:  a_expr '*'.a_expr 

	ABORT_P  shift 28
	ABSENT  shift 29
	ABSOLUTE_P  shift 30
	ACCESS  shift 31
	ACTION  shift 32
	ADD_P  shift 33
	ADMIN  shift 34
	AFTER  shift 35
	AGGREGATE  shift 36
	ALSO  shift 37
	ALTER  shift 38
	ALWAYS  shift 39
	ASENSITIVE  shift 40
	ASSERTION  shift 41
	ASSIGNMENT  shift 42
	AT  shift 43
	ATOMIC  shift 44
	ATTACH  shift 45
	ATTRIBUTE  shift 46
	BACKWARD  shift 47
	BEFORE  shift 48
	BEGIN_P  shift 49
	BETWEEN  shift 358
	BIGINT  shift 359
	BIT  shift 360
	BOOLEAN_P  shift 361
	BREADTH  shift 50
	BY  shift 51
	CACHE  shift 52
	CALL  shift 53
	CALLED  shift 54
	CASCADE  shift 55
	CASCADED  shift 56
	CATALOG_P  shift 57
	CHAIN  shift 58
	CHAR_P  shift 362
	CHARACTER  shift 363
	CHARACTERISTICS  shift 59
	CHECKPOINT  shift 60
	CLASS  shift 61
	CLOSE  shift 62
	CLUSTER  shift 63
	COALESCE  shift 364
	COLUMNS  shift 64
	COMMENT  shift 65
	COMMENTS  shift 66
	COMMIT  shift 67
	COMMITTED  shift 68
	COMPRESSION  shift 69
	CONDITIONAL  shift 70
	CONFIGURATION  shift 71
	CONFLICT  shift 72
	CONNECTION  shift 73
	CONSTRAINTS  shift 74
	CONTENT_P  shift 75
	CONTINUE_P  shift 76
	CONVERSION_P  shift 77
	COPY  shift 78
	COST  shift 79
	CSV  shift 80
	CUBE  shift 81
	CURRENT_P  shift 82
	CURSOR  shift 83
	CYCLE  shift 84
	DATA_P  shift 85
	DATABASE  shift 86
	DAY_P  shift 87
	DEALLOCATE  shift 88
	DEC  shift 365
	DECIMAL_P  shift 366
	DECLARE  shift 89
	DEFAULTS  shift 90
	DEFERRED  shift 91
	DEFINER  shift 92
	DELETE_P  shift 93
	DELIMITER  shift 94
	DELIMITERS  shift 95
	DEPENDS  shift 96
	DEPTH  shift 97
	DETACH  shift 98
	DICTIONARY  shift 99
	DISABLE_P  shift 100
	DISCARD  shift 101
	DOCUMENT_P  shift 102
	DOMAIN_P  shift 103
	DOUBLE_P  shift 104
	DROP  shift 105
	EACH  shift 106
	EMPTY_P  shift 107
	ENABLE_P  shift 108
	ENCODING  shift 109
	ENCRYPTED  shift 110
	ENFORCED  shift 111
	ENUM_P  shift 112
	ERROR_P  shift 113
	ESCAPE  shift 114
	EVENT  shift 115
	EXCLUDE  shift 116
	EXCLUDING  shift 117
	EXCLUSIVE  shift 118
	EXECUTE  shift 119
	EXISTS  shift 367
	EXPLAIN  shift 120
	EXPRESSION  shift 121
	EXTENSION  shift 122
	EXTERNAL  shift 123
	EXTRACT  shift 368
	FALSE_P  shift 451
	FAMILY  shift 124
	FILTER  shift 125
	FINALIZE  shift 126
	FIRST_P  shift 127
	FLOAT_P  shift 369
	FOLLOWING  shift 128
	FORCE  shift 129
	FORMAT  shift 130
	FORWARD  shift 131
	FUNCTION  shift 132
	FUNCTIONS  shift 133
	GENERATED  shift 134
	GLOBAL  shift 135
	GRANTED  shift 136
	GREATEST  shift 370
	GROUPING  shift 371
	GROUPS  shift 137
	HANDLER  shift 138
	HEADER_P  shift 139
	HOLD  shift 140
	HOUR_P  shift 141
	IDENTITY_P  shift 142
	IF_P  shift 143
	IMMEDIATE  shift 144
	IMMUTABLE  shift 145
	IMPLICIT_P  shift 146
	IMPORT_P  shift 147
	INCLUDE  shift 148
	INCLUDING  shift 149
	INCREMENT  shift 150
	INDENT  shift 151
	INDEX  shift 152
	INDEXES  shift 153
	INHERIT  shift 154
	INHERITS  shift 155
	INLINE_P  shift 156
	INOUT  shift 372
	INPUT_P  shift 157
	INSENSITIVE  shift 158
	INSERT  shift 159
	INSTEAD  shift 160
	INT_P  shift 373
	INTEGER  shift 374
	INTERVAL  shift 375
	INVOKER  shift 161
	ISOLATION  shift 162
	JSON  shift 376
	JSON_ARRAY  shift 377
	JSON_ARRAYAGG  shift 378
	JSON_EXISTS  shift 379
	JSON_OBJECT  shift 380
	JSON_OBJECTAGG  shift 381
	JSON_QUERY  shift 382
	JSON_SCALAR  shift 383
	JSON_SERIALIZE  shift 384
	JSON_TABLE  shift 385
	JSON_VALUE  shift 386
	KEEP  shift 163
	KEY  shift 164
	KEYS  shift 165
	LABEL  shift 166
	LANGUAGE  shift 167
	LARGE_P  shift 168
	LAST_P  shift 169
	LEAKPROOF  shift 170
	LEAST  shift 387
	LEVEL  shift 171
	LISTEN  shift 172
	LOAD  shift 173
	LOCAL  shift 174
	LOCATION  shift 175
	LOCK_P  shift 176
	LOCKED  shift 177
	LOGGED  shift 178
	MAPPING  shift 179
	MATCH  shift 180
	MATCHED  shift 181
	MATERIALIZED  shift 182
	MAXVALUE  shift 183
	MERGE  shift 184
	MERGE_ACTION  shift 388
	METHOD  shift 185
	MINUTE_P  shift 186
	MINVALUE  shift 187
	MODE  shift 188
	MONTH_P  shift 189
	MOVE  shift 190
	NAME_P  shift 191
	NAMES  shift 192
	NATIONAL  shift 389
	NCHAR  shift 390
	NESTED  shift 193
	NEW  shift 194
	NEXT  shift 195
	NFC  shift 196
	NFD  shift 197
	NFKC  shift 198
	NFKD  shift 199
	NO  shift 200
	NONE  shift 391
	NORMALIZE  shift 392
	NORMALIZED  shift 201
	NOT  shift 443
	NOTHING  shift 202
	NOTIFY  shift 203
	NOWAIT  shift 204
	NULL_P  shift 452
	NULLIF  shift 393
	NULLS_P  shift 205
	NUMERIC  shift 394
	OBJECT_P  shift 206
	OBJECTS_P  shift 207
	OF  shift 208
	OFF  shift 209
	OIDS  shift 210
	OLD  shift 211
	OMIT  shift 212
	OPERATOR  shift 213
	OPTION  shift 214
	OPTIONS  shift 215
	ORDINALITY  shift 216
	OTHERS  shift 217
	OUT_P  shift 395
	OVER  shift 218
	OVERLAY  shift 396
	OVERRIDING  shift 219
	OWNED  shift 220
	OWNER  shift 221
	PARALLEL  shift 222
	PARAMETER  shift 223
	PARSER  shift 224
	PARTIAL  shift 225
	PARTITION  shift 226
	PASSING  shift 227
	PASSWORD  shift 228
	PATH  shift 229
	PERIOD  shift 230
	PLAN  shift 231
	PLANS  shift 232
	POLICY  shift 233
	POSITION  shift 397
	PRECEDING  shift 234
	PRECISION  shift 398
	PREPARE  shift 235
	PREPARED  shift 236
	PRESERVE  shift 237
	PRIOR  shift 238
	PRIVILEGES  shift 239
	PROCEDURAL  shift 240
	PROCEDURE  shift 241
	PROCEDURES  shift 242
	PROGRAM  shift 243
	PUBLICATION  shift 244
	QUOTE  shift 245
	QUOTES  shift 246
	RANGE  shift 247
	READ  shift 248
	REAL  shift 399
	REASSIGN  shift 249
	RECURSIVE  shift 250
	REF_P  shift 251
	REFERENCING  shift 252
	REFRESH  shift 253
	REINDEX  shift 254
	RELATIVE_P  shift 255
	RELEASE  shift 256
	RENAME  shift 257
	REPEATABLE  shift 258
	REPLACE  shift 259
	REPLICA  shift 260
	RESET  shift 261
	RESTART  shift 262
	RESTRICT  shift 263
	RETURN  shift 264
	RETURNS  shift 265
	REVOKE  shift 266
	ROLE  shift 267
	ROLLBACK  shift 268
	ROLLUP  shift 269
	ROUTINE  shift 270
	ROUTINES  shift 271
	ROW  shift 400
	ROWS  shift 272
	RULE  shift 273
	SAVEPOINT  shift 274
	SCALAR  shift 275
	SCHEMA  shift 276
	SCHEMAS  shift 277
	SCROLL  shift 278
	SEARCH  shift 279
	SECOND_P  shift 280
	SECURITY  shift 281
	SEQUENCE  shift 282
	SEQUENCES  shift 283
	SERIALIZABLE  shift 284
	SERVER  shift 285
	SESSION  shift 286
	SET  shift 287
	SETOF  shift 401
	SETS  shift 288
	SHARE  shift 289
	SHOW  shift 290
	SIMPLE  shift 291
	SKIP  shift 292
	SMALLINT  shift 402
	SNAPSHOT  shift 293
	SOURCE  shift 294
	SQL_P  shift 295
	STABLE  shift 296
	STANDALONE_P  shift 297
	START  shift 298
	STATEMENT  shift 299
	STATISTICS  shift 300
	STDIN  shift 301
	STDOUT  shift 302
	STORAGE  shift 303
	STORED  shift 304
	STRICT_P  shift 305
	STRING_P  shift 306
	STRIP_P  shift 307
	SUBSCRIPTION  shift 308
	SUBSTRING  shift 403
	SUPPORT  shift 309
	SYSID  shift 310
	SYSTEM_P  shift 311
	TABLES  shift 312
	TABLESPACE  shift 313
	TARGET  shift 314
	TEMP  shift 315
	TEMPLATE  shift 316
	TEMPORARY  shift 317
	TEXT_P  shift 318
	TIES  shift 319
	TIME  shift 404
	TIMESTAMP  shift 405
	TRANSACTION  shift 320
	TRANSFORM  shift 321
	TREAT  shift 406
	TRIGGER  shift 322
	TRIM  shift 407
	TRUE_P  shift 450
	TRUNCATE  shift 323
	TRUSTED  shift 324
	TYPE_P  shift 325
	TYPES_P  shift 326
	UESCAPE  shift 327
	UNBOUNDED  shift 328
	UNCOMMITTED  shift 329
	UNCONDITIONAL  shift 330
	UNENCRYPTED  shift 331
	UNKNOWN  shift 332
	UNLISTEN  shift 333
	UNLOGGED  shift 334
	UNTIL  shift 335
	UPDATE  shift 336
	VACUUM  shift 337
	VALID  shift 338
	VALIDATE  shift 339
	VALIDATOR  shift 340
	VALUE_P  shift 341
	VALUES  shift 408
	VARCHAR  shift 409
	VARYING  shift 342
	VERSION_P  shift 343
	VIEW  shift 344
	VIEWS  shift 345
	VIRTUAL  shift 346
	VOLATILE  shift 347
	WHITESPACE_P  shift 348
	WITHIN  shift 349
	WITHOUT  shift 350
	WORK  shift 351
	WRAPPER  shift 352
	WRITE  shift 353
	XML_P  shift 354
	XMLATTRIBUTES  shift 410
	XMLCONCAT  shift 411
	XMLELEMENT  shift 412
	XMLEXISTS  shift 413
	XMLFOREST  shift 414
	XMLNAMESPACES  shift 415
	XMLPARSE  shift 416
	XMLPI  shift 417
	XMLROOT  shift 418
	XMLSERIALIZE  shift 419
	XMLTABLE  shift 420
	YEAR_P  shift 355
	YES_P  shift 356
	ZONE  shift 357
	IDENT  shift 25
	FCONST  shift 448
	SCONST  shift 449
	ICONST  shift 447
	PARAM  shift 453
	'+'  shift 445
	'-'  shift 444
	'('  shift 446
	.  error

	unreserved_keyword  goto 26
	col_name_keyword  goto 27
	qualified_name  goto 454
	a_expr  goto 526
	c_expr  goto 442
	ColId  goto 24

state 482
	a_expr:  a_expr '/'.a_expr 

	ABORT_P  shift 28
	ABSENT  shift 29
	ABSOLUTE_P  shift 30
	ACCESS  shift 31
	ACTION  shift 32
	ADD_P  shift 33
	ADMIN  shift 34
	AFTER  shift 35
	AGGREGATE  shift 36
	ALSO  shift 37
	ALTER  shift 38
	ALWAYS  shift 39
	ASENSITIVE  shift 40
	ASSERTION  shift 41
	ASSIGNMENT  shift 42
	AT  shift 43
	ATOMIC  shift 44
	ATTACH  shift 45
	ATTRIBUTE  shift 46
	BACKWARD  shift 47
	BEFORE  shift 48
	BEGIN_P  shift 49
	BETWEEN  shift 358
	BIGINT  shift 359
	BIT  shift 360
	BOOLEAN_P  shift 361
	BREADTH  shift 50
	BY  shift 51
	CACHE  shift 52
	CALL  shift 53
	CALLED  shift 54
	CASCADE  shift 55
	CASCADED  shift 56
	CATALOG_P  shift 57
	CHAIN  shift 58
	CHAR_P  shift 362
	CHARACTER  shift 363
	CHARACTERISTICS  shift 59
	CHECKPOINT  shift 60
	CLASS  shift 61
	CLOSE  shift 62
	CLUSTER  shift 63
	COALESCE  shift 364
	COLUMNS  shift 64
	COMMENT  shift 65
	COMMENTS  shift 66
	COMMIT  shift 67
	COMMITTED  shift 68
	COMPRESSION  shift 69
	CONDITIONAL  shift 70
	CONFIGURATION  shift 71
	CONFLICT  shift 72
	CONNECTION  shift 73
	CONSTRAINTS  shift 74
	CONTENT_P  shift 75
	CONTINUE_P  shift 76
	CONVERSION_P  shift 77
	COPY  shift 78
	COST  shift 79
	CSV  shift 80
	CUBE  shift 81
	CURRENT_P  shift 82
	CURSOR  shift 83
	CYCLE  shift 84
	DATA_P  shift 85
	DATABASE  shift 86
	DAY_P  shift 87
	DEALLOCATE  shift 88
	DEC  shift 365
	DECIMAL_P  shift 366
	DECLARE  shift 89
	DEFAULTS  shift 90
	DEFERRED  shift 91
	DEFINER  shift 92
	DELETE_P  shift 93
	DELIMITER  shift 94
	DELIMITERS  shift 95
	DEPENDS  shift 96
	DEPTH  shift 97
	DETACH  shift 98
	DICTIONARY  shift 99
	DISABLE_P  shift 100
	DISCARD  shift 101
	DOCUMENT_P  shift 102
	DOMAIN_P  shift 103
	DOUBLE_P  shift 104
	DROP  shift 105
	EACH  shift 106
	EMPTY_P  shift 107
	ENABLE_P  shift 108
	ENCODING  shift 109
	ENCRYPTED  shift 110
	ENFORCED  shift 111
	ENUM_P  shift 112
	ERROR_P  shift 113
	ESCAPE  shift 114
	EVENT  shift 115
	EXCLUDE  shift 116
	EXCLUDING  shift 117
	EXCLUSIVE  shift 118
	EXECUTE  shift 119
	EXISTS  shift 367
	EXPLAIN  shift 120
	EXPRESSION  shift 121
	EXTENSION  shift 122
	EXTERNAL  shift 123
	EXTRACT  shift 368
	FALSE_P  shift 451
	FAMILY  shift 124
	FILTER  shift 125
	FINALIZE  shift 126
	FIRST_P  shift 127
	FLOAT_P  shift 369
	FOLLOWING  shift 128
	FORCE  shift 129
	FORMAT  shift 130
	FORWARD  shift 131
	FUNCTION  shift 132
	FUNCTIONS  shift 133
	GENERATED  shift 134
	GLOBAL  shift 135
	GRANTED  shift 136
	GREATEST  shift 370
	GROUPING  shift 371
	GROUPS  shift 137
	HANDLER  shift 138
	HEADER_P  shift 139
	HOLD  shift 140
	HOUR_P  shift 141
	IDENTITY_P  shift 142
	IF_P  shift 143
	IMMEDIATE  shift 144
	IMMUTABLE  shift 145
	IMPLICIT_P  shift 146
	IMPORT_P  shift 147
	INCLUDE  shift 148
	INCLUDING  shift 149
	INCREMENT  shift 150
	INDENT  shift 151
	INDEX  shift 152
	INDEXES  shift 153
	INHERIT  shift 154
	INHERITS  shift 155
	INLINE_P  shift 156
	INOUT  shift 372
	INPUT_P  shift 157
	INSENSITIVE  shift 158
	INSERT  shift 159
	INSTEAD  shift 160
	INT_P  shift 373
	INTEGER  shift 374
	INTERVAL  shift 375
	INVOKER  shift 161
	ISOLATION  shift 162
	JSON  shift 376
	JSON_ARRAY  shift 377
	JSON_ARRAYAGG  shift 378
	JSON_EXISTS  shift 379
	JSON_OBJECT  shift 380
	JSON_OBJECTAGG  shift 381
	JSON_QUERY  shift 382
	JSON_SCALAR  shift 383
	JSON_SERIALIZE  shift 384
	JSON_TABLE  shift 385
	JSON_VALUE  shift 386
	KEEP  shift 163
	KEY  shift 164
	KEYS  shift 165
	LABEL  shift 166
	LANGUAGE  shift 167
	LARGE_P  shift 168
	LAST_P  shift 169
	LEAKPROOF  shift 170
	LEAST  shift 387
	LEVEL  shift 171
	LISTEN  shift 172
	LOAD  shift 173
	LOCAL  shift 174
	LOCATION  shift 175
	LOCK_P  shift 176
	LOCKED  shift 177
	LOGGED  shift 178
	MAPPING  shift 179
	MATCH  shift 180
	MATCHED  shift 181
	MATERIALIZED  shift 182
	MAXVALUE  shift 183
	MERGE  shift 184
	MERGE_ACTION  shift 388
	METHOD  shift 185
	MINUTE_P  shift 186
	MINVALUE  shift 187
	MODE  shift 188
	MONTH_P  shift 189
	MOVE  shift 190
	NAME_P  shift 191
	NAMES  shift 192
	NATIONAL  shift 389
	NCHAR  shift 390
	NESTED  shift 193
	NEW  shift 194
	NEXT  shift 195
	NFC  shift 196
	NFD  shift 197
	NFKC  shift 198
	NFKD  shift 199
	NO  shift 200
	NONE  shift 391
	NORMALIZE  shift 392
	NORMALIZED  shift 201
	NOT  shift 443
	NOTHING  shift 202
	NOTIFY  shift 203
	NOWAIT  shift 204
	NULL_P  shift 452
	NULLIF  shift 393
	NULLS_P  shift 205
	NUMERIC  shift 394
	OBJECT_P  shift 206
	OBJECTS_P  shift 207
	OF  shift 208
	OFF  shift 209
	OIDS  shift 210
	OLD  shift 211
	OMIT  shift 212
	OPERATOR  shift 213
	OPTION  shift 214
	OPTIONS  shift 215
	ORDINALITY  shift 216
	OTHERS  shift 217
	OUT_P  shift 395
	OVER  shift 218
	OVERLAY  shift 396
	OVERRIDING  shift 219
	OWNED  shift 220
	OWNER  shift 221
	PARALLEL  shift 222
	PARAMETER  shift 223
	PARSER  shift 224
	PARTIAL  shift 225
	PARTITION  shift 226
	PASSING  shift 227
	PASSWORD  shift 228
	PATH  shift 229
	PERIOD  shift 230
	PLAN  shift 231
	PLANS  shift 232
	POLICY  shift 233
	POSITION  shift 397
	PRECEDING  shift 234
	PRECISION  shift 398
	PREPARE  shift 235
	PREPARED  shift 236
	PRESERVE  shift 237
	PRIOR  shift 238
	PRIVILEGES  shift 239
	PROCEDURAL  shift 240
	PROCEDURE  shift 241
	PROCEDURES  shift 242
	PROGRAM  shift 243
	PUBLICATION  shift 244
	QUOTE  shift 245
	QUOTES  shift 246
	RANGE  shift 247
	READ  shift 248
	REAL  shift 399
	REASSIGN  shift 249
	RECURSIVE  shift 250
	REF_P  shift 251
	REFERENCING  shift 252
	REFRESH  shift 253
	REINDEX  shift 254
	RELATIVE_P  shift 255
	RELEASE  shift 256
	RENAME  shift 257
	REPEATABLE  shift 258
	REPLACE  shift 259
	REPLICA  shift 260
	RESET  shift 261
	RESTART  shift 262
	RESTRICT  shift 263
	RETURN  shift 264
	RETURNS  shift 265
	REVOKE  shift 266
	ROLE  shift 267
	ROLLBACK  shift 268
	ROLLUP  shift 269
	ROUTINE  shift 270
	ROUTINES  shift 271
	ROW  shift 400
	ROWS  shift 272
	RULE  shift 273
	SAVEPOINT  shift 274
	SCALAR  shift 275
	SCHEMA  shift 276
	SCHEMAS  shift 277
	SCROLL  shift 278
	SEARCH  shift 279
	SECOND_P  shift 280
	SECURITY  shift 281
	SEQUENCE  shift 282
	SEQUENCES  shift 283
	SERIALIZABLE  shift 284
	SERVER  shift 285
	SESSION  shift 286
	SET  shift 287
	SETOF  shift 401
	SETS  shift 288
	SHARE  shift 289
	SHOW  shift 290
	SIMPLE  shift 291
	SKIP  shift 292
	SMALLINT  shift 402
	SNAPSHOT  shift 293
	SOURCE  shift 294
	SQL_P  shift 295
	STABLE  shift 296
	STANDALONE_P  shift 297
	START  shift 298
	STATEMENT  shift 299
	STATISTICS  shift 300
	STDIN  shift 301
	STDOUT  shift 302
	STORAGE  shift 303
	STORED  shift 304
	STRICT_P  shift 305
	STRING_P  shift 306
	STRIP_P  shift 307
	SUBSCRIPTION  shift 308
	SUBSTRING  shift 403
	SUPPORT  shift 309
	SYSID  shift 310
	SYSTEM_P  shift 311
	TABLES  shift 312
	TABLESPACE  shift 313
	TARGET  shift 314
	TEMP  shift 315
	TEMPLATE  shift 316
	TEMPORARY  shift 317
	TEXT_P  shift 318
	TIES  shift 319
	TIME  shift 404
	TIMESTAMP  shift 405
	TRANSACTION  shift 320
	TRANSFORM  shift 321
	TREAT  shift 406
	TRIGGER  shift 322
	TRIM  shift 407
	TRUE_P  shift 450
	TRUNCATE  shift 323
	TRUSTED  shift 324
	TYPE_P  shift 325
	TYPES_P  shift 326
	UESCAPE  shift 327
	UNBOUNDED  shift 328
	UNCOMMITTED  shift 329
	UNCONDITIONAL  shift 330
	UNENCRYPTED  shift 331
	UNKNOWN  shift 332
	UNLISTEN  shift 333
	UNLOGGED  shift 334
	UNTIL  shift 335
	UPDATE  shift 336
	VACUUM  shift 337
	VALID  shift 338
	VALIDATE  shift 339
	VALIDATOR  shift 340
	VALUE_P  shift 341
	VALUES  shift 408
	VARCHAR  shift 409
	VARYING  shift 342
	VERSION_P  shift 343
	VIEW  shift 344
	VIEWS  shift 345
	VIRTUAL  shift 346
	VOLATILE  shift 347
	WHITESPACE_P  shift 348
	WITHIN  shift 349
	WITHOUT  shift 350
	WORK  shift 351
	WRAPPER  shift 352
	WRITE  shift 353
	XML_P  shift 354
	XMLATTRIBUTES  shift 410
	XMLCONCAT  shift 411
	XMLELEMENT  shift 412
	XMLEXISTS  shift 413
	XMLFOREST  shift 414
	XMLNAMESPACES  shift 415
	XMLPARSE  shift 416
	XMLPI  shift 417
	XMLROOT  shift 418
	XMLSERIALIZE  shift 419
	XMLTABLE  shift 420
	YEAR_P  shift 355
	YES_P  shift 356
	ZONE  shift 357
	IDENT  shift 25
	FCONST  shift 448
	SCONST  shift 449
	ICONST  shift 447
	PARAM  shift 453
	'+'  shift 445
	'-'  shift 444
	'('  shift 446
	.  error

	unreserved_keyword  goto 26
	col_name_keyword  goto 27
	qualified_name  goto 454
	a_expr  goto 527
	c_expr  goto 442
	ColId  goto 24

state 483
	a_expr:  a_expr '%'.a_expr 

	ABORT_P  shift 28
	ABSENT  shift 29
	ABSOLUTE_P  shift 30
	ACCESS  shift 31
	ACTION  shift 32
	ADD_P  shift 33
	ADMIN  shift 34
	AFTER  shift 35
	AGGREGATE  shift 36
	ALSO  shift 37
	ALTER  shift 38
	ALWAYS  shift 39
	ASENSITIVE  shift 40
	ASSERTION  shift 41
	ASSIGNMENT  shift 42
	AT  shift 43
	ATOMIC  shift 44
	ATTACH  shift 45
	ATTRIBUTE  shift 46
	BACKWARD  shift 47
	BEFORE  shift 48
	BEGIN_P  shift 49
	BETWEEN  shift 358
	BIGINT  shift 359
	BIT  shift 360
	BOOLEAN_P  shift 361
	BREADTH  shift 50
	BY  shift 51
	CACHE  shift 52
	CALL  shift 53
	CALLED  shift 54
	CASCADE  shift 55
	CASCADED  shift 56
	CATALOG_P  shift 57
	CHAIN  shift 58
	CHAR_P  shift 362
	CHARACTER  shift 363
	CHARACTERISTICS  shift 59
	CHECKPOINT  shift 60
	CLASS  shift 61
	CLOSE  shift 62
	CLUSTER  shift 63
	COALESCE  shift 364
	COLUMNS  shift 64
	COMMENT  shift 65
	COMMENTS  shift 66
	COMMIT  shift 67
	COMMITTED  shift 68
	COMPRESSION  shift 69
	CONDITIONAL  shift 70
	CONFIGURATION  shift 71
	CONFLICT  shift 72
	CONNECTION  shift 73
	CONSTRAINTS  shift 74
	CONTENT_P  shift 75
	CONTINUE_P  shift 76
	CONVERSION_P  shift 77
	COPY  shift 78
	COST  shift 79
	CSV  shift 80
	CUBE  shift 81
	CURRENT_P  shift 82
	CURSOR  shift 83
	CYCLE  shift 84
	DATA_P  shift 85
	DATABASE  shift 86
	DAY_P  shift 87
	DEALLOCATE  shift 88
	DEC  shift 365
	DECIMAL_P  shift 366
	DECLARE  shift 89
	DEFAULTS  shift 90
	DEFERRED  shift 91
	DEFINER  shift 92
	DELETE_P  shift 93
	DELIMITER  shift 94
	DELIMITERS  shift 95
	DEPENDS  shift 96
	DEPTH  shift 97
	DETACH  shift 98
	DICTIONARY  shift 99
	DISABLE_P  shift 100
	DISCARD  shift 101
	DOCUMENT_P  shift 102
	DOMAIN_P  shift 103
	DOUBLE_P  shift 104
	DROP  shift 105
	EACH  shift 106
	EMPTY_P  shift 107
	ENABLE_P  shift 108
	ENCODING  shift 109
	ENCRYPTED  shift 110
	ENFORCED  shift 111
	ENUM_P  shift 112
	ERROR_P  shift 113
	ESCAPE  shift 114
	EVENT  shift 115
	EXCLUDE  shift 116
	EXCLUDING  shift 117
	EXCLUSIVE  shift 118
	EXECUTE  shift 119
	EXISTS  shift 367
	EXPLAIN  shift 120
	EXPRESSION  shift 121
	EXTENSION  shift 122
	EXTERNAL  shift 123
	EXTRACT  shift 368
	FALSE_P  shift 451
	FAMILY  shift 124
	FILTER  shift 125
	FINALIZE  shift 126
	FIRST_P  shift 127
	FLOAT_P  shift 369
	FOLLOWING  shift 128
	FORCE  shift 129
	FORMAT  shift 130
	FORWARD  shift 131
	FUNCTION  shift 132
	FUNCTIONS  shift 133
	GENERATED  shift 134
	GLOBAL  shift 135
	GRANTED  shift 136
	GREATEST  shift 370
	GROUPING  shift 371
	GROUPS  shift 137
	HANDLER  shift 138
	HEADER_P  shift 139
	HOLD  shift 140
	HOUR_P  shift 141
	IDENTITY_P  shift 142
	IF_P  shift 143
	IMMEDIATE  shift 144
	IMMUTABLE  shift 145
	IMPLICIT_P  shift 146
	IMPORT_P  shift 147
	INCLUDE  shift 148
	INCLUDING  shift 149
	INCREMENT  shift 150
	INDENT  shift 151
	INDEX  shift 152
	INDEXES  shift 153
	INHERIT  shift 154
	INHERITS  shift 155
	INLINE_P  shift 156
	INOUT  shift 372
	INPUT_P  shift 157
	INSENSITIVE  shift 158
	INSERT  shift 159
	INSTEAD  shift 160
	INT_P  shift 373
	INTEGER  shift 374
	INTERVAL  shift 375
	INVOKER  shift 161
	ISOLATION  shift 162
	JSON  shift 376
	JSON_ARRAY  shift 377
	JSON_ARRAYAGG  shift 378
	JSON_EXISTS  shift 379
	JSON_OBJECT  shift 380
	JSON_OBJECTAGG  shift 381
	JSON_QUERY  shift 382
	JSON_SCALAR  shift 383
	JSON_SERIALIZE  shift 384
	JSON_TABLE  shift 385
	JSON_VALUE  shift 386
	KEEP  shift 163
	KEY  shift 164
	KEYS  shift 165
	LABEL  shift 166
	LANGUAGE  shift 167
	LARGE_P  shift 168
	LAST_P  shift 169
	LEAKPROOF  shift 170
	LEAST  shift 387
	LEVEL  shift 171
	LISTEN  shift 172
	LOAD  shift 173
	LOCAL  shift 174
	LOCATION  shift 175
	LOCK_P  shift 176
	LOCKED  shift 177
	LOGGED  shift 178
	MAPPING  shift 179
	MATCH  shift 180
	MATCHED  shift 181
	MATERIALIZED  shift 182
	MAXVALUE  shift 183
	MERGE  shift 184
	MERGE_ACTION  shift 388
	METHOD  shift 185
	MINUTE_P  shift 186
	MINVALUE  shift 187
	MODE  shift 188
	MONTH_P  shift 189
	MOVE  shift 190
	NAME_P  shift 191
	NAMES  shift 192
	NATIONAL  shift 389
	NCHAR  shift 390
	NESTED  shift 193
	NEW  shift 194
	NEXT  shift 195
	NFC  shift 196
	NFD  shift 197
	NFKC  shift 198
	NFKD  shift 199
	NO  shift 200
	NONE  shift 391
	NORMALIZE  shift 392
	NORMALIZED  shift 201
	NOT  shift 443
	NOTHING  shift 202
	NOTIFY  shift 203
	NOWAIT  shift 204
	NULL_P  shift 452
	NULLIF  shift 393
	NULLS_P  shift 205
	NUMERIC  shift 394
	OBJECT_P  shift 206
	OBJECTS_P  shift 207
	OF  shift 208
	OFF  shift 209
	OIDS  shift 210
	OLD  shift 211
	OMIT  shift 212
	OPERATOR  shift 213
	OPTION  shift 214
	OPTIONS  shift 215
	ORDINALITY  shift 216
	OTHERS  shift 217
	OUT_P  shift 395
	OVER  shift 218
	OVERLAY  shift 396
	OVERRIDING  shift 219
	OWNED  shift 220
	OWNER  shift 221
	PARALLEL  shift 222
	PARAMETER  shift 223
	PARSER  shift 224
	PARTIAL  shift 225
	PARTITION  shift 226
	PASSING  shift 227
	PASSWORD  shift 228
	PATH  shift 229
	PERIOD  shift 230
	PLAN  shift 231
	PLANS  shift 232
	POLICY  shift 233
	POSITION  shift 397
	PRECEDING  shift 234
	PRECISION  shift 398
	PREPARE  shift 235
	PREPARED  shift 236
	PRESERVE  shift 237
	PRIOR  shift 238
	PRIVILEGES  shift 239
	PROCEDURAL  shift 240
	PROCEDURE  shift 241
	PROCEDURES  shift 242
	PROGRAM  shift 243
	PUBLICATION  shift 244
	QUOTE  shift 245
	QUOTES  shift 246
	RANGE  shift 247
	READ  shift 248
	REAL  shift 399
	REASSIGN  shift 249
	RECURSIVE  shift 250
	REF_P  shift 251
	REFERENCING  shift 252
	REFRESH  shift 253
	REINDEX  shift 254
	RELATIVE_P  shift 255
	RELEASE  shift 256
	RENAME  shift 257
	REPEATABLE  shift 258
	REPLACE  shift 259
	REPLICA  shift 260
	RESET  shift 261
	RESTART  shift 262
	RESTRICT  shift 263
	RETURN  shift 264
	RETURNS  shift 265
	REVOKE  shift 266
	ROLE  shift 267
	ROLLBACK  shift 268
	ROLLUP  shift 269
	ROUTINE  shift 270
	ROUTINES  shift 271
	ROW  shift 400
	ROWS  shift 272
	RULE  shift 273
	SAVEPOINT  shift 274
	SCALAR  shift 275
	SCHEMA  shift 276
	SCHEMAS  shift 277
	SCROLL  shift 278
	SEARCH  shift 279
	SECOND_P  shift 280
	SECURITY  shift 281
	SEQUENCE  shift 282
	SEQUENCES  shift 283
	SERIALIZABLE  shift 284
	SERVER  shift 285
	SESSION  shift 286
	SET  shift 287
	SETOF  shift 401
	SETS  shift 288
	SHARE  shift 289
	SHOW  shift 290
	SIMPLE  shift 291
	SKIP  shift 292
	SMALLINT  shift 402
	SNAPSHOT  shift 293
	SOURCE  shift 294
	SQL_P  shift 295
	STABLE  shift 296
	STANDALONE_P  shift 297
	START  shift 298
	STATEMENT  shift 299
	STATISTICS  shift 300
	STDIN  shift 301
	STDOUT  shift 302
	STORAGE  shift 303
	STORED  shift 304
	STRICT_P  shift 305
	STRING_P  shift 306
	STRIP_P  shift 307
	SUBSCRIPTION  shift 308
	SUBSTRING  shift 403
	SUPPORT  shift 309
	SYSID  shift 310
	SYSTEM_P  shift 311
	TABLES  shift 312
	TABLESPACE  shift 313
	TARGET  shift 314
	TEMP  shift 315
	TEMPLATE  shift 316
	TEMPORARY  shift 317
	TEXT_P  shift 318
	TIES  shift 319
	TIME  shift 404
	TIMESTAMP  shift 405
	TRANSACTION  shift 320
	TRANSFORM  shift 321
	TREAT  shift 406
	TRIGGER  shift 322
	TRIM  shift 407
	TRUE_P  shift 450
	TRUNCATE  shift 323
	TRUSTED  shift 324
	TYPE_P  shift 325
	TYPES_P  shift 326
	UESCAPE  shift 327
	UNBOUNDED  shift 328
	UNCOMMITTED  shift 329
	UNCONDITIONAL  shift 330
	UNENCRYPTED  shift 331
	UNKNOWN  shift 332
	UNLISTEN  shift 333
	UNLOGGED  shift 334
	UNTIL  shift 335
	UPDATE  shift 336
	VACUUM  shift 337
	VALID  shift 338
	VALIDATE  shift 339
	VALIDATOR  shift 340
	VALUE_P  shift 341
	VALUES  shift 408
	VARCHAR  shift 409
	VARYING  shift 342
	VERSION_P  shift 343
	VIEW  shift 344
	VIEWS  shift 345
	VIRTUAL  shift 346
	VOLATILE  shift 347
	WHITESPACE_P  shift 348
	WITHIN  shift 349
	WITHOUT  shift 350
	WORK  shift 351
	WRAPPER  shift 352
	WRITE  shift 353
	XML_P  shift 354
	XMLATTRIBUTES  shift 410
	XMLCONCAT  shift 411
	XMLELEMENT  shift 412
	XMLEXISTS  shift 413
	XMLFOREST  shift 414
	XMLNAMESPACES  shift 415
	XMLPARSE  shift 416
	XMLPI  shift 417
	XMLROOT  shift 418
	XMLSERIALIZE  shift 419
	XMLTABLE  shift 420
	YEAR_P  shift 355
	YES_P  shift 356
	ZONE  shift 357
	IDENT  shift 25
	FCONST  shift 448
	SCONST  shift 449
	ICONST  shift 447
	PARAM  shift 453
	'+'  shift 445
	'-'  shift 444
	'('  shift 446
	.  error

	unreserved_keyword  goto 26
	col_name_keyword  goto 27
	qualified_name  goto 454
	a_expr  goto 528
	c_expr  goto 442
	ColId  goto 24

state 484
	a_expr:  a_expr '<'.a_expr 

	ABORT_P  shift 28
	ABSENT  shift 29
	ABSOLUTE_P  shift 30
	ACCESS  shift 31
	ACTION  shift 32
	ADD_P  shift 33
	ADMIN  shift 34
	AFTER  shift 35
	AGGREGATE  shift 36
	ALSO  shift 37
	ALTER  shift 38
	ALWAYS  shift 39
	ASENSITIVE  shift 40
	ASSERTION  shift 41
	ASSIGNMENT  shift 42
	AT  shift 43
	ATOMIC  shift 44
	ATTACH  shift 45
	ATTRIBUTE  shift 46
	BACKWARD  shift 47
	BEFORE  shift 48
	BEGIN_P  shift 49
	BETWEEN  shift 358
	BIGINT  shift 359
	BIT  shift 360
	BOOLEAN_P  shift 361
	BREADTH  shift 50
	BY  shift 51
	CACHE  shift 52
	CALL  shift 53
	CALLED  shift 54
	CASCADE  shift 55
	CASCADED  shift 56
	CATALOG_P  shift 57
	CHAIN  shift 58
	CHAR_P  shift 362
	CHARACTER  shift 363
	CHARACTERISTICS  shift 59
	CHECKPOINT  shift 60
	CLASS  shift 61
	CLOSE  shift 62
	CLUSTER  shift 63
	COALESCE  shift 364
	COLUMNS  shift 64
	COMMENT  shift 65
	COMMENTS  shift 66
	COMMIT  shift 67
	COMMITTED  shift 68
	COMPRESSION  shift 69
	CONDITIONAL  shift 70
	CONFIGURATION  shift 71
	CONFLICT  shift 72
	CONNECTION  shift 73
	CONSTRAINTS  shift 74
	CONTENT_P  shift 75
	CONTINUE_P  shift 76
	CONVERSION_P  shift 77
	COPY  shift 78
	COST  shift 79
	CSV  shift 80
	CUBE  shift 81
	CURRENT_P  shift 82
	CURSOR  shift 83
	CYCLE  shift 84
	DATA_P  shift 85
	DATABASE  shift 86
	DAY_P  shift 87
	DEALLOCATE  shift 88
	DEC  shift 365
	DECIMAL_P  shift 366
	DECLARE  shift 89
	DEFAULTS  shift 90
	DEFERRED  shift 91
	DEFINER  shift 92
	DELETE_P  shift 93
	DELIMITER  shift 94
	DELIMITERS  shift 95
	DEPENDS  shift 96
	DEPTH  shift 97
	DETACH  shift 98
	DICTIONARY  shift 99
	DISABLE_P  shift 100
	DISCARD  shift 101
	DOCUMENT_P  shift 102
	DOMAIN_P  shift 103
	DOUBLE_P  shift 104
	DROP  shift 105
	EACH  shift 106
	EMPTY_P  shift 107
	ENABLE_P  shift 108
	ENCODING  shift 109
	ENCRYPTED  shift 110
	ENFORCED  shift 111
	ENUM_P  shift 112
	ERROR_P  shift 113
	ESCAPE  shift 114
	EVENT  shift 115
	EXCLUDE  shift 116
	EXCLUDING  shift 117
	EXCLUSIVE  shift 118
	EXECUTE  shift 119
	EXISTS  shift 367
	EXPLAIN  shift 120
	EXPRESSION  shift 121
	EXTENSION  shift 122
	EXTERNAL  shift 123
	EXTRACT  shift 368
	FALSE_P  shift 451
	FAMILY  shift 124
	FILTER  shift 125
	FINALIZE  shift 126
	FIRST_P  shift 127
	FLOAT_P  shift 369
	FOLLOWING  shift 128
	FORCE  shift 129
	FORMAT  shift 130
	FORWARD  shift 131
	FUNCTION  shift 132
	FUNCTIONS  shift 133
	GENERATED  shift 134
	GLOBAL  shift 135
	GRANTED  shift 136
	GREATEST  shift 370
	GROUPING  shift 371
	GROUPS  shift 137
	HANDLER  shift 138
	HEADER_P  shift 139
	HOLD  shift 140
	HOUR_P  shift 141
	IDENTITY_P  shift 142
	IF_P  shift 143
	IMMEDIATE  shift 144
	IMMUTABLE  shift 145
	IMPLICIT_P  shift 146
	IMPORT_P  shift 147
	INCLUDE  shift 148
	INCLUDING  shift 149
	INCREMENT  shift 150
	INDENT  shift 151
	INDEX  shift 152
	INDEXES  shift 153
	INHERIT  shift 154
	INHERITS  shift 155
	INLINE_P  shift 156
	INOUT  shift 372
	INPUT_P  shift 157
	INSENSITIVE  shift 158
	INSERT  shift 159
	INSTEAD  shift 160
	INT_P  shift 373
	INTEGER  shift 374
	INTERVAL  shift 375
	INVOKER  shift 161
	ISOLATION  shift 162
	JSON  shift 376
	JSON_ARRAY  shift 377
	JSON_ARRAYAGG  shift 378
	JSON_EXISTS  shift 379
	JSON_OBJECT  shift 380
	JSON_OBJECTAGG  shift 381
	JSON_QUERY  shift 382
	JSON_SCALAR  shift 383
	JSON_SERIALIZE  shift 384
	JSON_TABLE  shift 385
	JSON_VALUE  shift 386
	KEEP  shift 163
	KEY  shift 164
	KEYS  shift 165
	LABEL  shift 166
	LANGUAGE  shift 167
	LARGE_P  shift 168
	LAST_P  shift 169
	LEAKPROOF  shift 170
	LEAST  shift 387
	LEVEL  shift 171
	LISTEN  shift 172
	LOAD  shift 173
	LOCAL  shift 174
	LOCATION  shift 175
	LOCK_P  shift 176
	LOCKED  shift 177
	LOGGED  shift 178
	MAPPING  shift 179
	MATCH  shift 180
	MATCHED  shift 181
	MATERIALIZED  shift 182
	MAXVALUE  shift 183
	MERGE  shift 184
	MERGE_ACTION  shift 388
	METHOD  shift 185
	MINUTE_P  shift 186
	MINVALUE  shift 187
	MODE  shift 188
	MONTH_P  shift 189
	MOVE  shift 190
	NAME_P  shift 191
	NAMES  shift 192
	NATIONAL  shift 389
	NCHAR  shift 390
	NESTED  shift 193
	NEW  shift 194
	NEXT  shift 195
	NFC  shift 196
	NFD  shift 197
	NFKC  shift 198
	NFKD  shift 199
	NO  shift 200
	NONE  shift 391
	NORMALIZE  shift 392
	NORMALIZED  shift 201
	NOT  shift 443
	NOTHING  shift 202
	NOTIFY  shift 203
	NOWAIT  shift 204
	NULL_P  shift 452
	NULLIF  shift 393
	NULLS_P  shift 205
	NUMERIC  shift 394
	OBJECT_P  shift 206
	OBJECTS_P  shift 207
	OF  shift 208
	OFF  shift 209
	OIDS  shift 210
	OLD  shift 211
	OMIT  shift 212
	OPERATOR  shift 213
	OPTION  shift 214
	OPTIONS  shift 215
	ORDINALITY  shift 216
	OTHERS  shift 217
	OUT_P  shift 395
	OVER  shift 218
	OVERLAY  shift 396
	OVERRIDING  shift 219
	OWNED  shift 220
	OWNER  shift 221
	PARALLEL  shift 222
	PARAMETER  shift 223
	PARSER  shift 224
	PARTIAL  shift 225
	PARTITION  shift 226
	PASSING  shift 227
	PASSWORD  shift 228
	PATH  shift 229
	PERIOD  shift 230
	PLAN  shift 231
	PLANS  shift 232
	POLICY  shift 233
	POSITION  shift 397
	PRECEDING  shift 234
	PRECISION  shift 398
	PREPARE  shift 235
	PREPARED  shift 236
	PRESERVE  shift 237
	PRIOR  shift 238
	PRIVILEGES  shift 239
	PROCEDURAL  shift 240
	PROCEDURE  shift 241
	PROCEDURES  shift 242
	PROGRAM  shift 243
	PUBLICATION  shift 244
	QUOTE  shift 245
	QUOTES  shift 246
	RANGE  shift 247
	READ  shift 248
	REAL  shift 399
	REASSIGN  shift 249
	RECURSIVE  shift 250
	REF_P  shift 251
	REFERENCING  shift 252
	REFRESH  shift 253
	REINDEX  shift 254
	RELATIVE_P  shift 255
	RELEASE  shift 256
	RENAME  shift 257
	REPEATABLE  shift 258
	REPLACE  shift 259
	REPLICA  shift 260
	RESET  shift 261
	RESTART  shift 262
	RESTRICT  shift 263
	RETURN  shift 264
	RETURNS  shift 265
	REVOKE  shift 266
	ROLE  shift 267
	ROLLBACK  shift 268
	ROLLUP  shift 269
	ROUTINE  shift 270
	ROUTINES  shift 271
	ROW  shift 400
	ROWS  shift 272
	RULE  shift 273
	SAVEPOINT  shift 274
	SCALAR  shift 275
	SCHEMA  shift 276
	SCHEMAS  shift 277
	SCROLL  shift 278
	SEARCH  shift 279
	SECOND_P  shift 280
	SECURITY  shift 281
	SEQUENCE  shift 282
	SEQUENCES  shift 283
	SERIALIZABLE  shift 284
	SERVER  shift 285
	SESSION  shift 286
	SET  shift 287
	SETOF  shift 401
	SETS  shift 288
	SHARE  shift 289
	SHOW  shift 290
	SIMPLE  shift 291
	SKIP  shift 292
	SMALLINT  shift 402
	SNAPSHOT  shift 293
	SOURCE  shift 294
	SQL_P  shift 295
	STABLE  shift 296
	STANDALONE_P  shift 297
	START  shift 298
	STATEMENT  shift 299
	STATISTICS  shift 300
	STDIN  shift 301
	STDOUT  shift 302
	STORAGE  shift 303
	STORED  shift 304
	STRICT_P  shift 305
	STRING_P  shift 306
	STRIP_P  shift 307
	SUBSCRIPTION  shift 308
	SUBSTRING  shift 403
	SUPPORT  shift 309
	SYSID  shift 310
	SYSTEM_P  shift 311
	TABLES  shift 312
	TABLESPACE  shift 313
	TARGET  shift 314
	TEMP  shift 315
	TEMPLATE  shift 316
	TEMPORARY  shift 317
	TEXT_P  shift 318
	TIES  shift 319
	TIME  shift 404
	TIMESTAMP  shift 405
	TRANSACTION  shift 320
	TRANSFORM  shift 321
	TREAT  shift 406
	TRIGGER  shift 322
	TRIM  shift 407
	TRUE_P  shift 450
	TRUNCATE  shift 323
	TRUSTED  shift 324
	TYPE_P  shift 325
	TYPES_P  shift 326
	UESCAPE  shift 327
	UNBOUNDED  shift 328
	UNCOMMITTED  shift 329
	UNCONDITIONAL  shift 330
	UNENCRYPTED  shift 331
	UNKNOWN  shift 332
	UNLISTEN  shift 333
	UNLOGGED  shift 334
	UNTIL  shift 335
	UPDATE  shift 336
	VACUUM  shift 337
	VALID  shift 338
	VALIDATE  shift 339
	VALIDATOR  shift 340
	VALUE_P  shift 341
	VALUES  shift 408
	VARCHAR  shift 409
	VARYING  shift 342
	VERSION_P  shift 343
	VIEW  shift 344
	VIEWS  shift 345
	VIRTUAL  shift 346
	VOLATILE  shift 347
	WHITESPACE_P  shift 348
	WITHIN  shift 349
	WITHOUT  shift 350
	WORK  shift 351
	WRAPPER  shift 352
	WRITE  shift 353
	XML_P  shift 354
	XMLATTRIBUTES  shift 410
	XMLCONCAT  shift 411
	XMLELEMENT  shift 412
	XMLEXISTS  shift 413
	XMLFOREST  shift 414
	XMLNAMESPACES  shift 415
	XMLPARSE  shift 416
	XMLPI  shift 417
	XMLROOT  shift 418
	XMLSERIALIZE  shift 419
	XMLTABLE  shift 420
	YEAR_P  shift 355
	YES_P  shift 356
	ZONE  shift 357
	IDENT  shift 25
	FCONST  shift 448
	SCONST  shift 449
	ICONST  shift 447
	PARAM  shift 453
	'+'  shift 445
	'-'  shift 444
	'('  shift 446
	.  error

	unreserved_keyword  goto 26
	col_name_keyword  goto 27
	qualified_name  goto 454
	a_expr  goto 529
	c_expr  goto 442
	ColId  goto 24

state 485
	a_expr:  a_expr '>'.a_expr 

	ABORT_P  shift 28
	ABSENT  shift 29
	ABSOLUTE_P  shift 30
	ACCESS  shift 31
	ACTION  shift 32
	ADD_P  shift 33
	ADMIN  shift 34
	AFTER  shift 35
	AGGREGATE  shift 36
	ALSO  shift 37
	ALTER  shift 38
	ALWAYS  shift 39
	ASENSITIVE  shift 40
	ASSERTION  shift 41
	ASSIGNMENT  shift 42
	AT  shift 43
	ATOMIC  shift 44
	ATTACH  shift 45
	ATTRIBUTE  shift 46
	BACKWARD  shift 47
	BEFORE  shift 48
	BEGIN_P  shift 49
	BETWEEN  shift 358
	BIGINT  shift 359
	BIT  shift 360
	BOOLEAN_P  shift 361
	BREADTH  shift 50
	BY  shift 51
	CACHE  shift 52
	CALL  shift 53
	CALLED  shift 54
	CASCADE  shift 55
	CASCADED  shift 56
	CATALOG_P  shift 57
	CHAIN  shift 58
	CHAR_P  shift 362
	CHARACTER  shift 363
	CHARACTERISTICS  shift 59
	CHECKPOINT  shift 60
	CLASS  shift 61
	CLOSE  shift 62
	CLUSTER  shift 63
	COALESCE  shift 364
	COLUMNS  shift 64
	COMMENT  shift 65
	COMMENTS  shift 66
	COMMIT  shift 67
	COMMITTED  shift 68
	COMPRESSION  shift 69
	CONDITIONAL  shift 70
	CONFIGURATION  shift 71
	CONFLICT  shift 72
	CONNECTION  shift 73
	CONSTRAINTS  shift 74
	CONTENT_P  shift 75
	CONTINUE_P  shift 76
	CONVERSION_P  shift 77
	COPY  shift 78
	COST  shift 79
	CSV  shift 80
	CUBE  shift 81
	CURRENT_P  shift 82
	CURSOR  shift 83
	CYCLE  shift 84
	DATA_P  shift 85
	DATABASE  shift 86
	DAY_P  shift 87
	DEALLOCATE  shift 88
	DEC  shift 365
	DECIMAL_P  shift 366
	DECLARE  shift 89
	DEFAULTS  shift 90
	DEFERRED  shift 91
	DEFINER  shift 92
	DELETE_P  shift 93
	DELIMITER  shift 94
	DELIMITERS  shift 95
	DEPENDS  shift 96
	DEPTH  shift 97
	DETACH  shift 98
	DICTIONARY  shift 99
	DISABLE_P  shift 100
	DISCARD  shift 101
	DOCUMENT_P  shift 102
	DOMAIN_P  shift 103
	DOUBLE_P  shift 104
	DROP  shift 105
	EACH  shift 106
	EMPTY_P  shift 107
	ENABLE_P  shift 108
	ENCODING  shift 109
	ENCRYPTED  shift 110
	ENFORCED  shift 111
	ENUM_P  shift 112
	ERROR_P  shift 113
	ESCAPE  shift 114
	EVENT  shift 115
	EXCLUDE  shift 116
	EXCLUDING  shift 117
	EXCLUSIVE  shift 118
	EXECUTE  shift 119
	EXISTS  shift 367
	EXPLAIN  shift 120
	EXPRESSION  shift 121
	EXTENSION  shift 122
	EXTERNAL  shift 123
	EXTRACT  shift 368
	FALSE_P  shift 451
	FAMILY  shift 124
	FILTER  shift 125
	FINALIZE  shift 126
	FIRST_P  shift 127
	FLOAT_P  shift 369
	FOLLOWING  shift 128
	FORCE  shift 129
	FORMAT  shift 130
	FORWARD  shift 131
	FUNCTION  shift 132
	FUNCTIONS  shift 133
	GENERATED  shift 134
	GLOBAL  shift 135
	GRANTED  shift 136
	GREATEST  shift 370
	GROUPING  shift 371
	GROUPS  shift 137
	HANDLER  shift 138
	HEADER_P  shift 139
	HOLD  shift 140
	HOUR_P  shift 141
	IDENTITY_P  shift 142
	IF_P  shift 143
	IMMEDIATE  shift 144
	IMMUTABLE  shift 145
	IMPLICIT_P  shift 146
	IMPORT_P  shift 147
	INCLUDE  shift 148
	INCLUDING  shift 149
	INCREMENT  shift 150
	INDENT  shift 151
	INDEX  shift 152
	INDEXES  shift 153
	INHERIT  shift 154
	INHERITS  shift 155
	INLINE_P  shift 156
	INOUT  shift 372
	INPUT_P  shift 157
	INSENSITIVE  shift 158
	INSERT  shift 159
	INSTEAD  shift 160
	INT_P  shift 373
	INTEGER  shift 374
	INTERVAL  shift 375
	INVOKER  shift 161
	ISOLATION  shift 162
	JSON  shift 376
	JSON_ARRAY  shift 377
	JSON_ARRAYAGG  shift 378
	JSON_EXISTS  shift 379
	JSON_OBJECT  shift 380
	JSON_OBJECTAGG  shift 381
	JSON_QUERY  shift 382
	JSON_SCALAR  shift 383
	JSON_SERIALIZE  shift 384
	JSON_TABLE  shift 385
	JSON_VALUE  shift 386
	KEEP  shift 163
	KEY  shift 164
	KEYS  shift 165
	LABEL  shift 166
	LANGUAGE  shift 167
	LARGE_P  shift 168
	LAST_P  shift 169
	LEAKPROOF  shift 170
	LEAST  shift 387
	LEVEL  shift 171
	LISTEN  shift 172
	LOAD  shift 173
	LOCAL  shift 174
	LOCATION  shift 175
	LOCK_P  shift 176
	LOCKED  shift 177
	LOGGED  shift 178
	MAPPING  shift 179
	MATCH  shift 180
	MATCHED  shift 181
	MATERIALIZED  shift 182
	MAXVALUE  shift 183
	MERGE  shift 184
	MERGE_ACTION  shift 388
	METHOD  shift 185
	MINUTE_P  shift 186
	MINVALUE  shift 187
	MODE  shift 188
	MONTH_P  shift 189
	MOVE  shift 190
	NAME_P  shift 191
	NAMES  shift 192
	NATIONAL  shift 389
	NCHAR  shift 390
	NESTED  shift 193
	NEW  shift 194
	NEXT  shift 195
	NFC  shift 196
	NFD  shift 197
	NFKC  shift 198
	NFKD  shift 199
	NO  shift 200
	NONE  shift 391
	NORMALIZE  shift 392
	NORMALIZED  shift 201
	NOT  shift 443
	NOTHING  shift 202
	NOTIFY  shift 203
	NOWAIT  shift 204
	NULL_P  shift 452
	NULLIF  shift 393
	NULLS_P  shift 205
	NUMERIC  shift 394
	OBJECT_P  shift 206
	OBJECTS_P  shift 207
	OF  shift 208
	OFF  shift 209
	OIDS  shift 210
	OLD  shift 211
	OMIT  shift 212
	OPERATOR  shift 213
	OPTION  shift 214
	OPTIONS  shift 215
	ORDINALITY  shift 216
	OTHERS  shift 217
	OUT_P  shift 395
	OVER  shift 218
	OVERLAY  shift 396
	OVERRIDING  shift 219
	OWNED  shift 220
	OWNER  shift 221
	PARALLEL  shift 222
	PARAMETER  shift 223
	PARSER  shift 224
	PARTIAL  shift 225
	PARTITION  shift 226
	PASSING  shift 227
	PASSWORD  shift 228
	PATH  shift 229
	PERIOD  shift 230
	PLAN  shift 231
	PLANS  shift 232
	POLICY  shift 233
	POSITION  shift 397
	PRECEDING  shift 234
	PRECISION  shift 398
	PREPARE  shift 235
	PREPARED  shift 236
	PRESERVE  shift 237
	PRIOR  shift 238
	PRIVILEGES  shift 239
	PROCEDURAL  shift 240
	PROCEDURE  shift 241
	PROCEDURES  shift 242
	PROGRAM  shift 243
	PUBLICATION  shift 244
	QUOTE  shift 245
	QUOTES  shift 246
	RANGE  shift 247
	READ  shift 248
	REAL  shift 399
	REASSIGN  shift 249
	RECURSIVE  shift 250
	REF_P  shift 251
	REFERENCING  shift 252
	REFRESH  shift 253
	REINDEX  shift 254
	RELATIVE_P  shift 255
	RELEASE  shift 256
	RENAME  shift 257
	REPEATABLE  shift 258
	REPLACE  shift 259
	REPLICA  shift 260
	RESET  shift 261
	RESTART  shift 262
	RESTRICT  shift 263
	RETURN  shift 264
	RETURNS  shift 265
	REVOKE  shift 266
	ROLE  shift 267
	ROLLBACK  shift 268
	ROLLUP  shift 269
	ROUTINE  shift 270
	ROUTINES  shift 271
	ROW  shift 400
	ROWS  shift 272
	RULE  shift 273
	SAVEPOINT  shift 274
	SCALAR  shift 275
	SCHEMA  shift 276
	SCHEMAS  shift 277
	SCROLL  shift 278
	SEARCH  shift 279
	SECOND_P  shift 280
	SECURITY  shift 281
	SEQUENCE  shift 282
	SEQUENCES  shift 283
	SERIALIZABLE  shift 284
	SERVER  shift 285
	SESSION  shift 286
	SET  shift 287
	SETOF  shift 401
	SETS  shift 288
	SHARE  shift 289
	SHOW  shift 290
	SIMPLE  shift 291
	SKIP  shift 292
	SMALLINT  shift 402
	SNAPSHOT  shift 293
	SOURCE  shift 294
	SQL_P  shift 295
	STABLE  shift 296
	STANDALONE_P  shift 297
	START  shift 298
	STATEMENT  shift 299
	STATISTICS  shift 300
	STDIN  shift 301
	STDOUT  shift 302
	STORAGE  shift 303
	STORED  shift 304
	STRICT_P  shift 305
	STRING_P  shift 306
	STRIP_P  shift 307
	SUBSCRIPTION  shift 308
	SUBSTRING  shift 403
	SUPPORT  shift 309
	SYSID  shift 310
	SYSTEM_P  shift 311
	TABLES  shift 312
	TABLESPACE  shift 313
	TARGET  shift 314
	TEMP  shift 315
	TEMPLATE  shift 316
	TEMPORARY  shift 317
	TEXT_P  shift 318
	TIES  shift 319
	TIME  shift 404
	TIMESTAMP  shift 405
	TRANSACTION  shift 320
	TRANSFORM  shift 321
	TREAT  shift 406
	TRIGGER  shift 322
	TRIM  shift 407
	TRUE_P  shift 450
	TRUNCATE  shift 323
	TRUSTED  shift 324
	TYPE_P  shift 325
	TYPES_P  shift 326
	UESCAPE  shift 327
	UNBOUNDED  shift 328
	UNCOMMITTED  shift 329
	UNCONDITIONAL  shift 330
	UNENCRYPTED  shift 331
	UNKNOWN  shift 332
	UNLISTEN  shift 333
	UNLOGGED  shift 334
	UNTIL  shift 335
	UPDATE  shift 336
	VACUUM  shift 337
	VALID  shift 338
	VALIDATE  shift 339
	VALIDATOR  shift 340
	VALUE_P  shift 341
	VALUES  shift 408
	VARCHAR  shift 409
	VARYING  shift 342
	VERSION_P  shift 343
	VIEW  shift 344
	VIEWS  shift 345
	VIRTUAL  shift 346
	VOLATILE  shift 347
	WHITESPACE_P  shift 348
	WITHIN  shift 349
	WITHOUT  shift 350
	WORK  shift 351
	WRAPPER  shift 352
	WRITE  shift 353
	XML_P  shift 354
	XMLATTRIBUTES  shift 410
	XMLCONCAT  shift 411
	XMLELEMENT  shift 412
	XMLEXISTS  shift 413
	XMLFOREST  shift 414
	XMLNAMESPACES  shift 415
	XMLPARSE  shift 416
	XMLPI  shift 417
	XMLROOT  shift 418
	XMLSERIALIZE  shift 419
	XMLTABLE  shift 420
	YEAR_P  shift 355
	YES_P  shift 356
	ZONE  shift 357
	IDENT  shift 25
	FCONST  shift 448
	SCONST  shift 449
	ICONST  shift 447
	PARAM  shift 453
	'+'  shift 445
	'-'  shift 444
	'('  shift 446
	.  error

	unreserved_keyword  goto 26
	col_name_keyword  goto 27
	qualified_name  goto 454
	a_expr  goto 530
	c_expr  goto 442
	ColId  goto 24

state 486
	a_expr:  a_expr '='.a_expr 

	ABORT_P  shift 28
	ABSENT  shift 29
	ABSOLUTE_P  shift 30
	ACCESS  shift 31
	ACTION  shift 32
	ADD_P  shift 33
	ADMIN  shift 34
	AFTER  shift 35
	AGGREGATE  shift 36
	ALSO  shift 37
	ALTER  shift 38
	ALWAYS  shift 39
	ASENSITIVE  shift 40
	ASSERTION  shift 41
	ASSIGNMENT  shift 42
	AT  shift 43
	ATOMIC  shift 44
	ATTACH  shift 45
	ATTRIBUTE  shift 46
	BACKWARD  shift 47
	BEFORE  shift 48
	BEGIN_P  shift 49
	BETWEEN  shift 358
	BIGINT  shift 359
	BIT  shift 360
	BOOLEAN_P  shift 361
	BREADTH  shift 50
	BY  shift 51
	CACHE  shift 52
	CALL  shift 53
	CALLED  shift 54
	CASCADE  shift 55
	CASCADED  shift 56
	CATALOG_P  shift 57
	CHAIN  shift 58
	CHAR_P  shift 362
	CHARACTER  shift 363
	CHARACTERISTICS  shift 59
	CHECKPOINT  shift 60
	CLASS  shift 61
	CLOSE  shift 62
	CLUSTER  shift 63
	COALESCE  shift 364
	COLUMNS  shift 64
	COMMENT  shift 65
	COMMENTS  shift 66
	COMMIT  shift 67
	COMMITTED  shift 68
	COMPRESSION  shift 69
	CONDITIONAL  shift 70
	CONFIGURATION  shift 71
	CONFLICT  shift 72
	CONNECTION  shift 73
	CONSTRAINTS  shift 74
	CONTENT_P  shift 75
	CONTINUE_P  shift 76
	CONVERSION_P  shift 77
	COPY  shift 78
	COST  shift 79
	CSV  shift 80
	CUBE  shift 81
	CURRENT_P  shift 82
	CURSOR  shift 83
	CYCLE  shift 84
	DATA_P  shift 85
	DATABASE  shift 86
	DAY_P  shift 87
	DEALLOCATE  shift 88
	DEC  shift 365
	DECIMAL_P  shift 366
	DECLARE  shift 89
	DEFAULTS  shift 90
	DEFERRED  shift 91
	DEFINER  shift 92
	DELETE_P  shift 93
	DELIMITER  shift 94
	DELIMITERS  shift 95
	DEPENDS  shift 96
	DEPTH  shift 97
	DETACH  shift 98
	DICTIONARY  shift 99
	DISABLE_P  shift 100
	DISCARD  shift 101
	DOCUMENT_P  shift 102
	DOMAIN_P  shift 103
	DOUBLE_P  shift 104
	DROP  shift 105
	EACH  shift 106
	EMPTY_P  shift 107
	ENABLE_P  shift 108
	ENCODING  shift 109
	ENCRYPTED  shift 110
	ENFORCED  shift 111
	ENUM_P  shift 112
	ERROR_P  shift 113
	ESCAPE  shift 114
	EVENT  shift 115
	EXCLUDE  shift 116
	EXCLUDING  shift 117
	EXCLUSIVE  shift 118
	EXECUTE  shift 119
	EXISTS  shift 367
	EXPLAIN  shift 120
	EXPRESSION  shift 121
	EXTENSION  shift 122
	EXTERNAL  shift 123
	EXTRACT  shift 368
	FALSE_P  shift 451
	FAMILY  shift 124
	FILTER  shift 125
	FINALIZE  shift 126
	FIRST_P  shift 127
	FLOAT_P  shift 369
	FOLLOWING  shift 128
	FORCE  shift 129
	FORMAT  shift 130
	FORWARD  shift 131
	FUNCTION  shift 132
	FUNCTIONS  shift 133
	GENERATED  shift 134
	GLOBAL  shift 135
	GRANTED  shift 136
	GREATEST  shift 370
	GROUPING  shift 371
	GROUPS  shift 137
	HANDLER  shift 138
	HEADER_P  shift 139
	HOLD  shift 140
	HOUR_P  shift 141
	IDENTITY_P  shift 142
	IF_P  shift 143
	IMMEDIATE  shift 144
	IMMUTABLE  shift 145
	IMPLICIT_P  shift 146
	IMPORT_P  shift 147
	INCLUDE  shift 148
	INCLUDING  shift 149
	INCREMENT  shift 150
	INDENT  shift 151
	INDEX  shift 152
	INDEXES  shift 153
	INHERIT  shift 154
	INHERITS  shift 155
	INLINE_P  shift 156
	INOUT  shift 372
	INPUT_P  shift 157
	INSENSITIVE  shift 158
	INSERT  shift 159
	INSTEAD  shift 160
	INT_P  shift 373
	INTEGER  shift 374
	INTERVAL  shift 375
	INVOKER  shift 161
	ISOLATION  shift 162
	JSON  shift 376
	JSON_ARRAY  shift 377
	JSON_ARRAYAGG  shift 378
	JSON_EXISTS  shift 379
	JSON_OBJECT  shift 380
	JSON_OBJECTAGG  shift 381
	JSON_QUERY  shift 382
	JSON_SCALAR  shift 383
	JSON_SERIALIZE  shift 384
	JSON_TABLE  shift 385
	JSON_VALUE  shift 386
	KEEP  shift 163
	KEY  shift 164
	KEYS  shift 165
	LABEL  shift 166
	LANGUAGE  shift 167
	LARGE_P  shift 168
	LAST_P  shift 169
	LEAKPROOF  shift 170
	LEAST  shift 387
	LEVEL  shift 171
	LISTEN  shift 172
	LOAD  shift 173
	LOCAL  shift 174
	LOCATION  shift 175
	LOCK_P  shift 176
	LOCKED  shift 177
	LOGGED  shift 178
	MAPPING  shift 179
	MATCH  shift 180
	MATCHED  shift 181
	MATERIALIZED  shift 182
	MAXVALUE  shift 183
	MERGE  shift 184
	MERGE_ACTION  shift 388
	METHOD  shift 185
	MINUTE_P  shift 186
	MINVALUE  shift 187
	MODE  shift 188
	MONTH_P  shift 189
	MOVE  shift 190
	NAME_P  shift 191
	NAMES  shift 192
	NATIONAL  shift 389
	NCHAR  shift 390
	NESTED  shift 193
	NEW  shift 194
	NEXT  shift 195
	NFC  shift 196
	NFD  shift 197
	NFKC  shift 198
	NFKD  shift 199
	NO  shift 200
	NONE  shift 391
	NORMALIZE  shift 392
	NORMALIZED  shift 201
	NOT  shift 443
	NOTHING  shift 202
	NOTIFY  shift 203
	NOWAIT  shift 204
	NULL_P  shift 452
	NULLIF  shift 393
	NULLS_P  shift 205
	NUMERIC  shift 394
	OBJECT_P  shift 206
	OBJECTS_P  shift 207
	OF  shift 208
	OFF  shift 209
	OIDS  shift 210
	OLD  shift 211
	OMIT  shift 212
	OPERATOR  shift 213
	OPTION  shift 214
	OPTIONS  shift 215
	ORDINALITY  shift 216
	OTHERS  shift 217
	OUT_P  shift 395
	OVER  shift 218
	OVERLAY  shift 396
	OVERRIDING  shift 219
	OWNED  shift 220
	OWNER  shift 221
	PARALLEL  shift 222
	PARAMETER  shift 223
	PARSER  shift 224
	PARTIAL  shift 225
	PARTITION  shift 226
	PASSING  shift 227
	PASSWORD  shift 228
	PATH  shift 229
	PERIOD  shift 230
	PLAN  shift 231
	PLANS  shift 232
	POLICY  shift 233
	POSITION  shift 397
	PRECEDING  shift 234
	PRECISION  shift 398
	PREPARE  shift 235
	PREPARED  shift 236
	PRESERVE  shift 237
	PRIOR  shift 238
	PRIVILEGES  shift 239
	PROCEDURAL  shift 240
	PROCEDURE  shift 241
	PROCEDURES  shift 242
	PROGRAM  shift 243
	PUBLICATION  shift 244
	QUOTE  shift 245
	QUOTES  shift 246
	RANGE  shift 247
	READ  shift 248
	REAL  shift 399
	REASSIGN  shift 249
	RECURSIVE  shift 250
	REF_P  shift 251
	REFERENCING  shift 252
	REFRESH  shift 253
	REINDEX  shift 254
	RELATIVE_P  shift 255
	RELEASE  shift 256
	RENAME  shift 257
	REPEATABLE  shift 258
	REPLACE  shift 259
	REPLICA  shift 260
	RESET  shift 261
	RESTART  shift 262
	RESTRICT  shift 263
	RETURN  shift 264
	RETURNS  shift 265
	REVOKE  shift 266
	ROLE  shift 267
	ROLLBACK  shift 268
	ROLLUP  shift 269
	ROUTINE  shift 270
	ROUTINES  shift 271
	ROW  shift 400
	ROWS  shift 272
	RULE  shift 273
	SAVEPOINT  shift 274
	SCALAR  shift 275
	SCHEMA  shift 276
	SCHEMAS  shift 277
	SCROLL  shift 278
	SEARCH  shift 279
	SECOND_P  shift 280
	SECURITY  shift 281
	SEQUENCE  shift 282
	SEQUENCES  shift 283
	SERIALIZABLE  shift 284
	SERVER  shift 285
	SESSION  shift 286
	SET  shift 287
	SETOF  shift 401
	SETS  shift 288
	SHARE  shift 289
	SHOW  shift 290
	SIMPLE  shift 291
	SKIP  shift 292
	SMALLINT  shift 402
	SNAPSHOT  shift 293
	SOURCE  shift 294
	SQL_P  shift 295
	STABLE  shift 296
	STANDALONE_P  shift 297
	START  shift 298
	STATEMENT  shift 299
	STATISTICS  shift 300
	STDIN  shift 301
	STDOUT  shift 302
	STORAGE  shift 303
	STORED  shift 304
	STRICT_P  shift 305
	STRING_P  shift 306
	STRIP_P  shift 307
	SUBSCRIPTION  shift 308
	SUBSTRING  shift 403
	SUPPORT  shift 309
	SYSID  shift 310
	SYSTEM_P  shift 311
	TABLES  shift 312
	TABLESPACE  shift 313
	TARGET  shift 314
	TEMP  shift 315
	TEMPLATE  shift 316
	TEMPORARY  shift 317
	TEXT_P  shift 318
	TIES  shift 319
	TIME  shift 404
	TIMESTAMP  shift 405
	TRANSACTION  shift 320
	TRANSFORM  shift 321
	TREAT  shift 406
	TRIGGER  shift 322
	TRIM  shift 407
	TRUE_P  shift 450
	TRUNCATE  shift 323
	TRUSTED  shift 324
	TYPE_P  shift 325
	TYPES_P  shift 326
	UESCAPE  shift 327
	UNBOUNDED  shift 328
	UNCOMMITTED  shift 329
	UNCONDITIONAL  shift 330
	UNENCRYPTED  shift 331
	UNKNOWN  shift 332
	UNLISTEN  shift 333
	UNLOGGED  shift 334
	UNTIL  shift 335
	UPDATE  shift 336
	VACUUM  shift 337
	VALID  shift 338
	VALIDATE  shift 339
	VALIDATOR  shift 340
	VALUE_P  shift 341
	VALUES  shift 408
	VARCHAR  shift 409
	VARYING  shift 342
	VERSION_P  shift 343
	VIEW  shift 344
	VIEWS  shift 345
	VIRTUAL  shift 346
	VOLATILE  shift 347
	WHITESPACE_P  shift 348
	WITHIN  shift 349
	WITHOUT  shift 350
	WORK  shift 351
	WRAPPER  shift 352
	WRITE  shift 353
	XML_P  shift 354
	XMLATTRIBUTES  shift 410
	XMLCONCAT  shift 411
	XMLELEMENT  shift 412
	XMLEXISTS  shift 413
	XMLFOREST  shift 414
	XMLNAMESPACES  shift 415
	XMLPARSE  shift 416
	XMLPI  shift 417
	XMLROOT  shift 418
	XMLSERIALIZE  shift 419
	XMLTABLE  shift 420
	YEAR_P  shift 355
	YES_P  shift 356
	ZONE  shift 357
	IDENT  shift 25
	FCONST  shift 448
	SCONST  shift 449
	ICONST  shift 447
	PARAM  shift 453
	'+'  shift 445
	'-'  shift 444
	'('  shift 446
	.  error

	unreserved_keyword  goto 26
	col_name_keyword  goto 27
	qualified_name  goto 454
	a_expr  goto 531
	c_expr  goto 442
	ColId  goto 24

state 487
	a_expr:  a_expr LESS_EQUALS.a_expr 

	ABORT_P  shift 28
	ABSENT  shift 29
	ABSOLUTE_P  shift 30
	ACCESS  shift 31
	ACTION  shift 32
	ADD_P  shift 33
	ADMIN  shift 34
	AFTER  shift 35
	AGGREGATE  shift 36
	ALSO  shift 37
	ALTER  shift 38
	ALWAYS  shift 39
	ASENSITIVE  shift 40
	ASSERTION  shift 41
	ASSIGNMENT  shift 42
	AT  shift 43
	ATOMIC  shift 44
	ATTACH  shift 45
	ATTRIBUTE  shift 46
	BACKWARD  shift 47
	BEFORE  shift 48
	BEGIN_P  shift 49
	BETWEEN  shift 358
	BIGINT  shift 359
	BIT  shift 360
	BOOLEAN_P  shift 361
	BREADTH  shift 50
	BY  shift 51
	CACHE  shift 52
	CALL  shift 53
	CALLED  shift 54
	CASCADE  shift 55
	CASCADED  shift 56
	CATALOG_P  shift 57
	CHAIN  shift 58
	CHAR_P  shift 362
	CHARACTER  shift 363
	CHARACTERISTICS  shift 59
	CHECKPOINT  shift 60
	CLASS  shift 61
	CLOSE  shift 62
	CLUSTER  shift 63
	COALESCE  shift 364
	COLUMNS  shift 64
	COMMENT  shift 65
	COMMENTS  shift 66
	COMMIT  shift 67
	COMMITTED  shift 68
	COMPRESSION  shift 69
	CONDITIONAL  shift 70
	CONFIGURATION  shift 71
	CONFLICT  shift 72
	CONNECTION  shift 73
	CONSTRAINTS  shift 74
	CONTENT_P  shift 75
	CONTINUE_P  shift 76
	CONVERSION_P  shift 77
	COPY  shift 78
	COST  shift 79
	CSV  shift 80
	CUBE  shift 81
	CURRENT_P  shift 82
	CURSOR  shift 83
	CYCLE  shift 84
	DATA_P  shift 85
	DATABASE  shift 86
	DAY_P  shift 87
	DEALLOCATE  shift 88
	DEC  shift 365
	DECIMAL_P  shift 366
	DECLARE  shift 89
	DEFAULTS  shift 90
	DEFERRED  shift 91
	DEFINER  shift 92
	DELETE_P  shift 93
	DELIMITER  shift 94
	DELIMITERS  shift 95
	DEPENDS  shift 96
	DEPTH  shift 97
	DETACH  shift 98
	DICTIONARY  shift 99
	DISABLE_P  shift 100
	DISCARD  shift 101
	DOCUMENT_P  shift 102
	DOMAIN_P  shift 103
	DOUBLE_P  shift 104
	DROP  shift 105
	EACH  shift 106
	EMPTY_P  shift 107
	ENABLE_P  shift 108
	ENCODING  shift 109
	ENCRYPTED  shift 110
	ENFORCED  shift 111
	ENUM_P  shift 112
	ERROR_P  shift 113
	ESCAPE  shift 114
	EVENT  shift 115
	EXCLUDE  shift 116
	EXCLUDING  shift 117
	EXCLUSIVE  shift 118
	EXECUTE  shift 119
	EXISTS  shift 367
	EXPLAIN  shift 120
	EXPRESSION  shift 121
	EXTENSION  shift 122
	EXTERNAL  shift 123
	EXTRACT  shift 368
	FALSE_P  shift 451
	FAMILY  shift 124
	FILTER  shift 125
	FINALIZE  shift 126
	FIRST_P  shift 127
	FLOAT_P  shift 369
	FOLLOWING  shift 128
	FORCE  shift 129
	FORMAT  shift 130
	FORWARD  shift 131
	FUNCTION  shift 132
	FUNCTIONS  shift 133
	GENERATED  shift 134
	GLOBAL  shift 135
	GRANTED  shift 136
	GREATEST  shift 370
	GROUPING  shift 371
	GROUPS  shift 137
	HANDLER  shift 138
	HEADER_P  shift 139
	HOLD  shift 140
	HOUR_P  shift 141
	IDENTITY_P  shift 142
	IF_P  shift 143
	IMMEDIATE  shift 144
	IMMUTABLE  shift 145
	IMPLICIT_P  shift 146
	IMPORT_P  shift 147
	INCLUDE  shift 148
	INCLUDING  shift 149
	INCREMENT  shift 150
	INDENT  shift 151
	INDEX  shift 152
	INDEXES  shift 153
	INHERIT  shift 154
	INHERITS  shift 155
	INLINE_P  shift 156
	INOUT  shift 372
	INPUT_P  shift 157
	INSENSITIVE  shift 158
	INSERT  shift 159
	INSTEAD  shift 160
	INT_P  shift 373
	INTEGER  shift 374
	INTERVAL  shift 375
	INVOKER  shift 161
	ISOLATION  shift 162
	JSON  shift 376
	JSON_ARRAY  shift 377
	JSON_ARRAYAGG  shift 378
	JSON_EXISTS  shift 379
	JSON_OBJECT  shift 380
	JSON_OBJECTAGG  shift 381
	JSON_QUERY  shift 382
	JSON_SCALAR  shift 383
	JSON_SERIALIZE  shift 384
	JSON_TABLE  shift 385
	JSON_VALUE  shift 386
	KEEP  shift 163
	KEY  shift 164
	KEYS  shift 165
	LABEL  shift 166
	LANGUAGE  shift 167
	LARGE_P  shift 168
	LAST_P  shift 169
	LEAKPROOF  shift 170
	LEAST  shift 387
	LEVEL  shift 171
	LISTEN  shift 172
	LOAD  shift 173
	LOCAL  shift 174
	LOCATION  shift 175
	LOCK_P  shift 176
	LOCKED  shift 177
	LOGGED  shift 178
	MAPPING  shift 179
	MATCH  shift 180
	MATCHED  shift 181
	MATERIALIZED  shift 182
	MAXVALUE  shift 183
	MERGE  shift 184
	MERGE_ACTION  shift 388
	METHOD  shift 185
	MINUTE_P  shift 186
	MINVALUE  shift 187
	MODE  shift 188
	MONTH_P  shift 189
	MOVE  shift 190
	NAME_P  shift 191
	NAMES  shift 192
	NATIONAL  shift 389
	NCHAR  shift 390
	NESTED  shift 193
	NEW  shift 194
	NEXT  shift 195
	NFC  shift 196
	NFD  shift 197
	NFKC  shift 198
	NFKD  shift 199
	NO  shift 200
	NONE  shift 391
	NORMALIZE  shift 392
	NORMALIZED  shift 201
	NOT  shift 443
	NOTHING  shift 202
	NOTIFY  shift 203
	NOWAIT  shift 204
	NULL_P  shift 452
	NULLIF  shift 393
	NULLS_P  shift 205
	NUMERIC  shift 394
	OBJECT_P  shift 206
	OBJECTS_P  shift 207
	OF  shift 208
	OFF  shift 209
	OIDS  shift 210
	OLD  shift 211
	OMIT  shift 212
	OPERATOR  shift 213
	OPTION  shift 214
	OPTIONS  shift 215
	ORDINALITY  shift 216
	OTHERS  shift 217
	OUT_P  shift 395
	OVER  shift 218
	OVERLAY  shift 396
	OVERRIDING  shift 219
	OWNED  shift 220
	OWNER  shift 221
	PARALLEL  shift 222
	PARAMETER  shift 223
	PARSER  shift 224
	PARTIAL  shift 225
	PARTITION  shift 226
	PASSING  shift 227
	PASSWORD  shift 228
	PATH  shift 229
	PERIOD  shift 230
	PLAN  shift 231
	PLANS  shift 232
	POLICY  shift 233
	POSITION  shift 397
	PRECEDING  shift 234
	PRECISION  shift 398
	PREPARE  shift 235
	PREPARED  shift 236
	PRESERVE  shift 237
	PRIOR  shift 238
	PRIVILEGES  shift 239
	PROCEDURAL  shift 240
	PROCEDURE  shift 241
	PROCEDURES  shift 242
	PROGRAM  shift 243
	PUBLICATION  shift 244
	QUOTE  shift 245
	QUOTES  shift 246
	RANGE  shift 247
	READ  shift 248
	REAL  shift 399
	REASSIGN  shift 249
	RECURSIVE  shift 250
	REF_P  shift 251
	REFERENCING  shift 252
	REFRESH  shift 253
	REINDEX  shift 254
	RELATIVE_P  shift 255
	RELEASE  shift 256
	RENAME  shift 257
	REPEATABLE  shift 258
	REPLACE  shift 259
	REPLICA  shift 260
	RESET  shift 261
	RESTART  shift 262
	RESTRICT  shift 263
	RETURN  shift 264
	RETURNS  shift 265
	REVOKE  shift 266
	ROLE  shift 267
	ROLLBACK  shift 268
	ROLLUP  shift 269
	ROUTINE  shift 270
	ROUTINES  shift 271
	ROW  shift 400
	ROWS  shift 272
	RULE  shift 273
	SAVEPOINT  shift 274
	SCALAR  shift 275
	SCHEMA  shift 276
	SCHEMAS  shift 277
	SCROLL  shift 278
	SEARCH  shift 279
	SECOND_P  shift 280
	SECURITY  shift 281
	SEQUENCE  shift 282
	SEQUENCES  shift 283
	SERIALIZABLE  shift 284
	SERVER  shift 285
	SESSION  shift 286
	SET  shift 287
	SETOF  shift 401
	SETS  shift 288
	SHARE  shift 289
	SHOW  shift 290
	SIMPLE  shift 291
	SKIP  shift 292
	SMALLINT  shift 402
	SNAPSHOT  shift 293
	SOURCE  shift 294
	SQL_P  shift 295
	STABLE  shift 296
	STANDALONE_P  shift 297
	START  shift 298
	STATEMENT  shift 299
	STATISTICS  shift 300
	STDIN  shift 301
	STDOUT  shift 302
	STORAGE  shift 303
	STORED  shift 304
	STRICT_P  shift 305
	STRING_P  shift 306
	STRIP_P  shift 307
	SUBSCRIPTION  shift 308
	SUBSTRING  shift 403
	SUPPORT  shift 309
	SYSID  shift 310
	SYSTEM_P  shift 311
	TABLES  shift 312
	TABLESPACE  shift 313
	TARGET  shift 314
	TEMP  shift 315
	TEMPLATE  shift 316
	TEMPORARY  shift 317
	TEXT_P  shift 318
	TIES  shift 319
	TIME  shift 404
	TIMESTAMP  shift 405
	TRANSACTION  shift 320
	TRANSFORM  shift 321
	TREAT  shift 406
	TRIGGER  shift 322
	TRIM  shift 407
	TRUE_P  shift 450
	TRUNCATE  shift 323
	TRUSTED  shift 324
	TYPE_P  shift 325
	TYPES_P  shift 326
	UESCAPE  shift 327
	UNBOUNDED  shift 328
	UNCOMMITTED  shift 329
	UNCONDITIONAL  shift 330
	UNENCRYPTED  shift 331
	UNKNOWN  shift 332
	UNLISTEN  shift 333
	UNLOGGED  shift 334
	UNTIL  shift 335
	UPDATE  shift 336
	VACUUM  shift 337
	VALID  shift 338
	VALIDATE  shift 339
	VALIDATOR  shift 340
	VALUE_P  shift 341
	VALUES  shift 408
	VARCHAR  shift 409
	VARYING  shift 342
	VERSION_P  shift 343
	VIEW  shift 344
	VIEWS  shift 345
	VIRTUAL  shift 346
	VOLATILE  shift 347
	WHITESPACE_P  shift 348
	WITHIN  shift 349
	WITHOUT  shift 350
	WORK  shift 351
	WRAPPER  shift 352
	WRITE  shift 353
	XML_P  shift 354
	XMLATTRIBUTES  shift 410
	XMLCONCAT  shift 411
	XMLELEMENT  shift 412
	XMLEXISTS  shift 413
	XMLFOREST  shift 414
	XMLNAMESPACES  shift 415
	XMLPARSE  shift 416
	XMLPI  shift 417
	XMLROOT  shift 418
	XMLSERIALIZE  shift 419
	XMLTABLE  shift 420
	YEAR_P  shift 355
	YES_P  shift 356
	ZONE  shift 357
	IDENT  shift 25
	FCONST  shift 448
	SCONST  shift 449
	ICONST  shift 447
	PARAM  shift 453
	'+'  shift 445
	'-'  shift 444
	'('  shift 446
	.  error

	unreserved_keyword  goto 26
	col_name_keyword  goto 27
	qualified_name  goto 454
	a_expr  goto 532
	c_expr  goto 442
	ColId  goto 24

state 488
	a_expr:  a_expr GREATER_EQUALS.a_expr 

	ABORT_P  shift 28
	ABSENT  shift 29
	ABSOLUTE_P  shift 30
	ACCESS  shift 31
	ACTION  shift 32
	ADD_P  shift 33
	ADMIN  shift 34
	AFTER  shift 35
	AGGREGATE  shift 36
	ALSO  shift 37
	ALTER  shift 38
	ALWAYS  shift 39
	ASENSITIVE  shift 40
	ASSERTION  shift 41
	ASSIGNMENT  shift 42
	AT  shift 43
	ATOMIC  shift 44
	ATTACH  shift 45
	ATTRIBUTE  shift 46
	BACKWARD  shift 47
	BEFORE  shift 48
	BEGIN_P  shift 49
	BETWEEN  shift 358
	BIGINT  shift 359
	BIT  shift 360
	BOOLEAN_P  shift 361
	BREADTH  shift 50
	BY  shift 51
	CACHE  shift 52
	CALL  shift 53
	CALLED  shift 54
	CASCADE  shift 55
	CASCADED  shift 56
	CATALOG_P  shift 57
	CHAIN  shift 58
	CHAR_P  shift 362
	CHARACTER  shift 363
	CHARACTERISTICS  shift 59
	CHECKPOINT  shift 60
	CLASS  shift 61
	CLOSE  shift 62
	CLUSTER  shift 63
	COALESCE  shift 364
	COLUMNS  shift 64
	COMMENT  shift 65
	COMMENTS  shift 66
	COMMIT  shift 67
	COMMITTED  shift 68
	COMPRESSION  shift 69
	CONDITIONAL  shift 70
	CONFIGURATION  shift 71
	CONFLICT  shift 72
	CONNECTION  shift 73
	CONSTRAINTS  shift 74
	CONTENT_P  shift 75
	CONTINUE_P  shift 76
	CONVERSION_P  shift 77
	COPY  shift 78
	COST  shift 79
	CSV  shift 80
	CUBE  shift 81
	CURRENT_P  shift 82
	CURSOR  shift 83
	CYCLE  shift 84
	DATA_P  shift 85
	DATABASE  shift 86
	DAY_P  shift 87
	DEALLOCATE  shift 88
	DEC  shift 365
	DECIMAL_P  shift 366
	DECLARE  shift 89
	DEFAULTS  shift 90
	DEFERRED  shift 91
	DEFINER  shift 92
	DELETE_P  shift 93
	DELIMITER  shift 94
	DELIMITERS  shift 95
	DEPENDS  shift 96
	DEPTH  shift 97
	DETACH  shift 98
	DICTIONARY  shift 99
	DISABLE_P  shift 100
	DISCARD  shift 101
	DOCUMENT_P  shift 102
	DOMAIN_P  shift 103
	DOUBLE_P  shift 104
	DROP  shift 105
	EACH  shift 106
	EMPTY_P  shift 107
	ENABLE_P  shift 108
	ENCODING  shift 109
	ENCRYPTED  shift 110
	ENFORCED  shift 111
	ENUM_P  shift 112
	ERROR_P  shift 113
	ESCAPE  shift 114
	EVENT  shift 115
	EXCLUDE  shift 116
	EXCLUDING  shift 117
	EXCLUSIVE  shift 118
	EXECUTE  shift 119
	EXISTS  shift 367
	EXPLAIN  shift 120
	EXPRESSION  shift 121
	EXTENSION  shift 122
	EXTERNAL  shift 123
	EXTRACT  shift 368
	FALSE_P  shift 451
	FAMILY  shift 124
	FILTER  shift 125
	FINALIZE  shift 126
	FIRST_P  shift 127
	FLOAT_P  shift 369
	FOLLOWING  shift 128
	FORCE  shift 129
	FORMAT  shift 130
	FORWARD  shift 131
	FUNCTION  shift 132
	FUNCTIONS  shift 133
	GENERATED  shift 134
	GLOBAL  shift 135
	GRANTED  shift 136
	GREATEST  shift 370
	GROUPING  shift 371
	GROUPS  shift 137
	HANDLER  shift 138
	HEADER_P  shift 139
	HOLD  shift 140
	HOUR_P  shift 141
	IDENTITY_P  shift 142
	IF_P  shift 143
	IMMEDIATE  shift 144
	IMMUTABLE  shift 145
	IMPLICIT_P  shift 146
	IMPORT_P  shift 147
	INCLUDE  shift 148
	INCLUDING  shift 149
	INCREMENT  shift 150
	INDENT  shift 151
	INDEX  shift 152
	INDEXES  shift 153
	INHERIT  shift 154
	INHERITS  shift 155
	INLINE_P  shift 156
	INOUT  shift 372
	INPUT_P  shift 157
	INSENSITIVE  shift 158
	INSERT  shift 159
	INSTEAD  shift 160
	INT_P  shift 373
	INTEGER  shift 374
	INTERVAL  shift 375
	INVOKER  shift 161
	ISOLATION  shift 162
	JSON  shift 376
	JSON_ARRAY  shift 377
	JSON_ARRAYAGG  shift 378
	JSON_EXISTS  shift 379
	JSON_OBJECT  shift 380
	JSON_OBJECTAGG  shift 381
	JSON_QUERY  shift 382
	JSON_SCALAR  shift 383
	JSON_SERIALIZE  shift 384
	JSON_TABLE  shift 385
	JSON_VALUE  shift 386
	KEEP  shift 163
	KEY  shift 164
	KEYS  shift 165
	LABEL  shift 166
	LANGUAGE  shift 167
	LARGE_P  shift 168
	LAST_P  shift 169
	LEAKPROOF  shift 170
	LEAST  shift 387
	LEVEL  shift 171
	LISTEN  shift 172
	LOAD  shift 173
	LOCAL  shift 174
	LOCATION  shift 175
	LOCK_P  shift 176
	LOCKED  shift 177
	LOGGED  shift 178
	MAPPING  shift 179
	MATCH  shift 180
	MATCHED  shift 181
	MATERIALIZED  shift 182
	MAXVALUE  shift 183
	MERGE  shift 184
	MERGE_ACTION  shift 388
	METHOD  shift 185
	MINUTE_P  shift 186
	MINVALUE  shift 187
	MODE  shift 188
	MONTH_P  shift 189
	MOVE  shift 190
	NAME_P  shift 191
	NAMES  shift 192
	NATIONAL  shift 389
	NCHAR  shift 390
	NESTED  shift 193
	NEW  shift 194
	NEXT  shift 195
	NFC  shift 196
	NFD  shift 197
	NFKC  shift 198
	NFKD  shift 199
	NO  shift 200
	NONE  shift 391
	NORMALIZE  shift 392
	NORMALIZED  shift 201
	NOT  shift 443
	NOTHING  shift 202
	NOTIFY  shift 203
	NOWAIT  shift 204
	NULL_P  shift 452
	NULLIF  shift 393
	NULLS_P  shift 205
	NUMERIC  shift 394
	OBJECT_P  shift 206
	OBJECTS_P  shift 207
	OF  shift 208
	OFF  shift 209
	OIDS  shift 210
	OLD  shift 211
	OMIT  shift 212
	OPERATOR  shift 213
	OPTION  shift 214
	OPTIONS  shift 215
	ORDINALITY  shift 216
	OTHERS  shift 217
	OUT_P  shift 395
	OVER  shift 218
	OVERLAY  shift 396
	OVERRIDING  shift 219
	OWNED  shift 220
	OWNER  shift 221
	PARALLEL  shift 222
	PARAMETER  shift 223
	PARSER  shift 224
	PARTIAL  shift 225
	PARTITION  shift 226
	PASSING  shift 227
	PASSWORD  shift 228
	PATH  shift 229
	PERIOD  shift 230
	PLAN  shift 231
	PLANS  shift 232
	POLICY  shift 233
	POSITION  shift 397
	PRECEDING  shift 234
	PRECISION  shift 398
	PREPARE  shift 235
	PREPARED  shift 236
	PRESERVE  shift 237
	PRIOR  shift 238
	PRIVILEGES  shift 239
	PROCEDURAL  shift 240
	PROCEDURE  shift 241
	PROCEDURES  shift 242
	PROGRAM  shift 243
	PUBLICATION  shift 244
	QUOTE  shift 245
	QUOTES  shift 246
	RANGE  shift 247
	READ  shift 248
	REAL  shift 399
	REASSIGN  shift 249
	RECURSIVE  shift 250
	REF_P  shift 251
	REFERENCING  shift 252
	REFRESH  shift 253
	REINDEX  shift 254
	RELATIVE_P  shift 255
	RELEASE  shift 256
	RENAME  shift 257
	REPEATABLE  shift 258
	REPLACE  shift 259
	REPLICA  shift 260
	RESET  shift 261
	RESTART  shift 262
	RESTRICT  shift 263
	RETURN  shift 264
	RETURNS  shift 265
	REVOKE  shift 266
	ROLE  shift 267
	ROLLBACK  shift 268
	ROLLUP  shift 269
	ROUTINE  shift 270
	ROUTINES  shift 271
	ROW  shift 400
	ROWS  shift 272
	RULE  shift 273
	SAVEPOINT  shift 274
	SCALAR  shift 275
	SCHEMA  shift 276
	SCHEMAS  shift 277
	SCROLL  shift 278
	SEARCH  shift 279
	SECOND_P  shift 280
	SECURITY  shift 281
	SEQUENCE  shift 282
	SEQUENCES  shift 283
	SERIALIZABLE  shift 284
	SERVER  shift 285
	SESSION  shift 286
	SET  shift 287
	SETOF  shift 401
	SETS  shift 288
	SHARE  shift 289
	SHOW  shift 290
	SIMPLE  shift 291
	SKIP  shift 292
	SMALLINT  shift 402
	SNAPSHOT  shift 293
	SOURCE  shift 294
	SQL_P  shift 295
	STABLE  shift 296
	STANDALONE_P  shift 297
	START  shift 298
	STATEMENT  shift 299
	STATISTICS  shift 300
	STDIN  shift 301
	STDOUT  shift 302
	STORAGE  shift 303
	STORED  shift 304
	STRICT_P  shift 305
	STRING_P  shift 306
	STRIP_P  shift 307
	SUBSCRIPTION  shift 308
	SUBSTRING  shift 403
	SUPPORT  shift 309
	SYSID  shift 310
	SYSTEM_P  shift 311
	TABLES  shift 312
	TABLESPACE  shift 313
	TARGET  shift 314
	TEMP  shift 315
	TEMPLATE  shift 316
	TEMPORARY  shift 317
	TEXT_P  shift 318
	TIES  shift 319
	TIME  shift 404
	TIMESTAMP  shift 405
	TRANSACTION  shift 320
	TRANSFORM  shift 321
	TREAT  shift 406
	TRIGGER  shift 322
	TRIM  shift 407
	TRUE_P  shift 450
	TRUNCATE  shift 323
	TRUSTED  shift 324
	TYPE_P  shift 325
	TYPES_P  shift 326
	UESCAPE  shift 327
	UNBOUNDED  shift 328
	UNCOMMITTED  shift 329
	UNCONDITIONAL  shift 330
	UNENCRYPTED  shift 331
	UNKNOWN  shift 332
	UNLISTEN  shift 333
	UNLOGGED  shift 334
	UNTIL  shift 335
	UPDATE  shift 336
	VACUUM  shift 337
	VALID  shift 338
	VALIDATE  shift 339
	VALIDATOR  shift 340
	VALUE_P  shift 341
	VALUES  shift 408
	VARCHAR  shift 409
	VARYING  shift 342
	VERSION_P  shift 343
	VIEW  shift 344
	VIEWS  shift 345
	VIRTUAL  shift 346
	VOLATILE  shift 347
	WHITESPACE_P  shift 348
	WITHIN  shift 349
	WITHOUT  shift 350
	WORK  shift 351
	WRAPPER  shift 352
	WRITE  shift 353
	XML_P  shift 354
	XMLATTRIBUTES  shift 410
	XMLCONCAT  shift 411
	XMLELEMENT  shift 412
	XMLEXISTS  shift 413
	XMLFOREST  shift 414
	XMLNAMESPACES  shift 415
	XMLPARSE  shift 416
	XMLPI  shift 417
	XMLROOT  shift 418
	XMLSERIALIZE  shift 419
	XMLTABLE  shift 420
	YEAR_P  shift 355
	YES_P  shift 356
	ZONE  shift 357
	IDENT  shift 25
	FCONST  shift 448
	SCONST  shift 449
	ICONST  shift 447
	PARAM  shift 453
	'+'  shift 445
	'-'  shift 444
	'('  shift 446
	.  error

	unreserved_keyword  goto 26
	col_name_keyword  goto 27
	qualified_name  goto 454
	a_expr  goto 533
	c_expr  goto 442
	ColId  goto 24

state 489
	a_expr:  a_expr NOT_EQUALS.a_expr 

	ABORT_P  shift 28
	ABSENT  shift 29
	ABSOLUTE_P  shift 30
	ACCESS  shift 31
	ACTION  shift 32
	ADD_P  shift 33
	ADMIN  shift 34
	AFTER  shift 35
	AGGREGATE  shift 36
	ALSO  shift 37
	ALTER  shift 38
	ALWAYS  shift 39
	ASENSITIVE  shift 40
	ASSERTION  shift 41
	ASSIGNMENT  shift 42
	AT  shift 43
	ATOMIC  shift 44
	ATTACH  shift 45
	ATTRIBUTE  shift 46
	BACKWARD  shift 47
	BEFORE  shift 48
	BEGIN_P  shift 49
	BETWEEN  shift 358
	BIGINT  shift 359
	BIT  shift 360
	BOOLEAN_P  shift 361
	BREADTH  shift 50
	BY  shift 51
	CACHE  shift 52
	CALL  shift 53
	CALLED  shift 54
	CASCADE  shift 55
	CASCADED  shift 56
	CATALOG_P  shift 57
	CHAIN  shift 58
	CHAR_P  shift 362
	CHARACTER  shift 363
	CHARACTERISTICS  shift 59
	CHECKPOINT  shift 60
	CLASS  shift 61
	CLOSE  shift 62
	CLUSTER  shift 63
	COALESCE  shift 364
	COLUMNS  shift 64
	COMMENT  shift 65
	COMMENTS  shift 66
	COMMIT  shift 67
	COMMITTED  shift 68
	COMPRESSION  shift 69
	CONDITIONAL  shift 70
	CONFIGURATION  shift 71
	CONFLICT  shift 72
	CONNECTION  shift 73
	CONSTRAINTS  shift 74
	CONTENT_P  shift 75
	CONTINUE_P  shift 76
	CONVERSION_P  shift 77
	COPY  shift 78
	COST  shift 79
	CSV  shift 80
	CUBE  shift 81
	CURRENT_P  shift 82
	CURSOR  shift 83
	CYCLE  shift 84
	DATA_P  shift 85
	DATABASE  shift 86
	DAY_P  shift 87
	DEALLOCATE  shift 88
	DEC  shift 365
	DECIMAL_P  shift 366
	DECLARE  shift 89
	DEFAULTS  shift 90
	DEFERRED  shift 91
	DEFINER  shift 92
	DELETE_P  shift 93
	DELIMITER  shift 94
	DELIMITERS  shift 95
	DEPENDS  shift 96
	DEPTH  shift 97
	DETACH  shift 98
	DICTIONARY  shift 99
	DISABLE_P  shift 100
	DISCARD  shift 101
	DOCUMENT_P  shift 102
	DOMAIN_P  shift 103
	DOUBLE_P  shift 104
	DROP  shift 105
	EACH  shift 106
	EMPTY_P  shift 107
	ENABLE_P  shift 108
	ENCODING  shift 109
	ENCRYPTED  shift 110
	ENFORCED  shift 111
	ENUM_P  shift 112
	ERROR_P  shift 113
	ESCAPE  shift 114
	EVENT  shift 115
	EXCLUDE  shift 116
	EXCLUDING  shift 117
	EXCLUSIVE  shift 118
	EXECUTE  shift 119
	EXISTS  shift 367
	EXPLAIN  shift 120
	EXPRESSION  shift 121
	EXTENSION  shift 122
	EXTERNAL  shift 123
	EXTRACT  shift 368
	FALSE_P  shift 451
	FAMILY  shift 124
	FILTER  shift 125
	FINALIZE  shift 126
	FIRST_P  shift 127
	FLOAT_P  shift 369
	FOLLOWING  shift 128
	FORCE  shift 129
	FORMAT  shift 130
	FORWARD  shift 131
	FUNCTION  shift 132
	FUNCTIONS  shift 133
	GENERATED  shift 134
	GLOBAL  shift 135
	GRANTED  shift 136
	GREATEST  shift 370
	GROUPING  shift 371
	GROUPS  shift 137
	HANDLER  shift 138
	HEADER_P  shift 139
	HOLD  shift 140
	HOUR_P  shift 141
	IDENTITY_P  shift 142
	IF_P  shift 143
	IMMEDIATE  shift 144
	IMMUTABLE  shift 145
	IMPLICIT_P  shift 146
	IMPORT_P  shift 147
	INCLUDE  shift 148
	INCLUDING  shift 149
	INCREMENT  shift 150
	INDENT  shift 151
	INDEX  shift 152
	INDEXES  shift 153
	INHERIT  shift 154
	INHERITS  shift 155
	INLINE_P  shift 156
	INOUT  shift 372
	INPUT_P  shift 157
	INSENSITIVE  shift 158
	INSERT  shift 159
	INSTEAD  shift 160
	INT_P  shift 373
	INTEGER  shift 374
	INTERVAL  shift 375
	INVOKER  shift 161
	ISOLATION  shift 162
	JSON  shift 376
	JSON_ARRAY  shift 377
	JSON_ARRAYAGG  shift 378
	JSON_EXISTS  shift 379
	JSON_OBJECT  shift 380
	JSON_OBJECTAGG  shift 381
	JSON_QUERY  shift 382
	JSON_SCALAR  shift 383
	JSON_SERIALIZE  shift 384
	JSON_TABLE  shift 385
	JSON_VALUE  shift 386
	KEEP  shift 163
	KEY  shift 164
	KEYS  shift 165
	LABEL  shift 166
	LANGUAGE  shift 167
	LARGE_P  shift 168
	LAST_P  shift 169
	LEAKPROOF  shift 170
	LEAST  shift 387
	LEVEL  shift 171
	LISTEN  shift 172
	LOAD  shift 173
	LOCAL  shift 174
	LOCATION  shift 175
	LOCK_P  shift 176
	LOCKED  shift 177
	LOGGED  shift 178
	MAPPING  shift 179
	MATCH  shift 180
	MATCHED  shift 181
	MATERIALIZED  shift 182
	MAXVALUE  shift 183
	MERGE  shift 184
	MERGE_ACTION  shift 388
	METHOD  shift 185
	MINUTE_P  shift 186
	MINVALUE  shift 187
	MODE  shift 188
	MONTH_P  shift 189
	MOVE  shift 190
	NAME_P  shift 191
	NAMES  shift 192
	NATIONAL  shift 389
	NCHAR  shift 390
	NESTED  shift 193
	NEW  shift 194
	NEXT  shift 195
	NFC  shift 196
	NFD  shift 197
	NFKC  shift 198
	NFKD  shift 199
	NO  shift 200
	NONE  shift 391
	NORMALIZE  shift 392
	NORMALIZED  shift 201
	NOT  shift 443
	NOTHING  shift 202
	NOTIFY  shift 203
	NOWAIT  shift 204
	NULL_P  shift 452
	NULLIF  shift 393
	NULLS_P  shift 205
	NUMERIC  shift 394
	OBJECT_P  shift 206
	OBJECTS_P  shift 207
	OF  shift 208
	OFF  shift 209
	OIDS  shift 210
	OLD  shift 211
	OMIT  shift 212
	OPERATOR  shift 213
	OPTION  shift 214
	OPTIONS  shift 215
	ORDINALITY  shift 216
	OTHERS  shift 217
	OUT_P  shift 395
	OVER  shift 218
	OVERLAY  shift 396
	OVERRIDING  shift 219
	OWNED  shift 220
	OWNER  shift 221
	PARALLEL  shift 222
	PARAMETER  shift 223
	PARSER  shift 224
	PARTIAL  shift 225
	PARTITION  shift 226
	PASSING  shift 227
	PASSWORD  shift 228
	PATH  shift 229
	PERIOD  shift 230
	PLAN  shift 231
	PLANS  shift 232
	POLICY  shift 233
	POSITION  shift 397
	PRECEDING  shift 234
	PRECISION  shift 398
	PREPARE  shift 235
	PREPARED  shift 236
	PRESERVE  shift 237
	PRIOR  shift 238
	PRIVILEGES  shift 239
	PROCEDURAL  shift 240
	PROCEDURE  shift 241
	PROCEDURES  shift 242
	PROGRAM  shift 243
	PUBLICATION  shift 244
	QUOTE  shift 245
	QUOTES  shift 246
	RANGE  shift 247
	READ  shift 248
	REAL  shift 399
	REASSIGN  shift 249
	RECURSIVE  shift 250
	REF_P  shift 251
	REFERENCING  shift 252
	REFRESH  shift 253
	REINDEX  shift 254
	RELATIVE_P  shift 255
	RELEASE  shift 256
	RENAME  shift 257
	REPEATABLE  shift 258
	REPLACE  shift 259
	REPLICA  shift 260
	RESET  shift 261
	RESTART  shift 262
	RESTRICT  shift 263
	RETURN  shift 264
	RETURNS  shift 265
	REVOKE  shift 266
	ROLE  shift 267
	ROLLBACK  shift 268
	ROLLUP  shift 269
	ROUTINE  shift 270
	ROUTINES  shift 271
	ROW  shift 400
	ROWS  shift 272
	RULE  shift 273
	SAVEPOINT  shift 274
	SCALAR  shift 275
	SCHEMA  shift 276
	SCHEMAS  shift 277
	SCROLL  shift 278
	SEARCH  shift 279
	SECOND_P  shift 280
	SECURITY  shift 281
	SEQUENCE  shift 282
	SEQUENCES  shift 283
	SERIALIZABLE  shift 284
	SERVER  shift 285
	SESSION  shift 286
	SET  shift 287
	SETOF  shift 401
	SETS  shift 288
	SHARE  shift 289
	SHOW  shift 290
	SIMPLE  shift 291
	SKIP  shift 292
	SMALLINT  shift 402
	SNAPSHOT  shift 293
	SOURCE  shift 294
	SQL_P  shift 295
	STABLE  shift 296
	STANDALONE_P  shift 297
	START  shift 298
	STATEMENT  shift 299
	STATISTICS  shift 300
	STDIN  shift 301
	STDOUT  shift 302
	STORAGE  shift 303
	STORED  shift 304
	STRICT_P  shift 305
	STRING_P  shift 306
	STRIP_P  shift 307
	SUBSCRIPTION  shift 308
	SUBSTRING  shift 403
	SUPPORT  shift 309
	SYSID  shift 310
	SYSTEM_P  shift 311
	TABLES  shift 312
	TABLESPACE  shift 313
	TARGET  shift 314
	TEMP  shift 315
	TEMPLATE  shift 316
	TEMPORARY  shift 317
	TEXT_P  shift 318
	TIES  shift 319
	TIME  shift 404
	TIMESTAMP  shift 405
	TRANSACTION  shift 320
	TRANSFORM  shift 321
	TREAT  shift 406
	TRIGGER  shift 322
	TRIM  shift 407
	TRUE_P  shift 450
	TRUNCATE  shift 323
	TRUSTED  shift 324
	TYPE_P  shift 325
	TYPES_P  shift 326
	UESCAPE  shift 327
	UNBOUNDED  shift 328
	UNCOMMITTED  shift 329
	UNCONDITIONAL  shift 330
	UNENCRYPTED  shift 331
	UNKNOWN  shift 332
	UNLISTEN  shift 333
	UNLOGGED  shift 334
	UNTIL  shift 335
	UPDATE  shift 336
	VACUUM  shift 337
	VALID  shift 338
	VALIDATE  shift 339
	VALIDATOR  shift 340
	VALUE_P  shift 341
	VALUES  shift 408
	VARCHAR  shift 409
	VARYING  shift 342
	VERSION_P  shift 343
	VIEW  shift 344
	VIEWS  shift 345
	VIRTUAL  shift 346
	VOLATILE  shift 347
	WHITESPACE_P  shift 348
	WITHIN  shift 349
	WITHOUT  shift 350
	WORK  shift 351
	WRAPPER  shift 352
	WRITE  shift 353
	XML_P  shift 354
	XMLATTRIBUTES  shift 410
	XMLCONCAT  shift 411
	XMLELEMENT  shift 412
	XMLEXISTS  shift 413
	XMLFOREST  shift 414
	XMLNAMESPACES  shift 415
	XMLPARSE  shift 416
	XMLPI  shift 417
	XMLROOT  shift 418
	XMLSERIALIZE  shift 419
	XMLTABLE  shift 420
	YEAR_P  shift 355
	YES_P  shift 356
	ZONE  shift 357
	IDENT  shift 25
	FCONST  shift 448
	SCONST  shift 449
	ICONST  shift 447
	PARAM  shift 453
	'+'  shift 445
	'-'  shift 444
	'('  shift 446
	.  error

	unreserved_keyword  goto 26
	col_name_keyword  goto 27
	qualified_name  goto 454
	a_expr  goto 534
	c_expr  goto 442
	ColId  goto 24

state 490
	a_expr:  a_expr AND.a_expr 

	ABORT_P  shift 28
	ABSENT  shift 29
	ABSOLUTE_P  shift 30
	ACCESS  shift 31
	ACTION  shift 32
	ADD_P  shift 33
	ADMIN  shift 34
	AFTER  shift 35
	AGGREGATE  shift 36
	ALSO  shift 37
	ALTER  shift 38
	ALWAYS  shift 39
	ASENSITIVE  shift 40
	ASSERTION  shift 41
	ASSIGNMENT  shift 42
	AT  shift 43
	ATOMIC  shift 44
	ATTACH  shift 45
	ATTRIBUTE  shift 46
	BACKWARD  shift 47
	BEFORE  shift 48
	BEGIN_P  shift 49
	BETWEEN  shift 358
	BIGINT  shift 359
	BIT  shift 360
	BOOLEAN_P  shift 361
	BREADTH  shift 50
	BY  shift 51
	CACHE  shift 52
	CALL  shift 53
	CALLED  shift 54
	CASCADE  shift 55
	CASCADED  shift 56
	CATALOG_P  shift 57
	CHAIN  shift 58
	CHAR_P  shift 362
	CHARACTER  shift 363
	CHARACTERISTICS  shift 59
	CHECKPOINT  shift 60
	CLASS  shift 61
	CLOSE  shift 62
	CLUSTER  shift 63
	COALESCE  shift 364
	COLUMNS  shift 64
	COMMENT  shift 65
	COMMENTS  shift 66
	COMMIT  shift 67
	COMMITTED  shift 68
	COMPRESSION  shift 69
	CONDITIONAL  shift 70
	CONFIGURATION  shift 71
	CONFLICT  shift 72
	CONNECTION  shift 73
	CONSTRAINTS  shift 74
	CONTENT_P  shift 75
	CONTINUE_P  shift 76
	CONVERSION_P  shift 77
	COPY  shift 78
	COST  shift 79
	CSV  shift 80
	CUBE  shift 81
	CURRENT_P  shift 82
	CURSOR  shift 83
	CYCLE  shift 84
	DATA_P  shift 85
	DATABASE  shift 86
	DAY_P  shift 87
	DEALLOCATE  shift 88
	DEC  shift 365
	DECIMAL_P  shift 366
	DECLARE  shift 89
	DEFAULTS  shift 90
	DEFERRED  shift 91
	DEFINER  shift 92
	DELETE_P  shift 93
	DELIMITER  shift 94
	DELIMITERS  shift 95
	DEPENDS  shift 96
	DEPTH  shift 97
	DETACH  shift 98
	DICTIONARY  shift 99
	DISABLE_P  shift 100
	DISCARD  shift 101
	DOCUMENT_P  shift 102
	DOMAIN_P  shift 103
	DOUBLE_P  shift 104
	DROP  shift 105
	EACH  shift 106
	EMPTY_P  shift 107
	ENABLE_P  shift 108
	ENCODING  shift 109
	ENCRYPTED  shift 110
	ENFORCED  shift 111
	ENUM_P  shift 112
	ERROR_P  shift 113
	ESCAPE  shift 114
	EVENT  shift 115
	EXCLUDE  shift 116
	EXCLUDING  shift 117
	EXCLUSIVE  shift 118
	EXECUTE  shift 119
	EXISTS  shift 367
	EXPLAIN  shift 120
	EXPRESSION  shift 121
	EXTENSION  shift 122
	EXTERNAL  shift 123
	EXTRACT  shift 368
	FALSE_P  shift 451
	FAMILY  shift 124
	FILTER  shift 125
	FINALIZE  shift 126
	FIRST_P  shift 127
	FLOAT_P  shift 369
	FOLLOWING  shift 128
	FORCE  shift 129
	FORMAT  shift 130
	FORWARD  shift 131
	FUNCTION  shift 132
	FUNCTIONS  shift 133
	GENERATED  shift 134
	GLOBAL  shift 135
	GRANTED  shift 136
	GREATEST  shift 370
	GROUPING  shift 371
	GROUPS  shift 137
	HANDLER  shift 138
	HEADER_P  shift 139
	HOLD  shift 140
	HOUR_P  shift 141
	IDENTITY_P  shift 142
	IF_P  shift 143
	IMMEDIATE  shift 144
	IMMUTABLE  shift 145
	IMPLICIT_P  shift 146
	IMPORT_P  shift 147
	INCLUDE  shift 148
	INCLUDING  shift 149
	INCREMENT  shift 150
	INDENT  shift 151
	INDEX  shift 152
	INDEXES  shift 153
	INHERIT  shift 154
	INHERITS  shift 155
	INLINE_P  shift 156
	INOUT  shift 372
	INPUT_P  shift 157
	INSENSITIVE  shift 158
	INSERT  shift 159
	INSTEAD  shift 160
	INT_P  shift 373
	INTEGER  shift 374
	INTERVAL  shift 375
	INVOKER  shift 161
	ISOLATION  shift 162
	JSON  shift 376
	JSON_ARRAY  shift 377
	JSON_ARRAYAGG  shift 378
	JSON_EXISTS  shift 379
	JSON_OBJECT  shift 380
	JSON_OBJECTAGG  shift 381
	JSON_QUERY  shift 382
	JSON_SCALAR  shift 383
	JSON_SERIALIZE  shift 384
	JSON_TABLE  shift 385
	JSON_VALUE  shift 386
	KEEP  shift 163
	KEY  shift 164
	KEYS  shift 165
	LABEL  shift 166
	LANGUAGE  shift 167
	LARGE_P  shift 168
	LAST_P  shift 169
	LEAKPROOF  shift 170
	LEAST  shift 387
	LEVEL  shift 171
	LISTEN  shift 172
	LOAD  shift 173
	LOCAL  shift 174
	LOCATION  shift 175
	LOCK_P  shift 176
	LOCKED  shift 177
	LOGGED  shift 178
	MAPPING  shift 179
	MATCH  shift 180
	MATCHED  shift 181
	MATERIALIZED  shift 182
	MAXVALUE  shift 183
	MERGE  shift 184
	MERGE_ACTION  shift 388
	METHOD  shift 185
	MINUTE_P  shift 186
	MINVALUE  shift 187
	MODE  shift 188
	MONTH_P  shift 189
	MOVE  shift 190
	NAME_P  shift 191
	NAMES  shift 192
	NATIONAL  shift 389
	NCHAR  shift 390
	NESTED  shift 193
	NEW  shift 194
	NEXT  shift 195
	NFC  shift 196
	NFD  shift 197
	NFKC  shift 198
	NFKD  shift 199
	NO  shift 200
	NONE  shift 391
	NORMALIZE  shift 392
	NORMALIZED  shift 201
	NOT  shift 443
	NOTHING  shift 202
	NOTIFY  shift 203
	NOWAIT  shift 204
	NULL_P  shift 452
	NULLIF  shift 393
	NULLS_P  shift 205
	NUMERIC  shift 394
	OBJECT_P  shift 206
	OBJECTS_P  shift 207
	OF  shift 208
	OFF  shift 209
	OIDS  shift 210
	OLD  shift 211
	OMIT  shift 212
	OPERATOR  shift 213
	OPTION  shift 214
	OPTIONS  shift 215
	ORDINALITY  shift 216
	OTHERS  shift 217
	OUT_P  shift 395
	OVER  shift 218
	OVERLAY  shift 396
	OVERRIDING  shift 219
	OWNED  shift 220
	OWNER  shift 221
	PARALLEL  shift 222
	PARAMETER  shift 223
	PARSER  shift 224
	PARTIAL  shift 225
	PARTITION  shift 226
	PASSING  shift 227
	PASSWORD  shift 228
	PATH  shift 229
	PERIOD  shift 230
	PLAN  shift 231
	PLANS  shift 232
	POLICY  shift 233
	POSITION  shift 397
	PRECEDING  shift 234
	PRECISION  shift 398
	PREPARE  shift 235
	PREPARED  shift 236
	PRESERVE  shift 237
	PRIOR  shift 238
	PRIVILEGES  shift 239
	PROCEDURAL  shift 240
	PROCEDURE  shift 241
	PROCEDURES  shift 242
	PROGRAM  shift 243
	PUBLICATION  shift 244
	QUOTE  shift 245
	QUOTES  shift 246
	RANGE  shift 247
	READ  shift 248
	REAL  shift 399
	REASSIGN  shift 249
	RECURSIVE  shift 250
	REF_P  shift 251
	REFERENCING  shift 252
	REFRESH  shift 253
	REINDEX  shift 254
	RELATIVE_P  shift 255
	RELEASE  shift 256
	RENAME  shift 257
	REPEATABLE  shift 258
	REPLACE  shift 259
	REPLICA  shift 260
	RESET  shift 261
	RESTART  shift 262
	RESTRICT  shift 263
	RETURN  shift 264
	RETURNS  shift 265
	REVOKE  shift 266
	ROLE  shift 267
	ROLLBACK  shift 268
	ROLLUP  shift 269
	ROUTINE  shift 270
	ROUTINES  shift 271
	ROW  shift 400
	ROWS  shift 272
	RULE  shift 273
	SAVEPOINT  shift 274
	SCALAR  shift 275
	SCHEMA  shift 276
	SCHEMAS  shift 277
	SCROLL  shift 278
	SEARCH  shift 279
	SECOND_P  shift 280
	SECURITY  shift 281
	SEQUENCE  shift 282
	SEQUENCES  shift 283
	SERIALIZABLE  shift 284
	SERVER  shift 285
	SESSION  shift 286
	SET  shift 287
	SETOF  shift 401
	SETS  shift 288
	SHARE  shift 289
	SHOW  shift 290
	SIMPLE  shift 291
	SKIP  shift 292
	SMALLINT  shift 402
	SNAPSHOT  shift 293
	SOURCE  shift 294
	SQL_P  shift 295
	STABLE  shift 296
	STANDALONE_P  shift 297
	START  shift 298
	STATEMENT  shift 299
	STATISTICS  shift 300
	STDIN  shift 301
	STDOUT  shift 302
	STORAGE  shift 303
	STORED  shift 304
	STRICT_P  shift 305
	STRING_P  shift 306
	STRIP_P  shift 307
	SUBSCRIPTION  shift 308
	SUBSTRING  shift 403
	SUPPORT  shift 309
	SYSID  shift 310
	SYSTEM_P  shift 311
	TABLES  shift 312
	TABLESPACE  shift 313
	TARGET  shift 314
	TEMP  shift 315
	TEMPLATE  shift 316
	TEMPORARY  shift 317
	TEXT_P  shift 318
	TIES  shift 319
	TIME  shift 404
	TIMESTAMP  shift 405
	TRANSACTION  shift 320
	TRANSFORM  shift 321
	TREAT  shift 406
	TRIGGER  shift 322
	TRIM  shift 407
	TRUE_P  shift 450
	TRUNCATE  shift 323
	TRUSTED  shift 324
	TYPE_P  shift 325
	TYPES_P  shift 326
	UESCAPE  shift 327
	UNBOUNDED  shift 328
	UNCOMMITTED  shift 329
	UNCONDITIONAL  shift 330
	UNENCRYPTED  shift 331
	UNKNOWN  shift 332
	UNLISTEN  shift 333
	UNLOGGED  shift 334
	UNTIL  shift 335
	UPDATE  shift 336
	VACUUM  shift 337
	VALID  shift 338
	VALIDATE  shift 339
	VALIDATOR  shift 340
	VALUE_P  shift 341
	VALUES  shift 408
	VARCHAR  shift 409
	VARYING  shift 342
	VERSION_P  shift 343
	VIEW  shift 344
	VIEWS  shift 345
	VIRTUAL  shift 346
	VOLATILE  shift 347
	WHITESPACE_P  shift 348
	WITHIN  shift 349
	WITHOUT  shift 350
	WORK  shift 351
	WRAPPER  shift 352
	WRITE  shift 353
	XML_P  shift 354
	XMLATTRIBUTES  shift 410
	XMLCONCAT  shift 411
	XMLELEMENT  shift 412
	XMLEXISTS  shift 413
	XMLFOREST  shift 414
	XMLNAMESPACES  shift 415
	XMLPARSE  shift 416
	XMLPI  shift 417
	XMLROOT  shift 418
	XMLSERIALIZE  shift 419
	XMLTABLE  shift 420
	YEAR_P  shift 355
	YES_P  shift 356
	ZONE  shift 357
	IDENT  shift 25
	FCONST  shift 448
	SCONST  shift 449
	ICONST  shift 447
	PARAM  shift 453
	'+'  shift 445
	'-'  shift 444
	'('  shift 446
	.  error

	unreserved_keyword  goto 26
	col_name_keyword  goto 27
	qualified_name  goto 454
	a_expr  goto 535
	c_expr  goto 442
	ColId  goto 24

state 491
	a_expr:  a_expr OR.a_expr 

	ABORT_P  shift 28
	ABSENT  shift 29
	ABSOLUTE_P  shift 30
	ACCESS  shift 31
	ACTION  shift 32
	ADD_P  shift 33
	ADMIN  shift 34
	AFTER  shift 35
	AGGREGATE  shift 36
	ALSO  shift 37
	ALTER  shift 38
	ALWAYS  shift 39
	ASENSITIVE  shift 40
	ASSERTION  shift 41
	ASSIGNMENT  shift 42
	AT  shift 43
	ATOMIC  shift 44
	ATTACH  shift 45
	ATTRIBUTE  shift 46
	BACKWARD  shift 47
	BEFORE  shift 48
	BEGIN_P  shift 49
	BETWEEN  shift 358
	BIGINT  shift 359
	BIT  shift 360
	BOOLEAN_P  shift 361
	BREADTH  shift 50
	BY  shift 51
	CACHE  shift 52
	CALL  shift 53
	CALLED  shift 54
	CASCADE  shift 55
	CASCADED  shift 56
	CATALOG_P  shift 57
	CHAIN  shift 58
	CHAR_P  shift 362
	CHARACTER  shift 363
	CHARACTERISTICS  shift 59
	CHECKPOINT  shift 60
	CLASS  shift 61
	CLOSE  shift 62
	CLUSTER  shift 63
	COALESCE  shift 364
	COLUMNS  shift 64
	COMMENT  shift 65
	COMMENTS  shift 66
	COMMIT  shift 67
	COMMITTED  shift 68
	COMPRESSION  shift 69
	CONDITIONAL  shift 70
	CONFIGURATION  shift 71
	CONFLICT  shift 72
	CONNECTION  shift 73
	CONSTRAINTS  shift 74
	CONTENT_P  shift 75
	CONTINUE_P  shift 76
	CONVERSION_P  shift 77
	COPY  shift 78
	COST  shift 79
	CSV  shift 80
	CUBE  shift 81
	CURRENT_P  shift 82
	CURSOR  shift 83
	CYCLE  shift 84
	DATA_P  shift 85
	DATABASE  shift 86
	DAY_P  shift 87
	DEALLOCATE  shift 88
	DEC  shift 365
	DECIMAL_P  shift 366
	DECLARE  shift 89
	DEFAULTS  shift 90
	DEFERRED  shift 91
	DEFINER  shift 92
	DELETE_P  shift 93
	DELIMITER  shift 94
	DELIMITERS  shift 95
	DEPENDS  shift 96
	DEPTH  shift 97
	DETACH  shift 98
	DICTIONARY  shift 99
	DISABLE_P  shift 100
	DISCARD  shift 101
	DOCUMENT_P  shift 102
	DOMAIN_P  shift 103
	DOUBLE_P  shift 104
	DROP  shift 105
	EACH  shift 106
	EMPTY_P  shift 107
	ENABLE_P  shift 108
	ENCODING  shift 109
	ENCRYPTED  shift 110
	ENFORCED  shift 111
	ENUM_P  shift 112
	ERROR_P  shift 113
	ESCAPE  shift 114
	EVENT  shift 115
	EXCLUDE  shift 116
	EXCLUDING  shift 117
	EXCLUSIVE  shift 118
	EXECUTE  shift 119
	EXISTS  shift 367
	EXPLAIN  shift 120
	EXPRESSION  shift 121
	EXTENSION  shift 122
	EXTERNAL  shift 123
	EXTRACT  shift 368
	FALSE_P  shift 451
	FAMILY  shift 124
	FILTER  shift 125
	FINALIZE  shift 126
	FIRST_P  shift 127
	FLOAT_P  shift 369
	FOLLOWING  shift 128
	FORCE  shift 129
	FORMAT  shift 130
	FORWARD  shift 131
	FUNCTION  shift 132
	FUNCTIONS  shift 133
	GENERATED  shift 134
	GLOBAL  shift 135
	GRANTED  shift 136
	GREATEST  shift 370
	GROUPING  shift 371
	GROUPS  shift 137
	HANDLER  shift 138
	HEADER_P  shift 139
	HOLD  shift 140
	HOUR_P  shift 141
	IDENTITY_P  shift 142
	IF_P  shift 143
	IMMEDIATE  shift 144
	IMMUTABLE  shift 145
	IMPLICIT_P  shift 146
	IMPORT_P  shift 147
	INCLUDE  shift 148
	INCLUDING  shift 149
	INCREMENT  shift 150
	INDENT  shift 151
	INDEX  shift 152
	INDEXES  shift 153
	INHERIT  shift 154
	INHERITS  shift 155
	INLINE_P  shift 156
	INOUT  shift 372
	INPUT_P  shift 157
	INSENSITIVE  shift 158
	INSERT  shift 159
	INSTEAD  shift 160
	INT_P  shift 373
	INTEGER  shift 374
	INTERVAL  shift 375
	INVOKER  shift 161
	ISOLATION  shift 162
	JSON  shift 376
	JSON_ARRAY  shift 377
	JSON_ARRAYAGG  shift 378
	JSON_EXISTS  shift 379
	JSON_OBJECT  shift 380
	JSON_OBJECTAGG  shift 381
	JSON_QUERY  shift 382
	JSON_SCALAR  shift 383
	JSON_SERIALIZE  shift 384
	JSON_TABLE  shift 385
	JSON_VALUE  shift 386
	KEEP  shift 163
	KEY  shift 164
	KEYS  shift 165
	LABEL  shift 166
	LANGUAGE  shift 167
	LARGE_P  shift 168
	LAST_P  shift 169
	LEAKPROOF  shift 170
	LEAST  shift 387
	LEVEL  shift 171
	LISTEN  shift 172
	LOAD  shift 173
	LOCAL  shift 174
	LOCATION  shift 175
	LOCK_P  shift 176
	LOCKED  shift 177
	LOGGED  shift 178
	MAPPING  shift 179
	MATCH  shift 180
	MATCHED  shift 181
	MATERIALIZED  shift 182
	MAXVALUE  shift 183
	MERGE  shift 184
	MERGE_ACTION  shift 388
	METHOD  shift 185
	MINUTE_P  shift 186
	MINVALUE  shift 187
	MODE  shift 188
	MONTH_P  shift 189
	MOVE  shift 190
	NAME_P  shift 191
	NAMES  shift 192
	NATIONAL  shift 389
	NCHAR  shift 390
	NESTED  shift 193
	NEW  shift 194
	NEXT  shift 195
	NFC  shift 196
	NFD  shift 197
	NFKC  shift 198
	NFKD  shift 199
	NO  shift 200
	NONE  shift 391
	NORMALIZE  shift 392
	NORMALIZED  shift 201
	NOT  shift 443
	NOTHING  shift 202
	NOTIFY  shift 203
	NOWAIT  shift 204
	NULL_P  shift 452
	NULLIF  shift 393
	NULLS_P  shift 205
	NUMERIC  shift 394
	OBJECT_P  shift 206
	OBJECTS_P  shift 207
	OF  shift 208
	OFF  shift 209
	OIDS  shift 210
	OLD  shift 211
	OMIT  shift 212
	OPERATOR  shift 213
	OPTION  shift 214
	OPTIONS  shift 215
	ORDINALITY  shift 216
	OTHERS  shift 217
	OUT_P  shift 395
	OVER  shift 218
	OVERLAY  shift 396
	OVERRIDING  shift 219
	OWNED  shift 220
	OWNER  shift 221
	PARALLEL  shift 222
	PARAMETER  shift 223
	PARSER  shift 224
	PARTIAL  shift 225
	PARTITION  shift 226
	PASSING  shift 227
	PASSWORD  shift 228
	PATH  shift 229
	PERIOD  shift 230
	PLAN  shift 231
	PLANS  shift 232
	POLICY  shift 233
	POSITION  shift 397
	PRECEDING  shift 234
	PRECISION  shift 398
	PREPARE  shift 235
	PREPARED  shift 236
	PRESERVE  shift 237
	PRIOR  shift 238
	PRIVILEGES  shift 239
	PROCEDURAL  shift 240
	PROCEDURE  shift 241
	PROCEDURES  shift 242
	PROGRAM  shift 243
	PUBLICATION  shift 244
	QUOTE  shift 245
	QUOTES  shift 246
	RANGE  shift 247
	READ  shift 248
	REAL  shift 399
	REASSIGN  shift 249
	RECURSIVE  shift 250
	REF_P  shift 251
	REFERENCING  shift 252
	REFRESH  shift 253
	REINDEX  shift 254
	RELATIVE_P  shift 255
	RELEASE  shift 256
	RENAME  shift 257
	REPEATABLE  shift 258
	REPLACE  shift 259
	REPLICA  shift 260
	RESET  shift 261
	RESTART  shift 262
	RESTRICT  shift 263
	RETURN  shift 264
	RETURNS  shift 265
	REVOKE  shift 266
	ROLE  shift 267
	ROLLBACK  shift 268
	ROLLUP  shift 269
	ROUTINE  shift 270
	ROUTINES  shift 271
	ROW  shift 400
	ROWS  shift 272
	RULE  shift 273
	SAVEPOINT  shift 274
	SCALAR  shift 275
	SCHEMA  shift 276
	SCHEMAS  shift 277
	SCROLL  shift 278
	SEARCH  shift 279
	SECOND_P  shift 280
	SECURITY  shift 281
	SEQUENCE  shift 282
	SEQUENCES  shift 283
	SERIALIZABLE  shift 284
	SERVER  shift 285
	SESSION  shift 286
	SET  shift 287
	SETOF  shift 401
	SETS  shift 288
	SHARE  shift 289
	SHOW  shift 290
	SIMPLE  shift 291
	SKIP  shift 292
	SMALLINT  shift 402
	SNAPSHOT  shift 293
	SOURCE  shift 294
	SQL_P  shift 295
	STABLE  shift 296
	STANDALONE_P  shift 297
	START  shift 298
	STATEMENT  shift 299
	STATISTICS  shift 300
	STDIN  shift 301
	STDOUT  shift 302
	STORAGE  shift 303
	STORED  shift 304
	STRICT_P  shift 305
	STRING_P  shift 306
	STRIP_P  shift 307
	SUBSCRIPTION  shift 308
	SUBSTRING  shift 403
	SUPPORT  shift 309
	SYSID  shift 310
	SYSTEM_P  shift 311
	TABLES  shift 312
	TABLESPACE  shift 313
	TARGET  shift 314
	TEMP  shift 315
	TEMPLATE  shift 316
	TEMPORARY  shift 317
	TEXT_P  shift 318
	TIES  shift 319
	TIME  shift 404
	TIMESTAMP  shift 405
	TRANSACTION  shift 320
	TRANSFORM  shift 321
	TREAT  shift 406
	TRIGGER  shift 322
	TRIM  shift 407
	TRUE_P  shift 450
	TRUNCATE  shift 323
	TRUSTED  shift 324
	TYPE_P  shift 325
	TYPES_P  shift 326
	UESCAPE  shift 327
	UNBOUNDED  shift 328
	UNCOMMITTED  shift 329
	UNCONDITIONAL  shift 330
	UNENCRYPTED  shift 331
	UNKNOWN  shift 332
	UNLISTEN  shift 333
	UNLOGGED  shift 334
	UNTIL  shift 335
	UPDATE  shift 336
	VACUUM  shift 337
	VALID  shift 338
	VALIDATE  shift 339
	VALIDATOR  shift 340
	VALUE_P  shift 341
	VALUES  shift 408
	VARCHAR  shift 409
	VARYING  shift 342
	VERSION_P  shift 343
	VIEW  shift 344
	VIEWS  shift 345
	VIRTUAL  shift 346
	VOLATILE  shift 347
	WHITESPACE_P  shift 348
	WITHIN  shift 349
	WITHOUT  shift 350
	WORK  shift 351
	WRAPPER  shift 352
	WRITE  shift 353
	XML_P  shift 354
	XMLATTRIBUTES  shift 410
	XMLCONCAT  shift 411
	XMLELEMENT  shift 412
	XMLEXISTS  shift 413
	XMLFOREST  shift 414
	XMLNAMESPACES  shift 415
	XMLPARSE  shift 416
	XMLPI  shift 417
	XMLROOT  shift 418
	XMLSERIALIZE  shift 419
	XMLTABLE  shift 420
	YEAR_P  shift 355
	YES_P  shift 356
	ZONE  shift 357
	IDENT  shift 25
	FCONST  shift 448
	SCONST  shift 449
	ICONST  shift 447
	PARAM  shift 453
	'+'  shift 445
	'-'  shift 444
	'('  shift 446
	.  error

	unreserved_keyword  goto 26
	col_name_keyword  goto 27
	qualified_name  goto 454
	a_expr  goto 536
	c_expr  goto 442
	ColId  goto 24

state 492
	a_expr:  a_expr.'+' a_expr 
	a_expr:  a_expr.'-' a_expr 
	a_expr:  a_expr.'*' a_expr 
	a_expr:  a_expr.'/' a_expr 
	a_expr:  a_expr.'%' a_expr 
	a_expr:  a_expr.'<' a_expr 
	a_expr:  a_expr.'>' a_expr 
	a_expr:  a_expr.'=' a_expr 
	a_expr:  a_expr.LESS_EQUALS a_expr 
	a_expr:  a_expr.GREATER_EQUALS a_expr 
	a_expr:  a_expr.NOT_EQUALS a_expr 
	a_expr:  a_expr.AND a_expr 
	a_expr:  a_expr.OR a_expr 
	a_expr:  NOT a_expr.    (175)

	LESS_EQUALS  shift 487
	GREATER_EQUALS  shift 488
	NOT_EQUALS  shift 489
	'<'  shift 484
	'>'  shift 485
	'='  shift 486
	'+'  shift 479
	'-'  shift 480
	'*'  shift 481
	'/'  shift 482
	'%'  shift 483
	.  reduce 175 (src line 1275)


state 493
	a_expr:  a_expr.'+' a_expr 
	a_expr:  a_expr.'-' a_expr 
	a_expr:  a_expr.'*' a_expr 
	a_expr:  a_expr.'/' a_expr 
	a_expr:  a_expr.'%' a_expr 
	a_expr:  a_expr.'<' a_expr 
	a_expr:  a_expr.'>' a_expr 
	a_expr:  a_expr.'=' a_expr 
	a_expr:  a_expr.LESS_EQUALS a_expr 
	a_expr:  a_expr.GREATER_EQUALS a_expr 
	a_expr:  a_expr.NOT_EQUALS a_expr 
	a_expr:  a_expr.AND a_expr 
	a_expr:  a_expr.OR a_expr 
	a_expr:  '-' a_expr.    (176)

	.  reduce 176 (src line 1279)


state 494
	a_expr:  a_expr.'+' a_expr 
	a_expr:  a_expr.'-' a_expr 
	a_expr:  a_expr.'*' a_expr 
	a_expr:  a_expr.'/' a_expr 
	a_expr:  a_expr.'%' a_expr 
	a_expr:  a_expr.'<' a_expr 
	a_expr:  a_expr.'>' a_expr 
	a_expr:  a_expr.'=' a_expr 
	a_expr:  a_expr.LESS_EQUALS a_expr 
	a_expr:  a_expr.GREATER_EQUALS a_expr 
	a_expr:  a_expr.NOT_EQUALS a_expr 
	a_expr:  a_expr.AND a_expr 
	a_expr:  a_expr.OR a_expr 
	a_expr:  '+' a_expr.    (177)

	.  reduce 177 (src line 1283)


state 495
	a_expr:  a_expr.'+' a_expr 
	a_expr:  a_expr.'-' a_expr 
	a_expr:  a_expr.'*' a_expr 
	a_expr:  a_expr.'/' a_expr 
	a_expr:  a_expr.'%' a_expr 
	a_expr:  a_expr.'<' a_expr 
	a_expr:  a_expr.'>' a_expr 
	a_expr:  a_expr.'=' a_expr 
	a_expr:  a_expr.LESS_EQUALS a_expr 
	a_expr:  a_expr.GREATER_EQUALS a_expr 
	a_expr:  a_expr.NOT_EQUALS a_expr 
	a_expr:  a_expr.AND a_expr 
	a_expr:  a_expr.OR a_expr 
	a_expr:  '(' a_expr.')' 

	AND  shift 490
	OR  shift 491
	LESS_EQUALS  shift 487
	GREATER_EQUALS  shift 488
	NOT_EQUALS  shift 489
	'<'  shift 484
	'>'  shift 485
	'='  shift 486
	'+'  shift 479
	'-'  shift 480
	'*'  shift 481
	'/'  shift 482
	'%'  shift 483
	')'  shift 537
	.  error


state 496
	base_select:  TABLE qualified_name opt_sort_clause opt_select_limit.    (11)

	.  reduce 11 (src line 331)


state 497
	qualified_name:  qualified_name '.' ColId.    (160)

	.  reduce 160 (src line 1211)


state 498
	cte_list:  cte_list ','.cte_item 

	ABORT_P  shift 28
	ABSENT  shift 29
	ABSOLUTE_P  shift 30
	ACCESS  shift 31
	ACTION  shift 32
	ADD_P  shift 33
	ADMIN  shift 34
	AFTER  shift 35
	AGGREGATE  shift 36
	ALSO  shift 37
	ALTER  shift 38
	ALWAYS  shift 39
	ASENSITIVE  shift 40
	ASSERTION  shift 41
	ASSIGNMENT  shift 42
	AT  shift 43
	ATOMIC  shift 44
	ATTACH  shift 45
	ATTRIBUTE  shift 46
	BACKWARD  shift 47
	BEFORE  shift 48
	BEGIN_P  shift 49
	BETWEEN  shift 358
	BIGINT  shift 359
	BIT  shift 360
	BOOLEAN_P  shift 361
	BREADTH  shift 50
	BY  shift 51
	CACHE  shift 52
	CALL  shift 53
	CALLED  shift 54
	CASCADE  shift 55
	CASCADED  shift 56
	CATALOG_P  shift 57
	CHAIN  shift 58
	CHAR_P  shift 362
	CHARACTER  shift 363
	CHARACTERISTICS  shift 59
	CHECKPOINT  shift 60
	CLASS  shift 61
	CLOSE  shift 62
	CLUSTER  shift 63
	COALESCE  shift 364
	COLUMNS  shift 64
	COMMENT  shift 65
	COMMENTS  shift 66
	COMMIT  shift 67
	COMMITTED  shift 68
	COMPRESSION  shift 69
	CONDITIONAL  shift 70
	CONFIGURATION  shift 71
	CONFLICT  shift 72
	CONNECTION  shift 73
	CONSTRAINTS  shift 74
	CONTENT_P  shift 75
	CONTINUE_P  shift 76
	CONVERSION_P  shift 77
	COPY  shift 78
	COST  shift 79
	CSV  shift 80
	CUBE  shift 81
	CURRENT_P  shift 82
	CURSOR  shift 83
	CYCLE  shift 84
	DATA_P  shift 85
	DATABASE  shift 86
	DAY_P  shift 87
	DEALLOCATE  shift 88
	DEC  shift 365
	DECIMAL_P  shift 366
	DECLARE  shift 89
	DEFAULTS  shift 90
	DEFERRED  shift 91
	DEFINER  shift 92
	DELETE_P  shift 93
	DELIMITER  shift 94
	DELIMITERS  shift 95
	DEPENDS  shift 96
	DEPTH  shift 97
	DETACH  shift 98
	DICTIONARY  shift 99
	DISABLE_P  shift 100
	DISCARD  shift 101
	DOCUMENT_P  shift 102
	DOMAIN_P  shift 103
	DOUBLE_P  shift 104
	DROP  shift 105
	EACH  shift 106
	EMPTY_P  shift 107
	ENABLE_P  shift 108
	ENCODING  shift 109
	ENCRYPTED  shift 110
	ENFORCED  shift 111
	ENUM_P  shift 112
	ERROR_P  shift 113
	ESCAPE  shift 114
	EVENT  shift 115
	EXCLUDE  shift 116
	EXCLUDING  shift 117
	EXCLUSIVE  shift 118
	EXECUTE  shift 119
	EXISTS  shift 367
	EXPLAIN  shift 120
	EXPRESSION  shift 121
	EXTENSION  shift 122
	EXTERNAL  shift 123
	EXTRACT  shift 368
	FAMILY  shift 124
	FILTER  shift 125
	FINALIZE  shift 126
	FIRST_P  shift 127
	FLOAT_P  shift 369
	FOLLOWING  shift 128
	FORCE  shift 129
	FORMAT  shift 130
	FORWARD  shift 131
	FUNCTION  shift 132
	FUNCTIONS  shift 133
	GENERATED  shift 134
	GLOBAL  shift 135
	GRANTED  shift 136
	GREATEST  shift 370
	GROUPING  shift 371
	GROUPS  shift 137
	HANDLER  shift 138
	HEADER_P  shift 139
	HOLD  shift 140
	HOUR_P  shift 141
	IDENTITY_P  shift 142
	IF_P  shift 143
	IMMEDIATE  shift 144
	IMMUTABLE  shift 145
	IMPLICIT_P  shift 146
	IMPORT_P  shift 147
	INCLUDE  shift 148
	INCLUDING  shift 149
	INCREMENT  shift 150
	INDENT  shift 151
	INDEX  shift 152
	INDEXES  shift 153
	INHERIT  shift 154
	INHERITS  shift 155
	INLINE_P  shift 156
	INOUT  shift 372
	INPUT_P  shift 157
	INSENSITIVE  shift 158
	INSERT  shift 159
	INSTEAD  shift 160
	INT_P  shift 373
	INTEGER  shift 374
	INTERVAL  shift 375
	INVOKER  shift 161
	ISOLATION  shift 162
	JSON  shift 376
	JSON_ARRAY  shift 377
	JSON_ARRAYAGG  shift 378
	JSON_EXISTS  shift 379
	JSON_OBJECT  shift 380
	JSON_OBJECTAGG  shift 381
	JSON_QUERY  shift 382
	JSON_SCALAR  shift 383
	JSON_SERIALIZE  shift 384
	JSON_TABLE  shift 385
	JSON_VALUE  shift 386
	KEEP  shift 163
	KEY  shift 164
	KEYS  shift 165
	LABEL  shift 166
	LANGUAGE  shift 167
	LARGE_P  shift 168
	LAST_P  shift 169
	LEAKPROOF  shift 170
	LEAST  shift 387
	LEVEL  shift 171
	LISTEN  shift 172
	LOAD  shift 173
	LOCAL  shift 174
	LOCATION  shift 175
	LOCK_P  shift 176
	LOCKED  shift 177
	LOGGED  shift 178
	MAPPING  shift 179
	MATCH  shift 180
	MATCHED  shift 181
	MATERIALIZED  shift 182
	MAXVALUE  shift 183
	MERGE  shift 184
	MERGE_ACTION  shift 388
	METHOD  shift 185
	MINUTE_P  shift 186
	MINVALUE  shift 187
	MODE  shift 188
	MONTH_P  shift 189
	MOVE  shift 190
	NAME_P  shift 191
	NAMES  shift 192
	NATIONAL  shift 389
	NCHAR  shift 390
	NESTED  shift 193
	NEW  shift 194
	NEXT  shift 195
	NFC  shift 196
	NFD  shift 197
	NFKC  shift 198
	NFKD  shift 199
	NO  shift 200
	NONE  shift 391
	NORMALIZE  shift 392
	NORMALIZED  shift 201
	NOTHING  shift 202
	NOTIFY  shift 203
	NOWAIT  shift 204
	NULLIF  shift 393
	NULLS_P  shift 205
	NUMERIC  shift 394
	OBJECT_P  shift 206
	OBJECTS_P  shift 207
	OF  shift 208
	OFF  shift 209
	OIDS  shift 210
	OLD  shift 211
	OMIT  shift 212
	OPERATOR  shift 213
	OPTION  shift 214
	OPTIONS  shift 215
	ORDINALITY  shift 216
	OTHERS  shift 217
	OUT_P  shift 395
	OVER  shift 218
	OVERLAY  shift 396
	OVERRIDING  shift 219
	OWNED  shift 220
	OWNER  shift 221
	PARALLEL  shift 222
	PARAMETER  shift 223
	PARSER  shift 224
	PARTIAL  shift 225
	PARTITION  shift 226
	PASSING  shift 227
	PASSWORD  shift 228
	PATH  shift 229
	PERIOD  shift 230
	PLAN  shift 231
	PLANS  shift 232
	POLICY  shift 233
	POSITION  shift 397
	PRECEDING  shift 234
	PRECISION  shift 398
	PREPARE  shift 235
	PREPARED  shift 236
	PRESERVE  shift 237
	PRIOR  shift 238
	PRIVILEGES  shift 239
	PROCEDURAL  shift 240
	PROCEDURE  shift 241
	PROCEDURES  shift 242
	PROGRAM  shift 243
	PUBLICATION  shift 244
	QUOTE  shift 245
	QUOTES  shift 246
	RANGE  shift 247
	READ  shift 248
	REAL  shift 399
	REASSIGN  shift 249
	RECURSIVE  shift 250
	REF_P  shift 251
	REFERENCING  shift 252
	REFRESH  shift 253
	REINDEX  shift 254
	RELATIVE_P  shift 255
	RELEASE  shift 256
	RENAME  shift 257
	REPEATABLE  shift 258
	REPLACE  shift 259
	REPLICA  shift 260
	RESET  shift 261
	RESTART  shift 262
	RESTRICT  shift 263
	RETURN  shift 264
	RETURNS  shift 265
	REVOKE  shift 266
	ROLE  shift 267
	ROLLBACK  shift 268
	ROLLUP  shift 269
	ROUTINE  shift 270
	ROUTINES  shift 271
	ROW  shift 400
	ROWS  shift 272
	RULE  shift 273
	SAVEPOINT  shift 274
	SCALAR  shift 275
	SCHEMA  shift 276
	SCHEMAS  shift 277
	SCROLL  shift 278
	SEARCH  shift 279
	SECOND_P  shift 280
	SECURITY  shift 281
	SEQUENCE  shift 282
	SEQUENCES  shift 283
	SERIALIZABLE  shift 284
	SERVER  shift 285
	SESSION  shift 286
	SET  shift 287
	SETOF  shift 401
	SETS  shift 288
	SHARE  shift 289
	SHOW  shift 290
	SIMPLE  shift 291
	SKIP  shift 292
	SMALLINT  shift 402
	SNAPSHOT  shift 293
	SOURCE  shift 294
	SQL_P  shift 295
	STABLE  shift 296
	STANDALONE_P  shift 297
	START  shift 298
	STATEMENT  shift 299
	STATISTICS  shift 300
	STDIN  shift 301
	STDOUT  shift 302
	STORAGE  shift 303
	STORED  shift 304
	STRICT_P  shift 305
	STRING_P  shift 306
	STRIP_P  shift 307
	SUBSCRIPTION  shift 308
	SUBSTRING  shift 403
	SUPPORT  shift 309
	SYSID  shift 310
	SYSTEM_P  shift 311
	TABLES  shift 312
	TABLESPACE  shift 313
	TARGET  shift 314
	TEMP  shift 315
	TEMPLATE  shift 316
	TEMPORARY  shift 317
	TEXT_P  shift 318
	TIES  shift 319
	TIME  shift 404
	TIMESTAMP  shift 405
	TRANSACTION  shift 320
	TRANSFORM  shift 321
	TREAT  shift 406
	TRIGGER  shift 322
	TRIM  shift 407
	TRUNCATE  shift 323
	TRUSTED  shift 324
	TYPE_P  shift 325
	TYPES_P  shift 326
	UESCAPE  shift 327
	UNBOUNDED  shift 328
	UNCOMMITTED  shift 329
	UNCONDITIONAL  shift 330
	UNENCRYPTED  shift 331
	UNKNOWN  shift 332
	UNLISTEN  shift 333
	UNLOGGED  shift 334
	UNTIL  shift 335
	UPDATE  shift 336
	VACUUM  shift 337
	VALID  shift 338
	VALIDATE  shift 339
	VALIDATOR  shift 340
	VALUE_P  shift 341
	VALUES  shift 408
	VARCHAR  shift 409
	VARYING  shift 342
	VERSION_P  shift 343
	VIEW  shift 344
	VIEWS  shift 345
	VIRTUAL  shift 346
	VOLATILE  shift 347
	WHITESPACE_P  shift 348
	WITHIN  shift 349
	WITHOUT  shift 350
	WORK  shift 351
	WRAPPER  shift 352
	WRITE  shift 353
	XML_P  shift 354
	XMLATTRIBUTES  shift 410
	XMLCONCAT  shift 411
	XMLELEMENT  shift 412
	XMLEXISTS  shift 413
	XMLFOREST  shift 414
	XMLNAMESPACES  shift 415
	XMLPARSE  shift 416
	XMLPI  shift 417
	XMLROOT  shift 418
	XMLSERIALIZE  shift 419
	XMLTABLE  shift 420
	YEAR_P  shift 355
	YES_P  shift 356
	ZONE  shift 357
	IDENT  shift 25
	.  error

	unreserved_keyword  goto 26
	col_name_keyword  goto 27
	cte_item  goto 538
	ColId  goto 459

state 499
	cte_item:  ColId cte_col_list.AS opt_materialized '(' SelectStmt ')' 

	AS  shift 539
	.  error


state 500
	cte_col_list:  '('.col_alias_list ')' 

	ABORT_P  shift 28
	ABSENT  shift 29
	ABSOLUTE_P  shift 30
	ACCESS  shift 31
	ACTION  shift 32
	ADD_P  shift 33
	ADMIN  shift 34
	AFTER  shift 35
	AGGREGATE  shift 36
	ALSO  shift 37
	ALTER  shift 38
	ALWAYS  shift 39
	ASENSITIVE  shift 40
	ASSERTION  shift 41
	ASSIGNMENT  shift 42
	AT  shift 43
	ATOMIC  shift 44
	ATTACH  shift 45
	ATTRIBUTE  shift 46
	BACKWARD  shift 47
	BEFORE  shift 48
	BEGIN_P  shift 49
	BETWEEN  shift 358
	BIGINT  shift 359
	BIT  shift 360
	BOOLEAN_P  shift 361
	BREADTH  shift 50
	BY  shift 51
	CACHE  shift 52
	CALL  shift 53
	CALLED  shift 54
	CASCADE  shift 55
	CASCADED  shift 56
	CATALOG_P  shift 57
	CHAIN  shift 58
	CHAR_P  shift 362
	CHARACTER  shift 363
	CHARACTERISTICS  shift 59
	CHECKPOINT  shift 60
	CLASS  shift 61
	CLOSE  shift 62
	CLUSTER  shift 63
	COALESCE  shift 364
	COLUMNS  shift 64
	COMMENT  shift 65
	COMMENTS  shift 66
	COMMIT  shift 67
	COMMITTED  shift 68
	COMPRESSION  shift 69
	CONDITIONAL  shift 70
	CONFIGURATION  shift 71
	CONFLICT  shift 72
	CONNECTION  shift 73
	CONSTRAINTS  shift 74
	CONTENT_P  shift 75
	CONTINUE_P  shift 76
	CONVERSION_P  shift 77
	COPY  shift 78
	COST  shift 79
	CSV  shift 80
	CUBE  shift 81
	CURRENT_P  shift 82
	CURSOR  shift 83
	CYCLE  shift 84
	DATA_P  shift 85
	DATABASE  shift 86
	DAY_P  shift 87
	DEALLOCATE  shift 88
	DEC  shift 365
	DECIMAL_P  shift 366
	DECLARE  shift 89
	DEFAULTS  shift 90
	DEFERRED  shift 91
	DEFINER  shift 92
	DELETE_P  shift 93
	DELIMITER  shift 94
	DELIMITERS  shift 95
	DEPENDS  shift 96
	DEPTH  shift 97
	DETACH  shift 98
	DICTIONARY  shift 99
	DISABLE_P  shift 100
	DISCARD  shift 101
	DOCUMENT_P  shift 102
	DOMAIN_P  shift 103
	DOUBLE_P  shift 104
	DROP  shift 105
	EACH  shift 106
	EMPTY_P  shift 107
	ENABLE_P  shift 108
	ENCODING  shift 109
	ENCRYPTED  shift 110
	ENFORCED  shift 111
	ENUM_P  shift 112
	ERROR_P  shift 113
	ESCAPE  shift 114
	EVENT  shift 115
	EXCLUDE  shift 116
	EXCLUDING  shift 117
	EXCLUSIVE  shift 118
	EXECUTE  shift 119
	EXISTS  shift 367
	EXPLAIN  shift 120
	EXPRESSION  shift 121
	EXTENSION  shift 122
	EXTERNAL  shift 123
	EXTRACT  shift 368
	FAMILY  shift 124
	FILTER  shift 125
	FINALIZE  shift 126
	FIRST_P  shift 127
	FLOAT_P  shift 369
	FOLLOWING  shift 128
	FORCE  shift 129
	FORMAT  shift 130
	FORWARD  shift 131
	FUNCTION  shift 132
	FUNCTIONS  shift 133
	GENERATED  shift 134
	GLOBAL  shift 135
	GRANTED  shift 136
	GREATEST  shift 370
	GROUPING  shift 371
	GROUPS  shift 137
	HANDLER  shift 138
	HEADER_P  shift 139
	HOLD  shift 140
	HOUR_P  shift 141
	IDENTITY_P  shift 142
	IF_P  shift 143
	IMMEDIATE  shift 144
	IMMUTABLE  shift 145
	IMPLICIT_P  shift 146
	IMPORT_P  shift 147
	INCLUDE  shift 148
	INCLUDING  shift 149
	INCREMENT  shift 150
	INDENT  shift 151
	INDEX  shift 152
	INDEXES  shift 153
	INHERIT  shift 154
	INHERITS  shift 155
	INLINE_P  shift 156
	INOUT  shift 372
	INPUT_P  shift 157
	INSENSITIVE  shift 158
	INSERT  shift 159
	INSTEAD  shift 160
	INT_P  shift 373
	INTEGER  shift 374
	INTERVAL  shift 375
	INVOKER  shift 161
	ISOLATION  shift 162
	JSON  shift 376
	JSON_ARRAY  shift 377
	JSON_ARRAYAGG  shift 378
	JSON_EXISTS  shift 379
	JSON_OBJECT  shift 380
	JSON_OBJECTAGG  shift 381
	JSON_QUERY  shift 382
	JSON_SCALAR  shift 383
	JSON_SERIALIZE  shift 384
	JSON_TABLE  shift 385
	JSON_VALUE  shift 386
	KEEP  shift 163
	KEY  shift 164
	KEYS  shift 165
	LABEL  shift 166
	LANGUAGE  shift 167
	LARGE_P  shift 168
	LAST_P  shift 169
	LEAKPROOF  shift 170
	LEAST  shift 387
	LEVEL  shift 171
	LISTEN  shift 172
	LOAD  shift 173
	LOCAL  shift 174
	LOCATION  shift 175
	LOCK_P  shift 176
	LOCKED  shift 177
	LOGGED  shift 178
	MAPPING  shift 179
	MATCH  shift 180
	MATCHED  shift 181
	MATERIALIZED  shift 182
	MAXVALUE  shift 183
	MERGE  shift 184
	MERGE_ACTION  shift 388
	METHOD  shift 185
	MINUTE_P  shift 186
	MINVALUE  shift 187
	MODE  shift 188
	MONTH_P  shift 189
	MOVE  shift 190
	NAME_P  shift 191
	NAMES  shift 192
	NATIONAL  shift 389
	NCHAR  shift 390
	NESTED  shift 193
	NEW  shift 194
	NEXT  shift 195
	NFC  shift 196
	NFD  shift 197
	NFKC  shift 198
	NFKD  shift 199
	NO  shift 200
	NONE  shift 391
	NORMALIZE  shift 392
	NORMALIZED  shift 201
	NOTHING  shift 202
	NOTIFY  shift 203
	NOWAIT  shift 204
	NULLIF  shift 393
	NULLS_P  shift 205
	NUMERIC  shift 394
	OBJECT_P  shift 206
	OBJECTS_P  shift 207
	OF  shift 208
	OFF  shift 209
	OIDS  shift 210
	OLD  shift 211
	OMIT  shift 212
	OPERATOR  shift 213
	OPTION  shift 214
	OPTIONS  shift 215
	ORDINALITY  shift 216
	OTHERS  shift 217
	OUT_P  shift 395
	OVER  shift 218
	OVERLAY  shift 396
	OVERRIDING  shift 219
	OWNED  shift 220
	OWNER  shift 221
	PARALLEL  shift 222
	PARAMETER  shift 223
	PARSER  shift 224
	PARTIAL  shift 225
	PARTITION  shift 226
	PASSING  shift 227
	PASSWORD  shift 228
	PATH  shift 229
	PERIOD  shift 230
	PLAN  shift 231
	PLANS  shift 232
	POLICY  shift 233
	POSITION  shift 397
	PRECEDING  shift 234
	PRECISION  shift 398
	PREPARE  shift 235
	PREPARED  shift 236
	PRESERVE  shift 237
	PRIOR  shift 238
	PRIVILEGES  shift 239
	PROCEDURAL  shift 240
	PROCEDURE  shift 241
	PROCEDURES  shift 242
	PROGRAM  shift 243
	PUBLICATION  shift 244
	QUOTE  shift 245
	QUOTES  shift 246
	RANGE  shift 247
	READ  shift 248
	REAL  shift 399
	REASSIGN  shift 249
	RECURSIVE  shift 250
	REF_P  shift 251
	REFERENCING  shift 252
	REFRESH  shift 253
	REINDEX  shift 254
	RELATIVE_P  shift 255
	RELEASE  shift 256
	RENAME  shift 257
	REPEATABLE  shift 258
	REPLACE  shift 259
	REPLICA  shift 260
	RESET  shift 261
	RESTART  shift 262
	RESTRICT  shift 263
	RETURN  shift 264
	RETURNS  shift 265
	REVOKE  shift 266
	ROLE  shift 267
	ROLLBACK  shift 268
	ROLLUP  shift 269
	ROUTINE  shift 270
	ROUTINES  shift 271
	ROW  shift 400
	ROWS  shift 272
	RULE  shift 273
	SAVEPOINT  shift 274
	SCALAR  shift 275
	SCHEMA  shift 276
	SCHEMAS  shift 277
	SCROLL  shift 278
	SEARCH  shift 279
	SECOND_P  shift 280
	SECURITY  shift 281
	SEQUENCE  shift 282
	SEQUENCES  shift 283
	SERIALIZABLE  shift 284
	SERVER  shift 285
	SESSION  shift 286
	SET  shift 287
	SETOF  shift 401
	SETS  shift 288
	SHARE  shift 289
	SHOW  shift 290
	SIMPLE  shift 291
	SKIP  shift 292
	SMALLINT  shift 402
	SNAPSHOT  shift 293
	SOURCE  shift 294
	SQL_P  shift 295
	STABLE  shift 296
	STANDALONE_P  shift 297
	START  shift 298
	STATEMENT  shift 299
	STATISTICS  shift 300
	STDIN  shift 301
	STDOUT  shift 302
	STORAGE  shift 303
	STORED  shift 304
	STRICT_P  shift 305
	STRING_P  shift 306
	STRIP_P  shift 307
	SUBSCRIPTION  shift 308
	SUBSTRING  shift 403
	SUPPORT  shift 309
	SYSID  shift 310
	SYSTEM_P  shift 311
	TABLES  shift 312
	TABLESPACE  shift 313
	TARGET  shift 314
	TEMP  shift 315
	TEMPLATE  shift 316
	TEMPORARY  shift 317
	TEXT_P  shift 318
	TIES  shift 319
	TIME  shift 404
	TIMESTAMP  shift 405
	TRANSACTION  shift 320
	TRANSFORM  shift 321
	TREAT  shift 406
	TRIGGER  shift 322
	TRIM  shift 407
	TRUNCATE  shift 323
	TRUSTED  shift 324
	TYPE_P  shift 325
	TYPES_P  shift 326
	UESCAPE  shift 327
	UNBOUNDED  shift 328
	UNCOMMITTED  shift 329
	UNCONDITIONAL  shift 330
	UNENCRYPTED  shift 331
	UNKNOWN  shift 332
	UNLISTEN  shift 333
	UNLOGGED  shift 334
	UNTIL  shift 335
	UPDATE  shift 336
	VACUUM  shift 337
	VALID  shift 338
	VALIDATE  shift 339
	VALIDATOR  shift 340
	VALUE_P  shift 341
	VALUES  shift 408
	VARCHAR  shift 409
	VARYING  shift 342
	VERSION_P  shift 343
	VIEW  shift 344
	VIEWS  shift 345
	VIRTUAL  shift 346
	VOLATILE  shift 347
	WHITESPACE_P  shift 348
	WITHIN  shift 349
	WITHOUT  shift 350
	WORK  shift 351
	WRAPPER  shift 352
	WRITE  shift 353
	XML_P  shift 354
	XMLATTRIBUTES  shift 410
	XMLCONCAT  shift 411
	XMLELEMENT  shift 412
	XMLEXISTS  shift 413
	XMLFOREST  shift 414
	XMLNAMESPACES  shift 415
	XMLPARSE  shift 416
	XMLPI  shift 417
	XMLROOT  shift 418
	XMLSERIALIZE  shift 419
	XMLTABLE  shift 420
	YEAR_P  shift 355
	YES_P  shift 356
	ZONE  shift 357
	IDENT  shift 25
	.  error

	unreserved_keyword  goto 26
	col_name_keyword  goto 27
	col_alias_list  goto 540
	ColId  goto 541

state 501
	simple_select:  SELECT select_pos opt_all_distinct opt_target_list.opt_from_clause where_clause group_clause having_clause 
	opt_from_clause: .    (76)

	FROM  shift 543
	.  reduce 76 (src line 703)

	opt_from_clause  goto 542

state 502
	opt_target_list:  target_list.    (68)
	target_list:  target_list.',' target_el 

	','  shift 544
	.  reduce 68 (src line 652)


state 503
	target_list:  target_el.    (69)

	.  reduce 69 (src line 658)


state 504
	target_el:  a_expr.AS ColLabel 
	target_el:  a_expr.BareColLabel 
	target_el:  a_expr.    (73)
	a_expr:  a_expr.'+' a_expr 
	a_expr:  a_expr.'-' a_expr 
	a_expr:  a_expr.'*' a_expr 
	a_expr:  a_expr.'/' a_expr 
	a_expr:  a_expr.'%' a_expr 
	a_expr:  a_expr.'<' a_expr 
	a_expr:  a_expr.'>' a_expr 
	a_expr:  a_expr.'=' a_expr 
	a_expr:  a_expr.LESS_EQUALS a_expr 
	a_expr:  a_expr.GREATER_EQUALS a_expr 
	a_expr:  a_expr.NOT_EQUALS a_expr 
	a_expr:  a_expr.AND a_expr 
	a_expr:  a_expr.OR a_expr 

	ABORT_P  shift 551
	ABSENT  shift 552
	ABSOLUTE_P  shift 553
	ACCESS  shift 554
	ACTION  shift 555
	ADD_P  shift 556
	ADMIN  shift 557
	AFTER  shift 558
	AGGREGATE  shift 559
	ALL  shift 560
	ALSO  shift 561
	ALTER  shift 562
	ALWAYS  shift 563
	ANALYSE  shift 564
	ANALYZE  shift 565
	AND  shift 547
	ANY  shift 566
	AS  shift 545
	ASC  shift 567
	ASENSITIVE  shift 568
	ASSERTION  shift 569
	ASSIGNMENT  shift 570
	ASYMMETRIC  shift 571
	AT  shift 572
	ATOMIC  shift 573
	ATTACH  shift 574
	ATTRIBUTE  shift 575
	AUTHORIZATION  shift 576
	BACKWARD  shift 577
	BEFORE  shift 578
	BEGIN_P  shift 579
	BETWEEN  shift 580
	BIGINT  shift 581
	BINARY  shift 582
	BIT  shift 583
	BOOLEAN_P  shift 584
	BOTH  shift 585
	BREADTH  shift 586
	BY  shift 587
	CACHE  shift 588
	CALL  shift 589
	CALLED  shift 590
	CASCADE  shift 591
	CASCADED  shift 592
	CASE  shift 593
	CAST  shift 594
	CATALOG_P  shift 595
	CHAIN  shift 596
	CHARACTERISTICS  shift 597
	CHECK  shift 598
	CHECKPOINT  shift 599
	CLASS  shift 600
	CLOSE  shift 601
	CLUSTER  shift 602
	COALESCE  shift 603
	COLLATE  shift 604
	COLLATION  shift 605
	COLUMN  shift 606
	COLUMNS  shift 607
	COMMENT  shift 608
	COMMENTS  shift 609
	COMMIT  shift 610
	COMMITTED  shift 611
	COMPRESSION  shift 612
	CONCURRENTLY  shift 613
	CONDITIONAL  shift 614
	CONFIGURATION  shift 615
	CONFLICT  shift 616
	CONNECTION  shift 617
	CONSTRAINT  shift 618
	CONSTRAINTS  shift 619
	CONTENT_P  shift 620
	CONTINUE_P  shift 621
	CONVERSION_P  shift 622
	COPY  shift 623
	COST  shift 624
	CROSS  shift 625
	CSV  shift 626
	CUBE  shift 627
	CURRENT_P  shift 628
	CURRENT_CATALOG  shift 629
	CURRENT_DATE  shift 630
	CURRENT_ROLE  shift 631
	CURRENT_SCHEMA  shift 632
	CURRENT_TIME  shift 633
	CURRENT_TIMESTAMP  shift 634
	CURRENT_USER  shift 635
	CURSOR  shift 636
	CYCLE  shift 637
	DATA_P  shift 638
	DATABASE  shift 639
	DEALLOCATE  shift 640
	DEC  shift 641
	DECIMAL_P  shift 642
	DECLARE  shift 643
	DEFAULT  shift 644
	DEFAULTS  shift 645
	DEFERRABLE  shift 646
	DEFERRED  shift 647
	DEFINER  shift 648
	DELETE_P  shift 649
	DELIMITER  shift 650
	DELIMITERS  shift 651
	DEPENDS  shift 652
	DEPTH  shift 653
	DESC  shift 654
	DETACH  shift 655
	DICTIONARY  shift 656
	DISABLE_P  shift 657
	DISCARD  shift 658
	DISTINCT  shift 659
	DO  shift 660
	DOCUMENT_P  shift 661
	DOMAIN_P  shift 662
	DOUBLE_P  shift 663
	DROP  shift 664
	EACH  shift 665
	ELSE  shift 666
	EMPTY_P  shift 667
	ENABLE_P  shift 668
	ENCODING  shift 669
	ENCRYPTED  shift 670
	END_P  shift 671
	ENFORCED  shift 672
	ENUM_P  shift 673
	ERROR_P  shift 674
	ESCAPE  shift 675
	EVENT  shift 676
	EXCLUDE  shift 677
	EXCLUDING  shift 678
	EXCLUSIVE  shift 679
	EXECUTE  shift 680
	EXISTS  shift 681
	EXPLAIN  shift 682
	EXPRESSION  shift 683
	EXTENSION  shift 684
	EXTERNAL  shift 685
	EXTRACT  shift 686
	FALSE_P  shift 687
	FAMILY  shift 688
	FINALIZE  shift 689
	FIRST_P  shift 690
	FLOAT_P  shift 691
	FOLLOWING  shift 692
	FORCE  shift 693
	FOREIGN  shift 694
	FORMAT  shift 695
	FORWARD  shift 696
	FREEZE  shift 697
	FULL  shift 698
	FUNCTION  shift 699
	FUNCTIONS  shift 700
	GENERATED  shift 701
	GLOBAL  shift 702
	GRANTED  shift 703
	GREATEST  shift 704
	GROUPING  shift 705
	GROUPS  shift 706
	HANDLER  shift 707
	HEADER_P  shift 708
	HOLD  shift 709
	IDENTITY_P  shift 710
	IF_P  shift 711
	ILIKE  shift 712
	IMMEDIATE  shift 713
	IMMUTABLE  shift 714
	IMPLICIT_P  shift 715
	IMPORT_P  shift 716
	IN_P  shift 717
	INCLUDE  shift 718
	INCLUDING  shift 719
	INCREMENT  shift 720
	INDENT  shift 721
	INDEX  shift 722
	INDEXES  shift 723
	INHERIT  shift 724
	INHERITS  shift 725
	INITIALLY  shift 726
	INLINE_P  shift 727
	INNER_P  shift 728
	INOUT  shift 729
	INPUT_P  shift 730
	INSENSITIVE  shift 731
	INSERT  shift 732
	INSTEAD  shift 733
	INT_P  shift 734
	INTEGER  shift 735
	INTERVAL  shift 736
	INVOKER  shift 737
	IS  shift 738
	ISOLATION  shift 739
	JOIN  shift 740
	JSON  shift 741
	JSON_ARRAY  shift 742
	JSON_ARRAYAGG  shift 743
	JSON_EXISTS  shift 744
	JSON_OBJECT  shift 745
	JSON_OBJECTAGG  shift 746
	JSON_QUERY  shift 747
	JSON_SCALAR  shift 748
	JSON_SERIALIZE  shift 749
	JSON_TABLE  shift 750
	JSON_VALUE  shift 751
	KEEP  shift 752
	KEY  shift 753
	KEYS  shift 754
	LABEL  shift 755
	LANGUAGE  shift 756
	LARGE_P  shift 757
	LAST_P  shift 758
	LATERAL_P  shift 759
	LEADING  shift 760
	LEAKPROOF  shift 761
	LEAST  shift 762
	LEFT  shift 763
	LEVEL  shift 764
	LIKE  shift 765
	LISTEN  shift 766
	LOAD  shift 767
	LOCAL  shift 768
	LOCALTIME  shift 769
	LOCALTIMESTAMP  shift 770
	LOCATION  shift 771
	LOCK_P  shift 772
	LOCKED  shift 773
	LOGGED  shift 774
	MAPPING  shift 775
	MATCH  shift 776
	MATCHED  shift 777
	MATERIALIZED  shift 778
	MAXVALUE  shift 779
	MERGE  shift 780
	MERGE_ACTION  shift 781
	METHOD  shift 782
	MINVALUE  shift 783
	MODE  shift 784
	MOVE  shift 785
	NAME_P  shift 786
	NAMES  shift 787
	NATIONAL  shift 788
	NATURAL  shift 789
	NCHAR  shift 790
	NESTED  shift 791
	NEW  shift 792
	NEXT  shift 793
	NFC  shift 794
	NFD  shift 795
	NFKC  shift 796
	NFKD  shift 797
	NO  shift 798
	NONE  shift 799
	NORMALIZE  shift 800
	NORMALIZED  shift 801
	NOT  shift 802
	NOTHING  shift 803
	NOTIFY  shift 804
	NOWAIT  shift 805
	NULL_P  shift 806
	NULLIF  shift 807
	NULLS_P  shift 808
	NUMERIC  shift 809
	OBJECT_P  shift 810
	OBJECTS_P  shift 811
	OF  shift 812
	OFF  shift 813
	OIDS  shift 814
	OLD  shift 815
	OMIT  shift 816
	ONLY  shift 817
	OPERATOR  shift 818
	OPTION  shift 819
	OPTIONS  shift 820
	OR  shift 548
	ORDINALITY  shift 821
	OTHERS  shift 822
	OUT_P  shift 823
	OUTER_P  shift 824
	OVERLAY  shift 825
	OVERRIDING  shift 826
	OWNED  shift 827
	OWNER  shift 828
	PARALLEL  shift 829
	PARAMETER  shift 830
	PARSER  shift 831
	PARTIAL  shift 832
	PARTITION  shift 833
	PASSING  shift 834
	PASSWORD  shift 835
	PATH  shift 836
	PERIOD  shift 837
	PLACING  shift 838
	PLAN  shift 839
	PLANS  shift 840
	POLICY  shift 841
	POSITION  shift 842
	PRECEDING  shift 843
	PREPARE  shift 844
	PREPARED  shift 845
	PRESERVE  shift 846
	PRIMARY  shift 847
	PRIOR  shift 848
	PRIVILEGES  shift 849
	PROCEDURAL  shift 850
	PROCEDURE  shift 851
	PROCEDURES  shift 852
	PROGRAM  shift 853
	PUBLICATION  shift 854
	QUOTE  shift 855
	QUOTES  shift 856
	RANGE  shift 857
	READ  shift 858
	REAL  shift 859
	REASSIGN  shift 860
	RECURSIVE  shift 861
	REF_P  shift 862
	REFERENCES  shift 863
	REFERENCING  shift 864
	REFRESH  shift 865
	REINDEX  shift 866
	RELATIVE_P  shift 867
	RELEASE  shift 868
	RENAME  shift 869
	REPEATABLE  shift 870
	REPLACE  shift 871
	REPLICA  shift 872
	RESET  shift 873
	RESTART  shift 874
	RESTRICT  shift 875
	RETURN  shift 876
	RETURNS  shift 877
	REVOKE  shift 878
	RIGHT  shift 879
	ROLE  shift 880
	ROLLBACK  shift 881
	ROLLUP  shift 882
	ROUTINE  shift 883
	ROUTINES  shift 884
	ROW  shift 885
	ROWS  shift 886
	RULE  shift 887
	SAVEPOINT  shift 888
	SCALAR  shift 889
	SCHEMA  shift 890
	SCHEMAS  shift 891
	SCROLL  shift 892
	SEARCH  shift 893
	SECURITY  shift 894
	SELECT  shift 895
	SEQUENCE  shift 896
	SEQUENCES  shift 897
	SERIALIZABLE  shift 898
	SERVER  shift 899
	SESSION  shift 900
	SESSION_USER  shift 901
	SET  shift 902
	SETOF  shift 903
	SETS  shift 904
	SHARE  shift 905
	SHOW  shift 906
	SIMILAR  shift 907
	SIMPLE  shift 908
	SKIP  shift 909
	SMALLINT  shift 910
	SNAPSHOT  shift 911
	SOME  shift 912
	SOURCE  shift 913
	SQL_P  shift 914
	STABLE  shift 915
	STANDALONE_P  shift 916
	START  shift 917
	STATEMENT  shift 918
	STATISTICS  shift 919
	STDIN  shift 920
	STDOUT  shift 921
	STORAGE  shift 922
	STORED  shift 923
	STRICT_P  shift 924
	STRING_P  shift 925
	STRIP_P  shift 926
	SUBSCRIPTION  shift 927
	SUBSTRING  shift 928
	SUPPORT  shift 929
	SYMMETRIC  shift 930
	SYSID  shift 931
	SYSTEM_P  shift 932
	SYSTEM_USER  shift 933
	TABLE  shift 934
	TABLES  shift 935
	TABLESAMPLE  shift 936
	TABLESPACE  shift 937
	TARGET  shift 938
	TEMP  shift 939
	TEMPLATE  shift 940
	TEMPORARY  shift 941
	TEXT_P  shift 942
	THEN  shift 943
	TIES  shift 944
	TIME  shift 945
	TIMESTAMP  shift 946
	TRAILING  shift 947
	TRANSACTION  shift 948
	TRANSFORM  shift 949
	TREAT  shift 950
	TRIGGER  shift 951
	TRIM  shift 952
	TRUE_P  shift 953
	TRUNCATE  shift 954
	TRUSTED  shift 955
	TYPE_P  shift 956
	TYPES_P  shift 957
	UESCAPE  shift 958
	UNBOUNDED  shift 959
	UNCOMMITTED  shift 960
	UNCONDITIONAL  shift 961
	UNENCRYPTED  shift 962
	UNIQUE  shift 963
	UNKNOWN  shift 964
	UNLISTEN  shift 965
	UNLOGGED  shift 966
	UNTIL  shift 967
	UPDATE  shift 968
	USER  shift 969
	USING  shift 970
	VACUUM  shift 971
	VALID  shift 972
	VALIDATE  shift 973
	VALIDATOR  shift 974
	VALUE_P  shift 975
	VALUES  shift 976
	VARCHAR  shift 977
	VARIADIC  shift 978
	VERBOSE  shift 979
	VERSION_P  shift 980
	VIEW  shift 981
	VIEWS  shift 982
	VIRTUAL  shift 983
	VOLATILE  shift 984
	WHEN  shift 985
	WHITESPACE_P  shift 986
	WORK  shift 987
	WRAPPER  shift 988
	WRITE  shift 989
	XML_P  shift 990
	XMLATTRIBUTES  shift 991
	XMLCONCAT  shift 992
	XMLELEMENT  shift 993
	XMLEXISTS  shift 994
	XMLFOREST  shift 995
	XMLNAMESPACES  shift 996
	XMLPARSE  shift 997
	XMLPI  shift 998
	XMLROOT  shift 999
	XMLSERIALIZE  shift 1000
	XMLTABLE  shift 1001
	YES_P  shift 1002
	ZONE  shift 1003
	IDENT  shift 549
	LESS_EQUALS  shift 487
	GREATER_EQUALS  shift 488
	NOT_EQUALS  shift 489
	'<'  shift 484
	'>'  shift 485
	'='  shift 486
	'+'  shift 479
	'-'  shift 480
	'*'  shift 481
	'/'  shift 482
	'%'  shift 483
	.  reduce 73 (src line 679)

	bare_label_keyword  goto 550
	BareColLabel  goto 546

state 505
	target_el:  '*'.    (74)

	.  reduce 74 (src line 683)


state 506
	target_el:  qualified_name.'.' '*' 
	qualified_name:  qualified_name.'.' ColId 
	c_expr:  qualified_name.    (186)

	'.'  shift 1004
	.  reduce 186 (src line 1323)


state 507
	opt_all_distinct:  DISTINCT ON.'(' expr_list ')' 

	'('  shift 1005
	.  error


state 508
	limit_clause:  LIMIT select_limit_value ','.select_offset_value 

	ABORT_P  shift 28
	ABSENT  shift 29
	ABSOLUTE_P  shift 30
	ACCESS  shift 31
	ACTION  shift 32
	ADD_P  shift 33
	ADMIN  shift 34
	AFTER  shift 35
	AGGREGATE  shift 36
	ALSO  shift 37
	ALTER  shift 38
	ALWAYS  shift 39
	ASENSITIVE  shift 40
	ASSERTION  shift 41
	ASSIGNMENT  shift 42
	AT  shift 43
	ATOMIC  shift 44
	ATTACH  shift 45
	ATTRIBUTE  shift 46
	BACKWARD  shift 47
	BEFORE  shift 48
	BEGIN_P  shift 49
	BETWEEN  shift 358
	BIGINT  shift 359
	BIT  shift 360
	BOOLEAN_P  shift 361
	BREADTH  shift 50
	BY  shift 51
	CACHE  shift 52
	CALL  shift 53
	CALLED  shift 54
	CASCADE  shift 55
	CASCADED  shift 56
	CATALOG_P  shift 57
	CHAIN  shift 58
	CHAR_P  shift 362
	CHARACTER  shift 363
	CHARACTERISTICS  shift 59
	CHECKPOINT  shift 60
	CLASS  shift 61
	CLOSE  shift 62
	CLUSTER  shift 63
	COALESCE  shift 364
	COLUMNS  shift 64
	COMMENT  shift 65
	COMMENTS  shift 66
	COMMIT  shift 67
	COMMITTED  shift 68
	COMPRESSION  shift 69
	CONDITIONAL  shift 70
	CONFIGURATION  shift 71
	CONFLICT  shift 72
	CONNECTION  shift 73
	CONSTRAINTS  shift 74
	CONTENT_P  shift 75
	CONTINUE_P  shift 76
	CONVERSION_P  shift 77
	COPY  shift 78
	COST  shift 79
	CSV  shift 80
	CUBE  shift 81
	CURRENT_P  shift 82
	CURSOR  shift 83
	CYCLE  shift 84
	DATA_P  shift 85
	DATABASE  shift 86
	DAY_P  shift 87
	DEALLOCATE  shift 88
	DEC  shift 365
	DECIMAL_P  shift 366
	DECLARE  shift 89
	DEFAULTS  shift 90
	DEFERRED  shift 91
	DEFINER  shift 92
	DELETE_P  shift 93
	DELIMITER  shift 94
	DELIMITERS  shift 95
	DEPENDS  shift 96
	DEPTH  shift 97
	DETACH  shift 98
	DICTIONARY  shift 99
	DISABLE_P  shift 100
	DISCARD  shift 101
	DOCUMENT_P  shift 102
	DOMAIN_P  shift 103
	DOUBLE_P  shift 104
	DROP  shift 105
	EACH  shift 106
	EMPTY_P  shift 107
	ENABLE_P  shift 108
	ENCODING  shift 109
	ENCRYPTED  shift 110
	ENFORCED  shift 111
	ENUM_P  shift 112
	ERROR_P  shift 113
	ESCAPE  shift 114
	EVENT  shift 115
	EXCLUDE  shift 116
	EXCLUDING  shift 117
	EXCLUSIVE  shift 118
	EXECUTE  shift 119
	EXISTS  shift 367
	EXPLAIN  shift 120
	EXPRESSION  shift 121
	EXTENSION  shift 122
	EXTERNAL  shift 123
	EXTRACT  shift 368
	FALSE_P  shift 451
	FAMILY  shift 124
	FILTER  shift 125
	FINALIZE  shift 126
	FIRST_P  shift 127
	FLOAT_P  shift 369
	FOLLOWING  shift 128
	FORCE  shift 129
	FORMAT  shift 130
	FORWARD  shift 131
	FUNCTION  shift 132
	FUNCTIONS  shift 133
	GENERATED  shift 134
	GLOBAL  shift 135
	GRANTED  shift 136
	GREATEST  shift 370
	GROUPING  shift 371
	GROUPS  shift 137
	HANDLER  shift 138
	HEADER_P  shift 139
	HOLD  shift 140
	HOUR_P  shift 141
	IDENTITY_P  shift 142
	IF_P  shift 143
	IMMEDIATE  shift 144
	IMMUTABLE  shift 145
	IMPLICIT_P  shift 146
	IMPORT_P  shift 147
	INCLUDE  shift 148
	INCLUDING  shift 149
	INCREMENT  shift 150
	INDENT  shift 151
	INDEX  shift 152
	INDEXES  shift 153
	INHERIT  shift 154
	INHERITS  shift 155
	INLINE_P  shift 156
	INOUT  shift 372
	INPUT_P  shift 157
	INSENSITIVE  shift 158
	INSERT  shift 159
	INSTEAD  shift 160
	INT_P  shift 373
	INTEGER  shift 374
	INTERVAL  shift 375
	INVOKER  shift 161
	ISOLATION  shift 162
	JSON  shift 376
	JSON_ARRAY  shift 377
	JSON_ARRAYAGG  shift 378
	JSON_EXISTS  shift 379
	JSON_OBJECT  shift 380
	JSON_OBJECTAGG  shift 381
	JSON_QUERY  shift 382
	JSON_SCALAR  shift 383
	JSON_SERIALIZE  shift 384
	JSON_TABLE  shift 385
	JSON_VALUE  shift 386
	KEEP  shift 163
	KEY  shift 164
	KEYS  shift 165
	LABEL  shift 166
	LANGUAGE  shift 167
	LARGE_P  shift 168
	LAST_P  shift 169
	LEAKPROOF  shift 170
	LEAST  shift 387
	LEVEL  shift 171
	LISTEN  shift 172
	LOAD  shift 173
	LOCAL  shift 174
	LOCATION  shift 175
	LOCK_P  shift 176
	LOCKED  shift 177
	LOGGED  shift 178
	MAPPING  shift 179
	MATCH  shift 180
	MATCHED  shift 181
	MATERIALIZED  shift 182
	MAXVALUE  shift 183
	MERGE  shift 184
	MERGE_ACTION  shift 388
	METHOD  shift 185
	MINUTE_P  shift 186
	MINVALUE  shift 187
	MODE  shift 188
	MONTH_P  shift 189
	MOVE  shift 190
	NAME_P  shift 191
	NAMES  shift 192
	NATIONAL  shift 389
	NCHAR  shift 390
	NESTED  shift 193
	NEW  shift 194
	NEXT  shift 195
	NFC  shift 196
	NFD  shift 197
	NFKC  shift 198
	NFKD  shift 199
	NO  shift 200
	NONE  shift 391
	NORMALIZE  shift 392
	NORMALIZED  shift 201
	NOT  shift 443
	NOTHING  shift 202
	NOTIFY  shift 203
	NOWAIT  shift 204
	NULL_P  shift 452
	NULLIF  shift 393
	NULLS_P  shift 205
	NUMERIC  shift 394
	OBJECT_P  shift 206
	OBJECTS_P  shift 207
	OF  shift 208
	OFF  shift 209
	OIDS  shift 210
	OLD  shift 211
	OMIT  shift 212
	OPERATOR  shift 213
	OPTION  shift 214
	OPTIONS  shift 215
	ORDINALITY  shift 216
	OTHERS  shift 217
	OUT_P  shift 395
	OVER  shift 218
	OVERLAY  shift 396
	OVERRIDING  shift 219
	OWNED  shift 220
	OWNER  shift 221
	PARALLEL  shift 222
	PARAMETER  shift 223
	PARSER  shift 224
	PARTIAL  shift 225
	PARTITION  shift 226
	PASSING  shift 227
	PASSWORD  shift 228
	PATH  shift 229
	PERIOD  shift 230
	PLAN  shift 231
	PLANS  shift 232
	POLICY  shift 233
	POSITION  shift 397
	PRECEDING  shift 234
	PRECISION  shift 398
	PREPARE  shift 235
	PREPARED  shift 236
	PRESERVE  shift 237
	PRIOR  shift 238
	PRIVILEGES  shift 239
	PROCEDURAL  shift 240
	PROCEDURE  shift 241
	PROCEDURES  shift 242
	PROGRAM  shift 243
	PUBLICATION  shift 244
	QUOTE  shift 245
	QUOTES  shift 246
	RANGE  shift 247
	READ  shift 248
	REAL  shift 399
	REASSIGN  shift 249
	RECURSIVE  shift 250
	REF_P  shift 251
	REFERENCING  shift 252
	REFRESH  shift 253
	REINDEX  shift 254
	RELATIVE_P  shift 255
	RELEASE  shift 256
	RENAME  shift 257
	REPEATABLE  shift 258
	REPLACE  shift 259
	REPLICA  shift 260
	RESET  shift 261
	RESTART  shift 262
	RESTRICT  shift 263
	RETURN  shift 264
	RETURNS  shift 265
	REVOKE  shift 266
	ROLE  shift 267
	ROLLBACK  shift 268
	ROLLUP  shift 269
	ROUTINE  shift 270
	ROUTINES  shift 271
	ROW  shift 400
	ROWS  shift 272
	RULE  shift 273
	SAVEPOINT  shift 274
	SCALAR  shift 275
	SCHEMA  shift 276
	SCHEMAS  shift 277
	SCROLL  shift 278
	SEARCH  shift 279
	SECOND_P  shift 280
	SECURITY  shift 281
	SEQUENCE  shift 282
	SEQUENCES  shift 283
	SERIALIZABLE  shift 284
	SERVER  shift 285
	SESSION  shift 286
	SET  shift 287
	SETOF  shift 401
	SETS  shift 288
	SHARE  shift 289
	SHOW  shift 290
	SIMPLE  shift 291
	SKIP  shift 292
	SMALLINT  shift 402
	SNAPSHOT  shift 293
	SOURCE  shift 294
	SQL_P  shift 295
	STABLE  shift 296
	STANDALONE_P  shift 297
	START  shift 298
	STATEMENT  shift 299
	STATISTICS  shift 300
	STDIN  shift 301
	STDOUT  shift 302
	STORAGE  shift 303
	STORED  shift 304
	STRICT_P  shift 305
	STRING_P  shift 306
	STRIP_P  shift 307
	SUBSCRIPTION  shift 308
	SUBSTRING  shift 403
	SUPPORT  shift 309
	SYSID  shift 310
	SYSTEM_P  shift 311
	TABLES  shift 312
	TABLESPACE  shift 313
	TARGET  shift 314
	TEMP  shift 315
	TEMPLATE  shift 316
	TEMPORARY  shift 317
	TEXT_P  shift 318
	TIES  shift 319
	TIME  shift 404
	TIMESTAMP  shift 405
	TRANSACTION  shift 320
	TRANSFORM  shift 321
	TREAT  shift 406
	TRIGGER  shift 322
	TRIM  shift 407
	TRUE_P  shift 450
	TRUNCATE  shift 323
	TRUSTED  shift 324
	TYPE_P  shift 325
	TYPES_P  shift 326
	UESCAPE  shift 327
	UNBOUNDED  shift 328
	UNCOMMITTED  shift 329
	UNCONDITIONAL  shift 330
	UNENCRYPTED  shift 331
	UNKNOWN  shift 332
	UNLISTEN  shift 333
	UNLOGGED  shift 334
	UNTIL  shift 335
	UPDATE  shift 336
	VACUUM  shift 337
	VALID  shift 338
	VALIDATE  shift 339
	VALIDATOR  shift 340
	VALUE_P  shift 341
	VALUES  shift 408
	VARCHAR  shift 409
	VARYING  shift 342
	VERSION_P  shift 343
	VIEW  shift 344
	VIEWS  shift 345
	VIRTUAL  shift 346
	VOLATILE  shift 347
	WHITESPACE_P  shift 348
	WITHIN  shift 349
	WITHOUT  shift 350
	WORK  shift 351
	WRAPPER  shift 352
	WRITE  shift 353
	XML_P  shift 354
	XMLATTRIBUTES  shift 410
	XMLCONCAT  shift 411
	XMLELEMENT  shift 412
	XMLEXISTS  shift 413
	XMLFOREST  shift 414
	XMLNAMESPACES  shift 415
	XMLPARSE  shift 416
	XMLPI  shift 417
	XMLROOT  shift 418
	XMLSERIALIZE  shift 419
	XMLTABLE  shift 420
	YEAR_P  shift 355
	YES_P  shift 356
	ZONE  shift 357
	IDENT  shift 25
	FCONST  shift 448
	SCONST  shift 449
	ICONST  shift 447
	PARAM  shift 453
	'+'  shift 445
	'-'  shift 444
	'('  shift 446
	.  error

	unreserved_keyword  goto 26
	col_name_keyword  goto 27
	qualified_name  goto 454
	a_expr  goto 471
	c_expr  goto 442
	select_offset_value  goto 1006
	ColId  goto 24

state 509
	limit_clause:  FETCH first_or_next select_fetch_first_value.row_or_rows ONLY 
	limit_clause:  FETCH first_or_next select_fetch_first_value.row_or_rows WITH TIES 

	ROW  shift 1008
	ROWS  shift 1009
	.  error

	row_or_rows  goto 1007

state 510
	limit_clause:  FETCH first_or_next row_or_rows.ONLY 

	ONLY  shift 1010
	.  error


state 511
	select_fetch_first_value:  c_expr.    (61)

	.  reduce 61 (src line 610)


state 512
	select_fetch_first_value:  '-'.ICONST 
	select_fetch_first_value:  '-'.FCONST 

	FCONST  shift 1012
	ICONST  shift 1011
	.  error


state 513
	row_or_rows:  ROW.    (55)
	col_name_keyword:  ROW.    (568)

	ONLY  reduce 55 (src line 589)
	.  reduce 568 (src line 1750)


state 514
	row_or_rows:  ROWS.    (56)
	unreserved_keyword:  ROWS.    (440)

	ONLY  reduce 56 (src line 591)
	.  reduce 440 (src line 1619)


state 515
	offset_clause:  OFFSET select_offset_value row_or_rows_opt.    (51)

	.  reduce 51 (src line 578)


state 516
	row_or_rows_opt:  ROW.    (53)

	.  reduce 53 (src line 586)


state 517
	row_or_rows_opt:  ROWS.    (54)

	.  reduce 54 (src line 587)


state 518
	sort_by_list:  sort_by_list ','.SortBy 

	ABORT_P  shift 28
	ABSENT  shift 29
	ABSOLUTE_P  shift 30
	ACCESS  shift 31
	ACTION  shift 32
	ADD_P  shift 33
	ADMIN  shift 34
	AFTER  shift 35
	AGGREGATE  shift 36
	ALSO  shift 37
	ALTER  shift 38
	ALWAYS  shift 39
	ASENSITIVE  shift 40
	ASSERTION  shift 41
	ASSIGNMENT  shift 42
	AT  shift 43
	ATOMIC  shift 44
	ATTACH  shift 45
	ATTRIBUTE  shift 46
	BACKWARD  shift 47
	BEFORE  shift 48
	BEGIN_P  shift 49
	BETWEEN  shift 358
	BIGINT  shift 359
	BIT  shift 360
	BOOLEAN_P  shift 361
	BREADTH  shift 50
	BY  shift 51
	CACHE  shift 52
	CALL  shift 53
	CALLED  shift 54
	CASCADE  shift 55
	CASCADED  shift 56
	CATALOG_P  shift 57
	CHAIN  shift 58
	CHAR_P  shift 362
	CHARACTER  shift 363
	CHARACTERISTICS  shift 59
	CHECKPOINT  shift 60
	CLASS  shift 61
	CLOSE  shift 62
	CLUSTER  shift 63
	COALESCE  shift 364
	COLUMNS  shift 64
	COMMENT  shift 65
	COMMENTS  shift 66
	COMMIT  shift 67
	COMMITTED  shift 68
	COMPRESSION  shift 69
	CONDITIONAL  shift 70
	CONFIGURATION  shift 71
	CONFLICT  shift 72
	CONNECTION  shift 73
	CONSTRAINTS  shift 74
	CONTENT_P  shift 75
	CONTINUE_P  shift 76
	CONVERSION_P  shift 77
	COPY  shift 78
	COST  shift 79
	CSV  shift 80
	CUBE  shift 81
	CURRENT_P  shift 82
	CURSOR  shift 83
	CYCLE  shift 84
	DATA_P  shift 85
	DATABASE  shift 86
	DAY_P  shift 87
	DEALLOCATE  shift 88
	DEC  shift 365
	DECIMAL_P  shift 366
	DECLARE  shift 89
	DEFAULTS  shift 90
	DEFERRED  shift 91
	DEFINER  shift 92
	DELETE_P  shift 93
	DELIMITER  shift 94
	DELIMITERS  shift 95
	DEPENDS  shift 96
	DEPTH  shift 97
	DETACH  shift 98
	DICTIONARY  shift 99
	DISABLE_P  shift 100
	DISCARD  shift 101
	DOCUMENT_P  shift 102
	DOMAIN_P  shift 103
	DOUBLE_P  shift 104
	DROP  shift 105
	EACH  shift 106
	EMPTY_P  shift 107
	ENABLE_P  shift 108
	ENCODING  shift 109
	ENCRYPTED  shift 110
	ENFORCED  shift 111
	ENUM_P  shift 112
	ERROR_P  shift 113
	ESCAPE  shift 114
	EVENT  shift 115
	EXCLUDE  shift 116
	EXCLUDING  shift 117
	EXCLUSIVE  shift 118
	EXECUTE  shift 119
	EXISTS  shift 367
	EXPLAIN  shift 120
	EXPRESSION  shift 121
	EXTENSION  shift 122
	EXTERNAL  shift 123
	EXTRACT  shift 368
	FALSE_P  shift 451
	FAMILY  shift 124
	FILTER  shift 125
	FINALIZE  shift 126
	FIRST_P  shift 127
	FLOAT_P  shift 369
	FOLLOWING  shift 128
	FORCE  shift 129
	FORMAT  shift 130
	FORWARD  shift 131
	FUNCTION  shift 132
	FUNCTIONS  shift 133
	GENERATED  shift 134
	GLOBAL  shift 135
	GRANTED  shift 136
	GREATEST  shift 370
	GROUPING  shift 371
	GROUPS  shift 137
	HANDLER  shift 138
	HEADER_P  shift 139
	HOLD  shift 140
	HOUR_P  shift 141
	IDENTITY_P  shift 142
	IF_P  shift 143
	IMMEDIATE  shift 144
	IMMUTABLE  shift 145
	IMPLICIT_P  shift 146
	IMPORT_P  shift 147
	INCLUDE  shift 148
	INCLUDING  shift 149
	INCREMENT  shift 150
	INDENT  shift 151
	INDEX  shift 152
	INDEXES  shift 153
	INHERIT  shift 154
	INHERITS  shift 155
	INLINE_P  shift 156
	INOUT  shift 372
	INPUT_P  shift 157
	INSENSITIVE  shift 158
	INSERT  shift 159
	INSTEAD  shift 160
	INT_P  shift 373
	INTEGER  shift 374
	INTERVAL  shift 375
	INVOKER  shift 161
	ISOLATION  shift 162
	JSON  shift 376
	JSON_ARRAY  shift 377
	JSON_ARRAYAGG  shift 378
	JSON_EXISTS  shift 379
	JSON_OBJECT  shift 380
	JSON_OBJECTAGG  shift 381
	JSON_QUERY  shift 382
	JSON_SCALAR  shift 383
	JSON_SERIALIZE  shift 384
	JSON_TABLE  shift 385
	JSON_VALUE  shift 386
	KEEP  shift 163
	KEY  shift 164
	KEYS  shift 165
	LABEL  shift 166
	LANGUAGE  shift 167
	LARGE_P  shift 168
	LAST_P  shift 169
	LEAKPROOF  shift 170
	LEAST  shift 387
	LEVEL  shift 171
	LISTEN  shift 172
	LOAD  shift 173
	LOCAL  shift 174
	LOCATION  shift 175
	LOCK_P  shift 176
	LOCKED  shift 177
	LOGGED  shift 178
	MAPPING  shift 179
	MATCH  shift 180
	MATCHED  shift 181
	MATERIALIZED  shift 182
	MAXVALUE  shift 183
	MERGE  shift 184
	MERGE_ACTION  shift 388
	METHOD  shift 185
	MINUTE_P  shift 186
	MINVALUE  shift 187
	MODE  shift 188
	MONTH_P  shift 189
	MOVE  shift 190
	NAME_P  shift 191
	NAMES  shift 192
	NATIONAL  shift 389
	NCHAR  shift 390
	NESTED  shift 193
	NEW  shift 194
	NEXT  shift 195
	NFC  shift 196
	NFD  shift 197
	NFKC  shift 198
	NFKD  shift 199
	NO  shift 200
	NONE  shift 391
	NORMALIZE  shift 392
	NORMALIZED  shift 201
	NOT  shift 443
	NOTHING  shift 202
	NOTIFY  shift 203
	NOWAIT  shift 204
	NULL_P  shift 452
	NULLIF  shift 393
	NULLS_P  shift 205
	NUMERIC  shift 394
	OBJECT_P  shift 206
	OBJECTS_P  shift 207
	OF  shift 208
	OFF  shift 209
	OIDS  shift 210
	OLD  shift 211
	OMIT  shift 212
	OPERATOR  shift 213
	OPTION  shift 214
	OPTIONS  shift 215
	ORDINALITY  shift 216
	OTHERS  shift 217
	OUT_P  shift 395
	OVER  shift 218
	OVERLAY  shift 396
	OVERRIDING  shift 219
	OWNED  shift 220
	OWNER  shift 221
	PARALLEL  shift 222
	PARAMETER  shift 223
	PARSER  shift 224
	PARTIAL  shift 225
	PARTITION  shift 226
	PASSING  shift 227
	PASSWORD  shift 228
	PATH  shift 229
	PERIOD  shift 230
	PLAN  shift 231
	PLANS  shift 232
	POLICY  shift 233
	POSITION  shift 397
	PRECEDING  shift 234
	PRECISION  shift 398
	PREPARE  shift 235
	PREPARED  shift 236
	PRESERVE  shift 237
	PRIOR  shift 238
	PRIVILEGES  shift 239
	PROCEDURAL  shift 240
	PROCEDURE  shift 241
	PROCEDURES  shift 242
	PROGRAM  shift 243
	PUBLICATION  shift 244
	QUOTE  shift 245
	QUOTES  shift 246
	RANGE  shift 247
	READ  shift 248
	REAL  shift 399
	REASSIGN  shift 249
	RECURSIVE  shift 250
	REF_P  shift 251
	REFERENCING  shift 252
	REFRESH  shift 253
	REINDEX  shift 254
	RELATIVE_P  shift 255
	RELEASE  shift 256
	RENAME  shift 257
	REPEATABLE  shift 258
	REPLACE  shift 259
	REPLICA  shift 260
	RESET  shift 261
	RESTART  shift 262
	RESTRICT  shift 263
	RETURN  shift 264
	RETURNS  shift 265
	REVOKE  shift 266
	ROLE  shift 267
	ROLLBACK  shift 268
	ROLLUP  shift 269
	ROUTINE  shift 270
	ROUTINES  shift 271
	ROW  shift 400
	ROWS  shift 272
	RULE  shift 273
	SAVEPOINT  shift 274
	SCALAR  shift 275
	SCHEMA  shift 276
	SCHEMAS  shift 277
	SCROLL  shift 278
	SEARCH  shift 279
	SECOND_P  shift 280
	SECURITY  shift 281
	SEQUENCE  shift 282
	SEQUENCES  shift 283
	SERIALIZABLE  shift 284
	SERVER  shift 285
	SESSION  shift 286
	SET  shift 287
	SETOF  shift 401
	SETS  shift 288
	SHARE  shift 289
	SHOW  shift 290
	SIMPLE  shift 291
	SKIP  shift 292
	SMALLINT  shift 402
	SNAPSHOT  shift 293
	SOURCE  shift 294
	SQL_P  shift 295
	STABLE  shift 296
	STANDALONE_P  shift 297
	START  shift 298
	STATEMENT  shift 299
	STATISTICS  shift 300
	STDIN  shift 301
	STDOUT  shift 302
	STORAGE  shift 303
	STORED  shift 304
	STRICT_P  shift 305
	STRING_P  shift 306
	STRIP_P  shift 307
	SUBSCRIPTION  shift 308
	SUBSTRING  shift 403
	SUPPORT  shift 309
	SYSID  shift 310
	SYSTEM_P  shift 311
	TABLES  shift 312
	TABLESPACE  shift 313
	TARGET  shift 314
	TEMP  shift 315
	TEMPLATE  shift 316
	TEMPORARY  shift 317
	TEXT_P  shift 318
	TIES  shift 319
	TIME  shift 404
	TIMESTAMP  shift 405
	TRANSACTION  shift 320
	TRANSFORM  shift 321
	TREAT  shift 406
	TRIGGER  shift 322
	TRIM  shift 407
	TRUE_P  shift 450
	TRUNCATE  shift 323
	TRUSTED  shift 324
	TYPE_P  shift 325
	TYPES_P  shift 326
	UESCAPE  shift 327
	UNBOUNDED  shift 328
	UNCOMMITTED  shift 329
	UNCONDITIONAL  shift 330
	UNENCRYPTED  shift 331
	UNKNOWN  shift 332
	UNLISTEN  shift 333
	UNLOGGED  shift 334
	UNTIL  shift 335
	UPDATE  shift 336
	VACUUM  shift 337
	VALID  shift 338
	VALIDATE  shift 339
	VALIDATOR  shift 340
	VALUE_P  shift 341
	VALUES  shift 408
	VARCHAR  shift 409
	VARYING  shift 342
	VERSION_P  shift 343
	VIEW  shift 344
	VIEWS  shift 345
	VIRTUAL  shift 346
	VOLATILE  shift 347
	WHITESPACE_P  shift 348
	WITHIN  shift 349
	WITHOUT  shift 350
	WORK  shift 351
	WRAPPER  shift 352
	WRITE  shift 353
	XML_P  shift 354
	XMLATTRIBUTES  shift 410
	XMLCONCAT  shift 411
	XMLELEMENT  shift 412
	XMLEXISTS  shift 413
	XMLFOREST  shift 414
	XMLNAMESPACES  shift 415
	XMLPARSE  shift 416
	XMLPI  shift 417
	XMLROOT  shift 418
	XMLSERIALIZE  shift 419
	XMLTABLE  shift 420
	YEAR_P  shift 355
	YES_P  shift 356
	ZONE  shift 357
	IDENT  shift 25
	FCONST  shift 448
	SCONST  shift 449
	ICONST  shift 447
	PARAM  shift 453
	'+'  shift 445
	'-'  shift 444
	'('  shift 446
	.  error

	unreserved_keyword  goto 26
	col_name_keyword  goto 27
	qualified_name  goto 454
	a_expr  goto 474
	c_expr  goto 442
	SortBy  goto 1013
	ColId  goto 24

state 519
	SortBy:  a_expr ASC.    (34)
	SortBy:  a_expr ASC.NULLS_LA FIRST_P 
	SortBy:  a_expr ASC.NULLS_LA LAST_P 

	NULLS_LA  shift 1014
	.  reduce 34 (src line 483)


state 520
	SortBy:  a_expr DESC.    (35)
	SortBy:  a_expr DESC.NULLS_LA FIRST_P 
	SortBy:  a_expr DESC.NULLS_LA LAST_P 

	NULLS_LA  shift 1015
	.  reduce 35 (src line 487)


state 521
	base_select:  VALUES VALUES_row VALUES_rows_tail opt_sort_clause opt_select_limit.    (10)

	.  reduce 10 (src line 319)


state 522
	VALUES_rows_tail:  VALUES_rows_tail ',' VALUES_row.    (14)

	.  reduce 14 (src line 352)


state 523
	expr_list:  expr_list ',' a_expr.    (156)
	a_expr:  a_expr.'+' a_expr 
	a_expr:  a_expr.'-' a_expr 
	a_expr:  a_expr.'*' a_expr 
	a_expr:  a_expr.'/' a_expr 
	a_expr:  a_expr.'%' a_expr 
	a_expr:  a_expr.'<' a_expr 
	a_expr:  a_expr.'>' a_expr 
	a_expr:  a_expr.'=' a_expr 
	a_expr:  a_expr.LESS_EQUALS a_expr 
	a_expr:  a_expr.GREATER_EQUALS a_expr 
	a_expr:  a_expr.NOT_EQUALS a_expr 
	a_expr:  a_expr.AND a_expr 
	a_expr:  a_expr.OR a_expr 

	AND  shift 490
	OR  shift 491
	LESS_EQUALS  shift 487
	GREATER_EQUALS  shift 488
	NOT_EQUALS  shift 489
	'<'  shift 484
	'>'  shift 485
	'='  shift 486
	'+'  shift 479
	'-'  shift 480
	'*'  shift 481
	'/'  shift 482
	'%'  shift 483
	.  reduce 156 (src line 1187)


state 524
	a_expr:  a_expr.'+' a_expr 
	a_expr:  a_expr '+' a_expr.    (162)
	a_expr:  a_expr.'-' a_expr 
	a_expr:  a_expr.'*' a_expr 
	a_expr:  a_expr.'/' a_expr 
	a_expr:  a_expr.'%' a_expr 
	a_expr:  a_expr.'<' a_expr 
	a_expr:  a_expr.'>' a_expr 
	a_expr:  a_expr.'=' a_expr 
	a_expr:  a_expr.LESS_EQUALS a_expr 
	a_expr:  a_expr.GREATER_EQUALS a_expr 
	a_expr:  a_expr.NOT_EQUALS a_expr 
	a_expr:  a_expr.AND a_expr 
	a_expr:  a_expr.OR a_expr 

	'*'  shift 481
	'/'  shift 482
	'%'  shift 483
	.  reduce 162 (src line 1223)


state 525
	a_expr:  a_expr.'+' a_expr 
	a_expr:  a_expr.'-' a_expr 
	a_expr:  a_expr '-' a_expr.    (163)
	a_expr:  a_expr.'*' a_expr 
	a_expr:  a_expr.'/' a_expr 
	a_expr:  a_expr.'%' a_expr 
	a_expr:  a_expr.'<' a_expr 
	a_expr:  a_expr.'>' a_expr 
	a_expr:  a_expr.'=' a_expr 
	a_expr:  a_expr.LESS_EQUALS a_expr 
	a_expr:  a_expr.GREATER_EQUALS a_expr 
	a_expr:  a_expr.NOT_EQUALS a_expr 
	a_expr:  a_expr.AND a_expr 
	a_expr:  a_expr.OR a_expr 

	'*'  shift 481
	'/'  shift 482
	'%'  shift 483
	.  reduce 163 (src line 1227)


state 526
	a_expr:  a_expr.'+' a_expr 
	a_expr:  a_expr.'-' a_expr 
	a_expr:  a_expr.'*' a_expr 
	a_expr:  a_expr '*' a_expr.    (164)
	a_expr:  a_expr.'/' a_expr 
	a_expr:  a_expr.'%' a_expr 
	a_expr:  a_expr.'<' a_expr 
	a_expr:  a_expr.'>' a_expr 
	a_expr:  a_expr.'=' a_expr 
	a_expr:  a_expr.LESS_EQUALS a_expr 
	a_expr:  a_expr.GREATER_EQUALS a_expr 
	a_expr:  a_expr.NOT_EQUALS a_expr 
	a_expr:  a_expr.AND a_expr 
	a_expr:  a_expr.OR a_expr 

	.  reduce 164 (src line 1231)


state 527
	a_expr:  a_expr.'+' a_expr 
	a_expr:  a_expr.'-' a_expr 
	a_expr:  a_expr.'*' a_expr 
	a_expr:  a_expr.'/' a_expr 
	a_expr:  a_expr '/' a_expr.    (165)
	a_expr:  a_expr.'%' a_expr 
	a_expr:  a_expr.'<' a_expr 
	a_expr:  a_expr.'>' a_expr 
	a_expr:  a_expr.'=' a_expr 
	a_expr:  a_expr.LESS_EQUALS a_expr 
	a_expr:  a_expr.GREATER_EQUALS a_expr 
	a_expr:  a_expr.NOT_EQUALS a_expr 
	a_expr:  a_expr.AND a_expr 
	a_expr:  a_expr.OR a_expr 

	.  reduce 165 (src line 1235)


state 528
	a_expr:  a_expr.'+' a_expr 
	a_expr:  a_expr.'-' a_expr 
	a_expr:  a_expr.'*' a_expr 
	a_expr:  a_expr.'/' a_expr 
	a_expr:  a_expr.'%' a_expr 
	a_expr:  a_expr '%' a_expr.    (166)
	a_expr:  a_expr.'<' a_expr 
	a_expr:  a_expr.'>' a_expr 
	a_expr:  a_expr.'=' a_expr 
	a_expr:  a_expr.LESS_EQUALS a_expr 
	a_expr:  a_expr.GREATER_EQUALS a_expr 
	a_expr:  a_expr.NOT_EQUALS a_expr 
	a_expr:  a_expr.AND a_expr 
	a_expr:  a_expr.OR a_expr 

	.  reduce 166 (src line 1239)


state 529
	a_expr:  a_expr.'+' a_expr 
	a_expr:  a_expr.'-' a_expr 
	a_expr:  a_expr.'*' a_expr 
	a_expr:  a_expr.'/' a_expr 
	a_expr:  a_expr.'%' a_expr 
	a_expr:  a_expr.'<' a_expr 
	a_expr:  a_expr '<' a_expr.    (167)
	a_expr:  a_expr.'>' a_expr 
	a_expr:  a_expr.'=' a_expr 
	a_expr:  a_expr.LESS_EQUALS a_expr 
	a_expr:  a_expr.GREATER_EQUALS a_expr 
	a_expr:  a_expr.NOT_EQUALS a_expr 
	a_expr:  a_expr.AND a_expr 
	a_expr:  a_expr.OR a_expr 

	LESS_EQUALS  error
	GREATER_EQUALS  error
	NOT_EQUALS  error
	'<'  error
	'>'  error
	'='  error
	'+'  shift 479
	'-'  shift 480
	'*'  shift 481
	'/'  shift 482
	'%'  shift 483
	.  reduce 167 (src line 1243)


state 530
	a_expr:  a_expr.'+' a_expr 
	a_expr:  a_expr.'-' a_expr 
	a_expr:  a_expr.'*' a_expr 
	a_expr:  a_expr.'/' a_expr 
	a_expr:  a_expr.'%' a_expr 
	a_expr:  a_expr.'<' a_expr 
	a_expr:  a_expr.'>' a_expr 
	a_expr:  a_expr '>' a_expr.    (168)
	a_expr:  a_expr.'=' a_expr 
	a_expr:  a_expr.LESS_EQUALS a_expr 
	a_expr:  a_expr.GREATER_EQUALS a_expr 
	a_expr:  a_expr.NOT_EQUALS a_expr 
	a_expr:  a_expr.AND a_expr 
	a_expr:  a_expr.OR a_expr 

	LESS_EQUALS  error
	GREATER_EQUALS  error
	NOT_EQUALS  error
	'<'  error
	'>'  error
	'='  error
	'+'  shift 479
	'-'  shift 480
	'*'  shift 481
	'/'  shift 482
	'%'  shift 483
	.  reduce 168 (src line 1247)


state 531
	a_expr:  a_expr.'+' a_expr 
	a_expr:  a_expr.'-' a_expr 
	a_expr:  a_expr.'*' a_expr 
	a_expr:  a_expr.'/' a_expr 
	a_expr:  a_expr.'%' a_expr 
	a_expr:  a_expr.'<' a_expr 
	a_expr:  a_expr.'>' a_expr 
	a_expr:  a_expr.'=' a_expr 
	a_expr:  a_expr '=' a_expr.    (169)
	a_expr:  a_expr.LESS_EQUALS a_expr 
	a_expr:  a_expr.GREATER_EQUALS a_expr 
	a_expr:  a_expr.NOT_EQUALS a_expr 
	a_expr:  a_expr.AND a_expr 
	a_expr:  a_expr.OR a_expr 

	LESS_EQUALS  error
	GREATER_EQUALS  error
	NOT_EQUALS  error
	'<'  error
	'>'  error
	'='  error
	'+'  shift 479
	'-'  shift 480
	'*'  shift 481
	'/'  shift 482
	'%'  shift 483
	.  reduce 169 (src line 1251)


state 532
	a_expr:  a_expr.'+' a_expr 
	a_expr:  a_expr.'-' a_expr 
	a_expr:  a_expr.'*' a_expr 
	a_expr:  a_expr.'/' a_expr 
	a_expr:  a_expr.'%' a_expr 
	a_expr:  a_expr.'<' a_expr 
	a_expr:  a_expr.'>' a_expr 
	a_expr:  a_expr.'=' a_expr 
	a_expr:  a_expr.LESS_EQUALS a_expr 
	a_expr:  a_expr LESS_EQUALS a_expr.    (170)
	a_expr:  a_expr.GREATER_EQUALS a_expr 
	a_expr:  a_expr.NOT_EQUALS a_expr 
	a_expr:  a_expr.AND a_expr 
	a_expr:  a_expr.OR a_expr 

	LESS_EQUALS  error
	GREATER_EQUALS  error
	NOT_EQUALS  error
	'<'  error
	'>'  error
	'='  error
	'+'  shift 479
	'-'  shift 480
	'*'  shift 481
	'/'  shift 482
	'%'  shift 483
	.  reduce 170 (src line 1255)


state 533
	a_expr:  a_expr.'+' a_expr 
	a_expr:  a_expr.'-' a_expr 
	a_expr:  a_expr.'*' a_expr 
	a_expr:  a_expr.'/' a_expr 
	a_expr:  a_expr.'%' a_expr 
	a_expr:  a_expr.'<' a_expr 
	a_expr:  a_expr.'>' a_expr 
	a_expr:  a_expr.'=' a_expr 
	a_expr:  a_expr.LESS_EQUALS a_expr 
	a_expr:  a_expr.GREATER_EQUALS a_expr 
	a_expr:  a_expr GREATER_EQUALS a_expr.    (171)
	a_expr:  a_expr.NOT_EQUALS a_expr 
	a_expr:  a_expr.AND a_expr 
	a_expr:  a_expr.OR a_expr 

	LESS_EQUALS  error
	GREATER_EQUALS  error
	NOT_EQUALS  error
	'<'  error
	'>'  error
	'='  error
	'+'  shift 479
	'-'  shift 480
	'*'  shift 481
	'/'  shift 482
	'%'  shift 483
	.  reduce 171 (src line 1259)


state 534
	a_expr:  a_expr.'+' a_expr 
	a_expr:  a_expr.'-' a_expr 
	a_expr:  a_expr.'*' a_expr 
	a_expr:  a_expr.'/' a_expr 
	a_expr:  a_expr.'%' a_expr 
	a_expr:  a_expr.'<' a_expr 
	a_expr:  a_expr.'>' a_expr 
	a_expr:  a_expr.'=' a_expr 
	a_expr:  a_expr.LESS_EQUALS a_expr 
	a_expr:  a_expr.GREATER_EQUALS a_expr 
	a_expr:  a_expr.NOT_EQUALS a_expr 
	a_expr:  a_expr NOT_EQUALS a_expr.    (172)
	a_expr:  a_expr.AND a_expr 
	a_expr:  a_expr.OR a_expr 

	LESS_EQUALS  error
	GREATER_EQUALS  error
	NOT_EQUALS  error
	'<'  error
	'>'  error
	'='  error
	'+'  shift 479
	'-'  shift 480
	'*'  shift 481
	'/'  shift 482
	'%'  shift 483
	.  reduce 172 (src line 1263)


state 535
	a_expr:  a_expr.'+' a_expr 
	a_expr:  a_expr.'-' a_expr 
	a_expr:  a_expr.'*' a_expr 
	a_expr:  a_expr.'/' a_expr 
	a_expr:  a_expr.'%' a_expr 
	a_expr:  a_expr.'<' a_expr 
	a_expr:  a_expr.'>' a_expr 
	a_expr:  a_expr.'=' a_expr 
	a_expr:  a_expr.LESS_EQUALS a_expr 
	a_expr:  a_expr.GREATER_EQUALS a_expr 
	a_expr:  a_expr.NOT_EQUALS a_expr 
	a_expr:  a_expr.AND a_expr 
	a_expr:  a_expr AND a_expr.    (173)
	a_expr:  a_expr.OR a_expr 

	LESS_EQUALS  shift 487
	GREATER_EQUALS  shift 488
	NOT_EQUALS  shift 489
	'<'  shift 484
	'>'  shift 485
	'='  shift 486
	'+'  shift 479
	'-'  shift 480
	'*'  shift 481
	'/'  shift 482
	'%'  shift 483
	.  reduce 173 (src line 1267)


state 536
	a_expr:  a_expr.'+' a_expr 
	a_expr:  a_expr.'-' a_expr 
	a_expr:  a_expr.'*' a_expr 
	a_expr:  a_expr.'/' a_expr 
	a_expr:  a_expr.'%' a_expr 
	a_expr:  a_expr.'<' a_expr 
	a_expr:  a_expr.'>' a_expr 
	a_expr:  a_expr.'=' a_expr 
	a_expr:  a_expr.LESS_EQUALS a_expr 
	a_expr:  a_expr.GREATER_EQUALS a_expr 
	a_expr:  a_expr.NOT_EQUALS a_expr 
	a_expr:  a_expr.AND a_expr 
	a_expr:  a_expr.OR a_expr 
	a_expr:  a_expr OR a_expr.    (174)

	AND  shift 490
	LESS_EQUALS  shift 487
	GREATER_EQUALS  shift 488
	NOT_EQUALS  shift 489
	'<'  shift 484
	'>'  shift 485
	'='  shift 486
	'+'  shift 479
	'-'  shift 480
	'*'  shift 481
	'/'  shift 482
	'%'  shift 483
	.  reduce 174 (src line 1271)


state 537
	a_expr:  '(' a_expr ')'.    (178)

	.  reduce 178 (src line 1287)


state 538
	cte_list:  cte_list ',' cte_item.    (146)

	.  reduce 146 (src line 1138)


state 539
	cte_item:  ColId cte_col_list AS.opt_materialized '(' SelectStmt ')' 
	opt_materialized: .    (150)

	MATERIALIZED  shift 1017
	NOT  shift 1018
	.  reduce 150 (src line 1166)

	opt_materialized  goto 1016

state 540
	col_alias_list:  col_alias_list.',' ColId 
	cte_col_list:  '(' col_alias_list.')' 

	')'  shift 1020
	','  shift 1019
	.  error


state 541
	col_alias_list:  ColId.    (101)

	.  reduce 101 (src line 846)


state 542
	simple_select:  SELECT select_pos opt_all_distinct opt_target_list opt_from_clause.where_clause group_clause having_clause 
	where_clause: .    (157)

	WHERE  shift 1022
	.  reduce 157 (src line 1193)

	where_clause  goto 1021

state 543
	opt_from_clause:  FROM.from_list 

	ABORT_P  shift 28
	ABSENT  shift 29
	ABSOLUTE_P  shift 30
	ACCESS  shift 31
	ACTION  shift 32
	ADD_P  shift 33
	ADMIN  shift 34
	AFTER  shift 35
	AGGREGATE  shift 36
	ALSO  shift 37
	ALTER  shift 38
	ALWAYS  shift 39
	ASENSITIVE  shift 40
	ASSERTION  shift 41
	ASSIGNMENT  shift 42
	AT  shift 43
	ATOMIC  shift 44
	ATTACH  shift 45
	ATTRIBUTE  shift 46
	BACKWARD  shift 47
	BEFORE  shift 48
	BEGIN_P  shift 49
	BETWEEN  shift 358
	BIGINT  shift 359
	BIT  shift 360
	BOOLEAN_P  shift 361
	BREADTH  shift 50
	BY  shift 51
	CACHE  shift 52
	CALL  shift 53
	CALLED  shift 54
	CASCADE  shift 55
	CASCADED  shift 56
	CATALOG_P  shift 57
	CHAIN  shift 58
	CHAR_P  shift 362
	CHARACTER  shift 363
	CHARACTERISTICS  shift 59
	CHECKPOINT  shift 60
	CLASS  shift 61
	CLOSE  shift 62
	CLUSTER  shift 63
	COALESCE  shift 364
	COLUMNS  shift 64
	COMMENT  shift 65
	COMMENTS  shift 66
	COMMIT  shift 67
	COMMITTED  shift 68
	COMPRESSION  shift 69
	CONDITIONAL  shift 70
	CONFIGURATION  shift 71
	CONFLICT  shift 72
	CONNECTION  shift 73
	CONSTRAINTS  shift 74
	CONTENT_P  shift 75
	CONTINUE_P  shift 76
	CONVERSION_P  shift 77
	COPY  shift 78
	COST  shift 79
	CSV  shift 80
	CUBE  shift 81
	CURRENT_P  shift 82
	CURSOR  shift 83
	CYCLE  shift 84
	DATA_P  shift 85
	DATABASE  shift 86
	DAY_P  shift 87
	DEALLOCATE  shift 88
	DEC  shift 365
	DECIMAL_P  shift 366
	DECLARE  shift 89
	DEFAULTS  shift 90
	DEFERRED  shift 91
	DEFINER  shift 92
	DELETE_P  shift 93
	DELIMITER  shift 94
	DELIMITERS  shift 95
	DEPENDS  shift 96
	DEPTH  shift 97
	DETACH  shift 98
	DICTIONARY  shift 99
	DISABLE_P  shift 100
	DISCARD  shift 101
	DOCUMENT_P  shift 102
	DOMAIN_P  shift 103
	DOUBLE_P  shift 104
	DROP  shift 105
	EACH  shift 106
	EMPTY_P  shift 107
	ENABLE_P  shift 108
	ENCODING  shift 109
	ENCRYPTED  shift 110
	ENFORCED  shift 111
	ENUM_P  shift 112
	ERROR_P  shift 113
	ESCAPE  shift 114
	EVENT  shift 115
	EXCLUDE  shift 116
	EXCLUDING  shift 117
	EXCLUSIVE  shift 118
	EXECUTE  shift 119
	EXISTS  shift 367
	EXPLAIN  shift 120
	EXPRESSION  shift 121
	EXTENSION  shift 122
	EXTERNAL  shift 123
	EXTRACT  shift 368
	FAMILY  shift 124
	FILTER  shift 125
	FINALIZE  shift 126
	FIRST_P  shift 127
	FLOAT_P  shift 369
	FOLLOWING  shift 128
	FORCE  shift 129
	FORMAT  shift 130
	FORWARD  shift 131
	FUNCTION  shift 132
	FUNCTIONS  shift 133
	GENERATED  shift 134
	GLOBAL  shift 135
	GRANTED  shift 136
	GREATEST  shift 370
	GROUPING  shift 371
	GROUPS  shift 137
	HANDLER  shift 138
	HEADER_P  shift 139
	HOLD  shift 140
	HOUR_P  shift 141
	IDENTITY_P  shift 142
	IF_P  shift 143
	IMMEDIATE  shift 144
	IMMUTABLE  shift 145
	IMPLICIT_P  shift 146
	IMPORT_P  shift 147
	INCLUDE  shift 148
	INCLUDING  shift 149
	INCREMENT  shift 150
	INDENT  shift 151
	INDEX  shift 152
	INDEXES  shift 153
	INHERIT  shift 154
	INHERITS  shift 155
	INLINE_P  shift 156
	INOUT  shift 372
	INPUT_P  shift 157
	INSENSITIVE  shift 158
	INSERT  shift 159
	INSTEAD  shift 160
	INT_P  shift 373
	INTEGER  shift 374
	INTERVAL  shift 375
	INVOKER  shift 161
	ISOLATION  shift 162
	JSON  shift 376
	JSON_ARRAY  shift 377
	JSON_ARRAYAGG  shift 378
	JSON_EXISTS  shift 379
	JSON_OBJECT  shift 380
	JSON_OBJECTAGG  shift 381
	JSON_QUERY  shift 382
	JSON_SCALAR  shift 383
	JSON_SERIALIZE  shift 384
	JSON_TABLE  shift 385
	JSON_VALUE  shift 386
	KEEP  shift 163
	KEY  shift 164
	KEYS  shift 165
	LABEL  shift 166
	LANGUAGE  shift 167
	LARGE_P  shift 168
	LAST_P  shift 169
	LATERAL_P  shift 1029
	LEAKPROOF  shift 170
	LEAST  shift 387
	LEVEL  shift 171
	LISTEN  shift 172
	LOAD  shift 173
	LOCAL  shift 174
	LOCATION  shift 175
	LOCK_P  shift 176
	LOCKED  shift 177
	LOGGED  shift 178
	MAPPING  shift 179
	MATCH  shift 180
	MATCHED  shift 181
	MATERIALIZED  shift 182
	MAXVALUE  shift 183
	MERGE  shift 184
	MERGE_ACTION  shift 388
	METHOD  shift 185
	MINUTE_P  shift 186
	MINVALUE  shift 187
	MODE  shift 188
	MONTH_P  shift 189
	MOVE  shift 190
	NAME_P  shift 191
	NAMES  shift 192
	NATIONAL  shift 389
	NCHAR  shift 390
	NESTED  shift 193
	NEW  shift 194
	NEXT  shift 195
	NFC  shift 196
	NFD  shift 197
	NFKC  shift 198
	NFKD  shift 199
	NO  shift 200
	NONE  shift 391
	NORMALIZE  shift 392
	NORMALIZED  shift 201
	NOTHING  shift 202
	NOTIFY  shift 203
	NOWAIT  shift 204
	NULLIF  shift 393
	NULLS_P  shift 205
	NUMERIC  shift 394
	OBJECT_P  shift 206
	OBJECTS_P  shift 207
	OF  shift 208
	OFF  shift 209
	OIDS  shift 210
	OLD  shift 211
	OMIT  shift 212
	ONLY  shift 1027
	OPERATOR  shift 213
	OPTION  shift 214
	OPTIONS  shift 215
	ORDINALITY  shift 216
	OTHERS  shift 217
	OUT_P  shift 395
	OVER  shift 218
	OVERLAY  shift 396
	OVERRIDING  shift 219
	OWNED  shift 220
	OWNER  shift 221
	PARALLEL  shift 222
	PARAMETER  shift 223
	PARSER  shift 224
	PARTIAL  shift 225
	PARTITION  shift 226
	PASSING  shift 227
	PASSWORD  shift 228
	PATH  shift 229
	PERIOD  shift 230
	PLAN  shift 231
	PLANS  shift 232
	POLICY  shift 233
	POSITION  shift 397
	PRECEDING  shift 234
	PRECISION  shift 398
	PREPARE  shift 235
	PREPARED  shift 236
	PRESERVE  shift 237
	PRIOR  shift 238
	PRIVILEGES  shift 239
	PROCEDURAL  shift 240
	PROCEDURE  shift 241
	PROCEDURES  shift 242
	PROGRAM  shift 243
	PUBLICATION  shift 244
	QUOTE  shift 245
	QUOTES  shift 246
	RANGE  shift 247
	READ  shift 248
	REAL  shift 399
	REASSIGN  shift 249
	RECURSIVE  shift 250
	REF_P  shift 251
	REFERENCING  shift 252
	REFRESH  shift 253
	REINDEX  shift 254
	RELATIVE_P  shift 255
	RELEASE  shift 256
	RENAME  shift 257
	REPEATABLE  shift 258
	REPLACE  shift 259
	REPLICA  shift 260
	RESET  shift 261
	RESTART  shift 262
	RESTRICT  shift 263
	RETURN  shift 264
	RETURNS  shift 265
	REVOKE  shift 266
	ROLE  shift 267
	ROLLBACK  shift 268
	ROLLUP  shift 269
	ROUTINE  shift 270
	ROUTINES  shift 271
	ROW  shift 400
	ROWS  shift 1032
	RULE  shift 273
	SAVEPOINT  shift 274
	SCALAR  shift 275
	SCHEMA  shift 276
	SCHEMAS  shift 277
	SCROLL  shift 278
	SEARCH  shift 279
	SECOND_P  shift 280
	SECURITY  shift 281
	SEQUENCE  shift 282
	SEQUENCES  shift 283
	SERIALIZABLE  shift 284
	SERVER  shift 285
	SESSION  shift 286
	SET  shift 287
	SETOF  shift 401
	SETS  shift 288
	SHARE  shift 289
	SHOW  shift 290
	SIMPLE  shift 291
	SKIP  shift 292
	SMALLINT  shift 402
	SNAPSHOT  shift 293
	SOURCE  shift 294
	SQL_P  shift 295
	STABLE  shift 296
	STANDALONE_P  shift 297
	START  shift 298
	STATEMENT  shift 299
	STATISTICS  shift 300
	STDIN  shift 301
	STDOUT  shift 302
	STORAGE  shift 303
	STORED  shift 304
	STRICT_P  shift 305
	STRING_P  shift 306
	STRIP_P  shift 307
	SUBSCRIPTION  shift 308
	SUBSTRING  shift 403
	SUPPORT  shift 309
	SYSID  shift 310
	SYSTEM_P  shift 311
	TABLES  shift 312
	TABLESPACE  shift 313
	TARGET  shift 314
	TEMP  shift 315
	TEMPLATE  shift 316
	TEMPORARY  shift 317
	TEXT_P  shift 318
	TIES  shift 319
	TIME  shift 404
	TIMESTAMP  shift 405
	TRANSACTION  shift 320
	TRANSFORM  shift 321
	TREAT  shift 406
	TRIGGER  shift 322
	TRIM  shift 407
	TRUNCATE  shift 323
	TRUSTED  shift 324
	TYPE_P  shift 325
	TYPES_P  shift 326
	UESCAPE  shift 327
	UNBOUNDED  shift 328
	UNCOMMITTED  shift 329
	UNCONDITIONAL  shift 330
	UNENCRYPTED  shift 331
	UNKNOWN  shift 332
	UNLISTEN  shift 333
	UNLOGGED  shift 334
	UNTIL  shift 335
	UPDATE  shift 336
	VACUUM  shift 337
	VALID  shift 338
	VALIDATE  shift 339
	VALIDATOR  shift 340
	VALUE_P  shift 341
	VALUES  shift 408
	VARCHAR  shift 409
	VARYING  shift 342
	VERSION_P  shift 343
	VIEW  shift 344
	VIEWS  shift 345
	VIRTUAL  shift 346
	VOLATILE  shift 347
	WHITESPACE_P  shift 348
	WITHIN  shift 349
	WITHOUT  shift 350
	WORK  shift 351
	WRAPPER  shift 352
	WRITE  shift 353
	XML_P  shift 354
	XMLATTRIBUTES  shift 410
	XMLCONCAT  shift 411
	XMLELEMENT  shift 412
	XMLEXISTS  shift 413
	XMLFOREST  shift 414
	XMLNAMESPACES  shift 415
	XMLPARSE  shift 416
	XMLPI  shift 417
	XMLROOT  shift 418
	XMLSERIALIZE  shift 419
	XMLTABLE  shift 420
	YEAR_P  shift 355
	YES_P  shift 356
	ZONE  shift 357
	IDENT  shift 25
	'('  shift 1028
	.  error

	unreserved_keyword  goto 26
	col_name_keyword  goto 27
	from_list  goto 1023
	table_ref  goto 1024
	base_table_ref  goto 1025
	func_table_expr  goto 1030
	relation_expr_opt_alias  goto 1026
	qualified_name  goto 1031
	ColId  goto 24

state 544
	target_list:  target_list ','.target_el 

	ABORT_P  shift 28
	ABSENT  shift 29
	ABSOLUTE_P  shift 30
	ACCESS  shift 31
	ACTION  shift 32
	ADD_P  shift 33
	ADMIN  shift 34
	AFTER  shift 35
	AGGREGATE  shift 36
	ALSO  shift 37
	ALTER  shift 38
	ALWAYS  shift 39
	ASENSITIVE  shift 40
	ASSERTION  shift 41
	ASSIGNMENT  shift 42
	AT  shift 43
	ATOMIC  shift 44
	ATTACH  shift 45
	ATTRIBUTE  shift 46
	BACKWARD  shift 47
	BEFORE  shift 48
	BEGIN_P  shift 49
	BETWEEN  shift 358
	BIGINT  shift 359
	BIT  shift 360
	BOOLEAN_P  shift 361
	BREADTH  shift 50
	BY  shift 51
	CACHE  shift 52
	CALL  shift 53
	CALLED  shift 54
	CASCADE  shift 55
	CASCADED  shift 56
	CATALOG_P  shift 57
	CHAIN  shift 58
	CHAR_P  shift 362
	CHARACTER  shift 363
	CHARACTERISTICS  shift 59
	CHECKPOINT  shift 60
	CLASS  shift 61
	CLOSE  shift 62
	CLUSTER  shift 63
	COALESCE  shift 364
	COLUMNS  shift 64
	COMMENT  shift 65
	COMMENTS  shift 66
	COMMIT  shift 67
	COMMITTED  shift 68
	COMPRESSION  shift 69
	CONDITIONAL  shift 70
	CONFIGURATION  shift 71
	CONFLICT  shift 72
	CONNECTION  shift 73
	CONSTRAINTS  shift 74
	CONTENT_P  shift 75
	CONTINUE_P  shift 76
	CONVERSION_P  shift 77
	COPY  shift 78
	COST  shift 79
	CSV  shift 80
	CUBE  shift 81
	CURRENT_P  shift 82
	CURSOR  shift 83
	CYCLE  shift 84
	DATA_P  shift 85
	DATABASE  shift 86
	DAY_P  shift 87
	DEALLOCATE  shift 88
	DEC  shift 365
	DECIMAL_P  shift 366
	DECLARE  shift 89
	DEFAULTS  shift 90
	DEFERRED  shift 91
	DEFINER  shift 92
	DELETE_P  shift 93
	DELIMITER  shift 94
	DELIMITERS  shift 95
	DEPENDS  shift 96
	DEPTH  shift 97
	DETACH  shift 98
	DICTIONARY  shift 99
	DISABLE_P  shift 100
	DISCARD  shift 101
	DOCUMENT_P  shift 102
	DOMAIN_P  shift 103
	DOUBLE_P  shift 104
	DROP  shift 105
	EACH  shift 106
	EMPTY_P  shift 107
	ENABLE_P  shift 108
	ENCODING  shift 109
	ENCRYPTED  shift 110
	ENFORCED  shift 111
	ENUM_P  shift 112
	ERROR_P  shift 113
	ESCAPE  shift 114
	EVENT  shift 115
	EXCLUDE  shift 116
	EXCLUDING  shift 117
	EXCLUSIVE  shift 118
	EXECUTE  shift 119
	EXISTS  shift 367
	EXPLAIN  shift 120
	EXPRESSION  shift 121
	EXTENSION  shift 122
	EXTERNAL  shift 123
	EXTRACT  shift 368
	FALSE_P  shift 451
	FAMILY  shift 124
	FILTER  shift 125
	FINALIZE  shift 126
	FIRST_P  shift 127
	FLOAT_P  shift 369
	FOLLOWING  shift 128
	FORCE  shift 129
	FORMAT  shift 130
	FORWARD  shift 131
	FUNCTION  shift 132
	FUNCTIONS  shift 133
	GENERATED  shift 134
	GLOBAL  shift 135
	GRANTED  shift 136
	GREATEST  shift 370
	GROUPING  shift 371
	GROUPS  shift 137
	HANDLER  shift 138
	HEADER_P  shift 139
	HOLD  shift 140
	HOUR_P  shift 141
	IDENTITY_P  shift 142
	IF_P  shift 143
	IMMEDIATE  shift 144
	IMMUTABLE  shift 145
	IMPLICIT_P  shift 146
	IMPORT_P  shift 147
	INCLUDE  shift 148
	INCLUDING  shift 149
	INCREMENT  shift 150
	INDENT  shift 151
	INDEX  shift 152
	INDEXES  shift 153
	INHERIT  shift 154
	INHERITS  shift 155
	INLINE_P  shift 156
	INOUT  shift 372
	INPUT_P  shift 157
	INSENSITIVE  shift 158
	INSERT  shift 159
	INSTEAD  shift 160
	INT_P  shift 373
	INTEGER  shift 374
	INTERVAL  shift 375
	INVOKER  shift 161
	ISOLATION  shift 162
	JSON  shift 376
	JSON_ARRAY  shift 377
	JSON_ARRAYAGG  shift 378
	JSON_EXISTS  shift 379
	JSON_OBJECT  shift 380
	JSON_OBJECTAGG  shift 381
	JSON_QUERY  shift 382
	JSON_SCALAR  shift 383
	JSON_SERIALIZE  shift 384
	JSON_TABLE  shift 385
	JSON_VALUE  shift 386
	KEEP  shift 163
	KEY  shift 164
	KEYS  shift 165
	LABEL  shift 166
	LANGUAGE  shift 167
	LARGE_P  shift 168
	LAST_P  shift 169
	LEAKPROOF  shift 170
	LEAST  shift 387
	LEVEL  shift 171
	LISTEN  shift 172
	LOAD  shift 173
	LOCAL  shift 174
	LOCATION  shift 175
	LOCK_P  shift 176
	LOCKED  shift 177
	LOGGED  shift 178
	MAPPING  shift 179
	MATCH  shift 180
	MATCHED  shift 181
	MATERIALIZED  shift 182
	MAXVALUE  shift 183
	MERGE  shift 184
	MERGE_ACTION  shift 388
	METHOD  shift 185
	MINUTE_P  shift 186
	MINVALUE  shift 187
	MODE  shift 188
	MONTH_P  shift 189
	MOVE  shift 190
	NAME_P  shift 191
	NAMES  shift 192
	NATIONAL  shift 389
	NCHAR  shift 390
	NESTED  shift 193
	NEW  shift 194
	NEXT  shift 195
	NFC  shift 196
	NFD  shift 197
	NFKC  shift 198
	NFKD  shift 199
	NO  shift 200
	NONE  shift 391
	NORMALIZE  shift 392
	NORMALIZED  shift 201
	NOT  shift 443
	NOTHING  shift 202
	NOTIFY  shift 203
	NOWAIT  shift 204
	NULL_P  shift 452
	NULLIF  shift 393
	NULLS_P  shift 205
	NUMERIC  shift 394
	OBJECT_P  shift 206
	OBJECTS_P  shift 207
	OF  shift 208
	OFF  shift 209
	OIDS  shift 210
	OLD  shift 211
	OMIT  shift 212
	OPERATOR  shift 213
	OPTION  shift 214
	OPTIONS  shift 215
	ORDINALITY  shift 216
	OTHERS  shift 217
	OUT_P  shift 395
	OVER  shift 218
	OVERLAY  shift 396
	OVERRIDING  shift 219
	OWNED  shift 220
	OWNER  shift 221
	PARALLEL  shift 222
	PARAMETER  shift 223
	PARSER  shift 224
	PARTIAL  shift 225
	PARTITION  shift 226
	PASSING  shift 227
	PASSWORD  shift 228
	PATH  shift 229
	PERIOD  shift 230
	PLAN  shift 231
	PLANS  shift 232
	POLICY  shift 233
	POSITION  shift 397
	PRECEDING  shift 234
	PRECISION  shift 398
	PREPARE  shift 235
	PREPARED  shift 236
	PRESERVE  shift 237
	PRIOR  shift 238
	PRIVILEGES  shift 239
	PROCEDURAL  shift 240
	PROCEDURE  shift 241
	PROCEDURES  shift 242
	PROGRAM  shift 243
	PUBLICATION  shift 244
	QUOTE  shift 245
	QUOTES  shift 246
	RANGE  shift 247
	READ  shift 248
	REAL  shift 399
	REASSIGN  shift 249
	RECURSIVE  shift 250
	REF_P  shift 251
	REFERENCING  shift 252
	REFRESH  shift 253
	REINDEX  shift 254
	RELATIVE_P  shift 255
	RELEASE  shift 256
	RENAME  shift 257
	REPEATABLE  shift 258
	REPLACE  shift 259
	REPLICA  shift 260
	RESET  shift 261
	RESTART  shift 262
	RESTRICT  shift 263
	RETURN  shift 264
	RETURNS  shift 265
	REVOKE  shift 266
	ROLE  shift 267
	ROLLBACK  shift 268
	ROLLUP  shift 269
	ROUTINE  shift 270
	ROUTINES  shift 271
	ROW  shift 400
	ROWS  shift 272
	RULE  shift 273
	SAVEPOINT  shift 274
	SCALAR  shift 275
	SCHEMA  shift 276
	SCHEMAS  shift 277
	SCROLL  shift 278
	SEARCH  shift 279
	SECOND_P  shift 280
	SECURITY  shift 281
	SEQUENCE  shift 282
	SEQUENCES  shift 283
	SERIALIZABLE  shift 284
	SERVER  shift 285
	SESSION  shift 286
	SET  shift 287
	SETOF  shift 401
	SETS  shift 288
	SHARE  shift 289
	SHOW  shift 290
	SIMPLE  shift 291
	SKIP  shift 292
	SMALLINT  shift 402
	SNAPSHOT  shift 293
	SOURCE  shift 294
	SQL_P  shift 295
	STABLE  shift 296
	STANDALONE_P  shift 297
	START  shift 298
	STATEMENT  shift 299
	STATISTICS  shift 300
	STDIN  shift 301
	STDOUT  shift 302
	STORAGE  shift 303
	STORED  shift 304
	STRICT_P  shift 305
	STRING_P  shift 306
	STRIP_P  shift 307
	SUBSCRIPTION  shift 308
	SUBSTRING  shift 403
	SUPPORT  shift 309
	SYSID  shift 310
	SYSTEM_P  shift 311
	TABLES  shift 312
	TABLESPACE  shift 313
	TARGET  shift 314
	TEMP  shift 315
	TEMPLATE  shift 316
	TEMPORARY  shift 317
	TEXT_P  shift 318
	TIES  shift 319
	TIME  shift 404
	TIMESTAMP  shift 405
	TRANSACTION  shift 320
	TRANSFORM  shift 321
	TREAT  shift 406
	TRIGGER  shift 322
	TRIM  shift 407
	TRUE_P  shift 450
	TRUNCATE  shift 323
	TRUSTED  shift 324
	TYPE_P  shift 325
	TYPES_P  shift 326
	UESCAPE  shift 327
	UNBOUNDED  shift 328
	UNCOMMITTED  shift 329
	UNCONDITIONAL  shift 330
	UNENCRYPTED  shift 331
	UNKNOWN  shift 332
	UNLISTEN  shift 333
	UNLOGGED  shift 334
	UNTIL  shift 335
	UPDATE  shift 336
	VACUUM  shift 337
	VALID  shift 338
	VALIDATE  shift 339
	VALIDATOR  shift 340
	VALUE_P  shift 341
	VALUES  shift 408
	VARCHAR  shift 409
	VARYING  shift 342
	VERSION_P  shift 343
	VIEW  shift 344
	VIEWS  shift 345
	VIRTUAL  shift 346
	VOLATILE  shift 347
	WHITESPACE_P  shift 348
	WITHIN  shift 349
	WITHOUT  shift 350
	WORK  shift 351
	WRAPPER  shift 352
	WRITE  shift 353
	XML_P  shift 354
	XMLATTRIBUTES  shift 410
	XMLCONCAT  shift 411
	XMLELEMENT  shift 412
	XMLEXISTS  shift 413
	XMLFOREST  shift 414
	XMLNAMESPACES  shift 415
	XMLPARSE  shift 416
	XMLPI  shift 417
	XMLROOT  shift 418
	XMLSERIALIZE  shift 419
	XMLTABLE  shift 420
	YEAR_P  shift 355
	YES_P  shift 356
	ZONE  shift 357
	IDENT  shift 25
	FCONST  shift 448
	SCONST  shift 449
	ICONST  shift 447
	PARAM  shift 453
	'+'  shift 445
	'-'  shift 444
	'*'  shift 505
	'('  shift 446
	.  error

	unreserved_keyword  goto 26
	col_name_keyword  goto 27
	target_el  goto 1033
	qualified_name  goto 506
	a_expr  goto 504
	c_expr  goto 442
	ColId  goto 24

state 545
	target_el:  a_expr AS.ColLabel 

	ABORT_P  shift 28
	ABSENT  shift 29
	ABSOLUTE_P  shift 30
	ACCESS  shift 31
	ACTION  shift 32
	ADD_P  shift 33
	ADMIN  shift 34
	AFTER  shift 35
	AGGREGATE  shift 36
	ALSO  shift 37
	ALTER  shift 38
	ALWAYS  shift 39
	ASENSITIVE  shift 40
	ASSERTION  shift 41
	ASSIGNMENT  shift 42
	AT  shift 43
	ATOMIC  shift 44
	ATTACH  shift 45
	ATTRIBUTE  shift 46
	AUTHORIZATION  shift 1039
	BACKWARD  shift 47
	BEFORE  shift 48
	BEGIN_P  shift 49
	BETWEEN  shift 358
	BIGINT  shift 359
	BINARY  shift 1040
	BIT  shift 360
	BOOLEAN_P  shift 361
	BREADTH  shift 50
	BY  shift 51
	CACHE  shift 52
	CALL  shift 53
	CALLED  shift 54
	CASCADE  shift 55
	CASCADED  shift 56
	CATALOG_P  shift 57
	CHAIN  shift 58
	CHAR_P  shift 362
	CHARACTER  shift 363
	CHARACTERISTICS  shift 59
	CHECKPOINT  shift 60
	CLASS  shift 61
	CLOSE  shift 62
	CLUSTER  shift 63
	COALESCE  shift 364
	COLLATION  shift 1041
	COLUMNS  shift 64
	COMMENT  shift 65
	COMMENTS  shift 66
	COMMIT  shift 67
	COMMITTED  shift 68
	COMPRESSION  shift 69
	CONCURRENTLY  shift 1042
	CONDITIONAL  shift 70
	CONFIGURATION  shift 71
	CONFLICT  shift 72
	CONNECTION  shift 73
	CONSTRAINTS  shift 74
	CONTENT_P  shift 75
	CONTINUE_P  shift 76
	CONVERSION_P  shift 77
	COPY  shift 78
	COST  shift 79
	CROSS  shift 1043
	CSV  shift 80
	CUBE  shift 81
	CURRENT_P  shift 82
	CURRENT_SCHEMA  shift 1044
	CURSOR  shift 83
	CYCLE  shift 84
	DATA_P  shift 85
	DATABASE  shift 86
	DAY_P  shift 87
	DEALLOCATE  shift 88
	DEC  shift 365
	DECIMAL_P  shift 366
	DECLARE  shift 89
	DEFAULTS  shift 90
	DEFERRED  shift 91
	DEFINER  shift 92
	DELETE_P  shift 93
	DELIMITER  shift 94
	DELIMITERS  shift 95
	DEPENDS  shift 96
	DEPTH  shift 97
	DETACH  shift 98
	DICTIONARY  shift 99
	DISABLE_P  shift 100
	DISCARD  shift 101
	DOCUMENT_P  shift 102
	DOMAIN_P  shift 103
	DOUBLE_P  shift 104
	DROP  shift 105
	EACH  shift 106
	EMPTY_P  shift 107
	ENABLE_P  shift 108
	ENCODING  shift 109
	ENCRYPTED  shift 110
	ENFORCED  shift 111
	ENUM_P  shift 112
	ERROR_P  shift 113
	ESCAPE  shift 114
	EVENT  shift 115
	EXCLUDE  shift 116
	EXCLUDING  shift 117
	EXCLUSIVE  shift 118
	EXECUTE  shift 119
	EXISTS  shift 367
	EXPLAIN  shift 120
	EXPRESSION  shift 121
	EXTENSION  shift 122
	EXTERNAL  shift 123
	EXTRACT  shift 368
	FAMILY  shift 124
	FILTER  shift 125
	FINALIZE  shift 126
	FIRST_P  shift 127
	FLOAT_P  shift 369
	FOLLOWING  shift 128
	FORCE  shift 129
	FORMAT  shift 130
	FORWARD  shift 131
	FREEZE  shift 1045
	FULL  shift 1046
	FUNCTION  shift 132
	FUNCTIONS  shift 133
	GENERATED  shift 134
	GLOBAL  shift 135
	GRANTED  shift 136
	GREATEST  shift 370
	GROUPING  shift 371
	GROUPS  shift 137
	HANDLER  shift 138
	HEADER_P  shift 139
	HOLD  shift 140
	HOUR_P  shift 141
	IDENTITY_P  shift 142
	IF_P  shift 143
	ILIKE  shift 1047
	IMMEDIATE  shift 144
	IMMUTABLE  shift 145
	IMPLICIT_P  shift 146
	IMPORT_P  shift 147
	INCLUDE  shift 148
	INCLUDING  shift 149
	INCREMENT  shift 150
	INDENT  shift 151
	INDEX  shift 152
	INDEXES  shift 153
	INHERIT  shift 154
	INHERITS  shift 155
	INLINE_P  shift 156
	INNER_P  shift 1048
	INOUT  shift 372
	INPUT_P  shift 157
	INSENSITIVE  shift 158
	INSERT  shift 159
	INSTEAD  shift 160
	INT_P  shift 373
	INTEGER  shift 374
	INTERVAL  shift 375
	INVOKER  shift 161
	IS  shift 1049
	ISNULL  shift 1050
	ISOLATION  shift 162
	JOIN  shift 1051
	JSON  shift 376
	JSON_ARRAY  shift 377
	JSON_ARRAYAGG  shift 378
	JSON_EXISTS  shift 379
	JSON_OBJECT  shift 380
	JSON_OBJECTAGG  shift 381
	JSON_QUERY  shift 382
	JSON_SCALAR  shift 383
	JSON_SERIALIZE  shift 384
	JSON_TABLE  shift 385
	JSON_VALUE  shift 386
	KEEP  shift 163
	KEY  shift 164
	KEYS  shift 165
	LABEL  shift 166
	LANGUAGE  shift 167
	LARGE_P  shift 168
	LAST_P  shift 169
	LEAKPROOF  shift 170
	LEAST  shift 387
	LEFT  shift 1052
	LEVEL  shift 171
	LIKE  shift 1053
	LISTEN  shift 172
	LOAD  shift 173
	LOCAL  shift 174
	LOCATION  shift 175
	LOCK_P  shift 176
	LOCKED  shift 177
	LOGGED  shift 178
	MAPPING  shift 179
	MATCH  shift 180
	MATCHED  shift 181
	MATERIALIZED  shift 182
	MAXVALUE  shift 183
	MERGE  shift 184
	MERGE_ACTION  shift 388
	METHOD  shift 185
	MINUTE_P  shift 186
	MINVALUE  shift 187
	MODE  shift 188
	MONTH_P  shift 189
	MOVE  shift 190
	NAME_P  shift 191
	NAMES  shift 192
	NATIONAL  shift 389
	NATURAL  shift 1054
	NCHAR  shift 390
	NESTED  shift 193
	NEW  shift 194
	NEXT  shift 195
	NFC  shift 196
	NFD  shift 197
	NFKC  shift 198
	NFKD  shift 199
	NO  shift 200
	NONE  shift 391
	NORMALIZE  shift 392
	NORMALIZED  shift 201
	NOTHING  shift 202
	NOTIFY  shift 203
	NOTNULL  shift 1055
	NOWAIT  shift 204
	NULLIF  shift 393
	NULLS_P  shift 205
	NUMERIC  shift 394
	OBJECT_P  shift 206
	OBJECTS_P  shift 207
	OF  shift 208
	OFF  shift 209
	OIDS  shift 210
	OLD  shift 211
	OMIT  shift 212
	OPERATOR  shift 213
	OPTION  shift 214
	OPTIONS  shift 215
	ORDINALITY  shift 216
	OTHERS  shift 217
	OUT_P  shift 395
	OUTER_P  shift 1056
	OVER  shift 218
	OVERLAPS  shift 1057
	OVERLAY  shift 396
	OVERRIDING  shift 219
	OWNED  shift 220
	OWNER  shift 221
	PARALLEL  shift 222
	PARAMETER  shift 223
	PARSER  shift 224
	PARTIAL  shift 225
	PARTITION  shift 226
	PASSING  shift 227
	PASSWORD  shift 228
	PATH  shift 229
	PERIOD  shift 230
	PLAN  shift 231
	PLANS  shift 232
	POLICY  shift 233
	POSITION  shift 397
	PRECEDING  shift 234
	PRECISION  shift 398
	PREPARE  shift 235
	PREPARED  shift 236
	PRESERVE  shift 237
	PRIOR  shift 238
	PRIVILEGES  shift 239
	PROCEDURAL  shift 240
	PROCEDURE  shift 241
	PROCEDURES  shift 242
	PROGRAM  shift 243
	PUBLICATION  shift 244
	QUOTE  shift 245
	QUOTES  shift 246
	RANGE  shift 247
	READ  shift 248
	REAL  shift 399
	REASSIGN  shift 249
	RECURSIVE  shift 250
	REF_P  shift 251
	REFERENCING  shift 252
	REFRESH  shift 253
	REINDEX  shift 254
	RELATIVE_P  shift 255
	RELEASE  shift 256
	RENAME  shift 257
	REPEATABLE  shift 258
	REPLACE  shift 259
	REPLICA  shift 260
	RESET  shift 261
	RESTART  shift 262
	RESTRICT  shift 263
	RETURN  shift 264
	RETURNS  shift 265
	REVOKE  shift 266
	RIGHT  shift 1058
	ROLE  shift 267
	ROLLBACK  shift 268
	ROLLUP  shift 269
	ROUTINE  shift 270
	ROUTINES  shift 271
	ROW  shift 400
	ROWS  shift 272
	RULE  shift 273
	SAVEPOINT  shift 274
	SCALAR  shift 275
	SCHEMA  shift 276
	SCHEMAS  shift 277
	SCROLL  shift 278
	SEARCH  shift 279
	SECOND_P  shift 280
	SECURITY  shift 281
	SEQUENCE  shift 282
	SEQUENCES  shift 283
	SERIALIZABLE  shift 284
	SERVER  shift 285
	SESSION  shift 286
	SET  shift 287
	SETOF  shift 401
	SETS  shift 288
	SHARE  shift 289
	SHOW  shift 290
	SIMILAR  shift 1059
	SIMPLE  shift 291
	SKIP  shift 292
	SMALLINT  shift 402
	SNAPSHOT  shift 293
	SOURCE  shift 294
	SQL_P  shift 295
	STABLE  shift 296
	STANDALONE_P  shift 297
	START  shift 298
	STATEMENT  shift 299
	STATISTICS  shift 300
	STDIN  shift 301
	STDOUT  shift 302
	STORAGE  shift 303
	STORED  shift 304
	STRICT_P  shift 305
	STRING_P  shift 306
	STRIP_P  shift 307
	SUBSCRIPTION  shift 308
	SUBSTRING  shift 403
	SUPPORT  shift 309
	SYSID  shift 310
	SYSTEM_P  shift 311
	TABLES  shift 312
	TABLESAMPLE  shift 1060
	TABLESPACE  shift 313
	TARGET  shift 314
	TEMP  shift 315
	TEMPLATE  shift 316
	TEMPORARY  shift 317
	TEXT_P  shift 318
	TIES  shift 319
	TIME  shift 404
	TIMESTAMP  shift 405
	TRANSACTION  shift 320
	TRANSFORM  shift 321
	TREAT  shift 406
	TRIGGER  shift 322
	TRIM  shift 407
	TRUNCATE  shift 323
	TRUSTED  shift 324
	TYPE_P  shift 325
	TYPES_P  shift 326
	UESCAPE  shift 327
	UNBOUNDED  shift 328
	UNCOMMITTED  shift 329
	UNCONDITIONAL  shift 330
	UNENCRYPTED  shift 331
	UNKNOWN  shift 332
	UNLISTEN  shift 333
	UNLOGGED  shift 334
	UNTIL  shift 335
	UPDATE  shift 336
	VACUUM  shift 337
	VALID  shift 338
	VALIDATE  shift 339
	VALIDATOR  shift 340
	VALUE_P  shift 341
	VALUES  shift 408
	VARCHAR  shift 409
	VARYING  shift 342
	VERBOSE  shift 1061
	VERSION_P  shift 343
	VIEW  shift 344
	VIEWS  shift 345
	VIRTUAL  shift 346
	VOLATILE  shift 347
	WHITESPACE_P  shift 348
	WITHIN  shift 349
	WITHOUT  shift 350
	WORK  shift 351
	WRAPPER  shift 352
	WRITE  shift 353
	XML_P  shift 354
	XMLATTRIBUTES  shift 410
	XMLCONCAT  shift 411
	XMLELEMENT  shift 412
	XMLEXISTS  shift 413
	XMLFOREST  shift 414
	XMLNAMESPACES  shift 415
	XMLPARSE  shift 416
	XMLPI  shift 417
	XMLROOT  shift 418
	XMLSERIALIZE  shift 419
	XMLTABLE  shift 420
	YEAR_P  shift 355
	YES_P  shift 356
	ZONE  shift 357
	IDENT  shift 1035
	.  error

	unreserved_keyword  goto 1036
	col_name_keyword  goto 1037
	type_func_name_keyword  goto 1038
	ColLabel  goto 1034

state 546
	target_el:  a_expr BareColLabel.    (72)

	.  reduce 72 (src line 675)


state 547
	a_expr:  a_expr AND.a_expr 
	bare_label_keyword:  AND.    (705)

	ABORT_P  shift 28
	ABSENT  shift 29
	ABSOLUTE_P  shift 30
	ACCESS  shift 31
	ACTION  shift 32
	ADD_P  shift 33
	ADMIN  shift 34
	AFTER  shift 35
	AGGREGATE  shift 36
	ALSO  shift 37
	ALTER  shift 38
	ALWAYS  shift 39
	ASENSITIVE  shift 40
	ASSERTION  shift 41
	ASSIGNMENT  shift 42
	AT  shift 43
	ATOMIC  shift 44
	ATTACH  shift 45
	ATTRIBUTE  shift 46
	BACKWARD  shift 47
	BEFORE  shift 48
	BEGIN_P  shift 49
	BETWEEN  shift 358
	BIGINT  shift 359
	BIT  shift 360
	BOOLEAN_P  shift 361
	BREADTH  shift 50
	BY  shift 51
	CACHE  shift 52
	CALL  shift 53
	CALLED  shift 54
	CASCADE  shift 55
	CASCADED  shift 56
	CATALOG_P  shift 57
	CHAIN  shift 58
	CHAR_P  shift 362
	CHARACTER  shift 363
	CHARACTERISTICS  shift 59
	CHECKPOINT  shift 60
	CLASS  shift 61
	CLOSE  shift 62
	CLUSTER  shift 63
	COALESCE  shift 364
	COLUMNS  shift 64
	COMMENT  shift 65
	COMMENTS  shift 66
	COMMIT  shift 67
	COMMITTED  shift 68
	COMPRESSION  shift 69
	CONDITIONAL  shift 70
	CONFIGURATION  shift 71
	CONFLICT  shift 72
	CONNECTION  shift 73
	CONSTRAINTS  shift 74
	CONTENT_P  shift 75
	CONTINUE_P  shift 76
	CONVERSION_P  shift 77
	COPY  shift 78
	COST  shift 79
	CSV  shift 80
	CUBE  shift 81
	CURRENT_P  shift 82
	CURSOR  shift 83
	CYCLE  shift 84
	DATA_P  shift 85
	DATABASE  shift 86
	DAY_P  shift 87
	DEALLOCATE  shift 88
	DEC  shift 365
	DECIMAL_P  shift 366
	DECLARE  shift 89
	DEFAULTS  shift 90
	DEFERRED  shift 91
	DEFINER  shift 92
	DELETE_P  shift 93
	DELIMITER  shift 94
	DELIMITERS  shift 95
	DEPENDS  shift 96
	DEPTH  shift 97
	DETACH  shift 98
	DICTIONARY  shift 99
	DISABLE_P  shift 100
	DISCARD  shift 101
	DOCUMENT_P  shift 102
	DOMAIN_P  shift 103
	DOUBLE_P  shift 104
	DROP  shift 105
	EACH  shift 106
	EMPTY_P  shift 107
	ENABLE_P  shift 108
	ENCODING  shift 109
	ENCRYPTED  shift 110
	ENFORCED  shift 111
	ENUM_P  shift 112
	ERROR_P  shift 113
	ESCAPE  shift 114
	EVENT  shift 115
	EXCLUDE  shift 116
	EXCLUDING  shift 117
	EXCLUSIVE  shift 118
	EXECUTE  shift 119
	EXISTS  shift 367
	EXPLAIN  shift 120
	EXPRESSION  shift 121
	EXTENSION  shift 122
	EXTERNAL  shift 123
	EXTRACT  shift 368
	FALSE_P  shift 451
	FAMILY  shift 124
	FILTER  shift 125
	FINALIZE  shift 126
	FIRST_P  shift 127
	FLOAT_P  shift 369
	FOLLOWING  shift 128
	FORCE  shift 129
	FORMAT  shift 130
	FORWARD  shift 131
	FUNCTION  shift 132
	FUNCTIONS  shift 133
	GENERATED  shift 134
	GLOBAL  shift 135
	GRANTED  shift 136
	GREATEST  shift 370
	GROUPING  shift 371
	GROUPS  shift 137
	HANDLER  shift 138
	HEADER_P  shift 139
	HOLD  shift 140
	HOUR_P  shift 141
	IDENTITY_P  shift 142
	IF_P  shift 143
	IMMEDIATE  shift 144
	IMMUTABLE  shift 145
	IMPLICIT_P  shift 146
	IMPORT_P  shift 147
	INCLUDE  shift 148
	INCLUDING  shift 149
	INCREMENT  shift 150
	INDENT  shift 151
	INDEX  shift 152
	INDEXES  shift 153
	INHERIT  shift 154
	INHERITS  shift 155
	INLINE_P  shift 156
	INOUT  shift 372
	INPUT_P  shift 157
	INSENSITIVE  shift 158
	INSERT  shift 159
	INSTEAD  shift 160
	INT_P  shift 373
	INTEGER  shift 374
	INTERVAL  shift 375
	INVOKER  shift 161
	ISOLATION  shift 162
	JSON  shift 376
	JSON_ARRAY  shift 377
	JSON_ARRAYAGG  shift 378
	JSON_EXISTS  shift 379
	JSON_OBJECT  shift 380
	JSON_OBJECTAGG  shift 381
	JSON_QUERY  shift 382
	JSON_SCALAR  shift 383
	JSON_SERIALIZE  shift 384
	JSON_TABLE  shift 385
	JSON_VALUE  shift 386
	KEEP  shift 163
	KEY  shift 164
	KEYS  shift 165
	LABEL  shift 166
	LANGUAGE  shift 167
	LARGE_P  shift 168
	LAST_P  shift 169
	LEAKPROOF  shift 170
	LEAST  shift 387
	LEVEL  shift 171
	LISTEN  shift 172
	LOAD  shift 173
	LOCAL  shift 174
	LOCATION  shift 175
	LOCK_P  shift 176
	LOCKED  shift 177
	LOGGED  shift 178
	MAPPING  shift 179
	MATCH  shift 180
	MATCHED  shift 181
	MATERIALIZED  shift 182
	MAXVALUE  shift 183
	MERGE  shift 184
	MERGE_ACTION  shift 388
	METHOD  shift 185
	MINUTE_P  shift 186
	MINVALUE  shift 187
	MODE  shift 188
	MONTH_P  shift 189
	MOVE  shift 190
	NAME_P  shift 191
	NAMES  shift 192
	NATIONAL  shift 389
	NCHAR  shift 390
	NESTED  shift 193
	NEW  shift 194
	NEXT  shift 195
	NFC  shift 196
	NFD  shift 197
	NFKC  shift 198
	NFKD  shift 199
	NO  shift 200
	NONE  shift 391
	NORMALIZE  shift 392
	NORMALIZED  shift 201
	NOT  shift 443
	NOTHING  shift 202
	NOTIFY  shift 203
	NOWAIT  shift 204
	NULL_P  shift 452
	NULLIF  shift 393
	NULLS_P  shift 205
	NUMERIC  shift 394
	OBJECT_P  shift 206
	OBJECTS_P  shift 207
	OF  shift 208
	OFF  shift 209
	OIDS  shift 210
	OLD  shift 211
	OMIT  shift 212
	OPERATOR  shift 213
	OPTION  shift 214
	OPTIONS  shift 215
	ORDINALITY  shift 216
	OTHERS  shift 217
	OUT_P  shift 395
	OVER  shift 218
	OVERLAY  shift 396
	OVERRIDING  shift 219
	OWNED  shift 220
	OWNER  shift 221
	PARALLEL  shift 222
	PARAMETER  shift 223
	PARSER  shift 224
	PARTIAL  shift 225
	PARTITION  shift 226
	PASSING  shift 227
	PASSWORD  shift 228
	PATH  shift 229
	PERIOD  shift 230
	PLAN  shift 231
	PLANS  shift 232
	POLICY  shift 233
	POSITION  shift 397
	PRECEDING  shift 234
	PRECISION  shift 398
	PREPARE  shift 235
	PREPARED  shift 236
	PRESERVE  shift 237
	PRIOR  shift 238
	PRIVILEGES  shift 239
	PROCEDURAL  shift 240
	PROCEDURE  shift 241
	PROCEDURES  shift 242
	PROGRAM  shift 243
	PUBLICATION  shift 244
	QUOTE  shift 245
	QUOTES  shift 246
	RANGE  shift 247
	READ  shift 248
	REAL  shift 399
	REASSIGN  shift 249
	RECURSIVE  shift 250
	REF_P  shift 251
	REFERENCING  shift 252
	REFRESH  shift 253
	REINDEX  shift 254
	RELATIVE_P  shift 255
	RELEASE  shift 256
	RENAME  shift 257
	REPEATABLE  shift 258
	REPLACE  shift 259
	REPLICA  shift 260
	RESET  shift 261
	RESTART  shift 262
	RESTRICT  shift 263
	RETURN  shift 264
	RETURNS  shift 265
	REVOKE  shift 266
	ROLE  shift 267
	ROLLBACK  shift 268
	ROLLUP  shift 269
	ROUTINE  shift 270
	ROUTINES  shift 271
	ROW  shift 400
	ROWS  shift 272
	RULE  shift 273
	SAVEPOINT  shift 274
	SCALAR  shift 275
	SCHEMA  shift 276
	SCHEMAS  shift 277
	SCROLL  shift 278
	SEARCH  shift 279
	SECOND_P  shift 280
	SECURITY  shift 281
	SEQUENCE  shift 282
	SEQUENCES  shift 283
	SERIALIZABLE  shift 284
	SERVER  shift 285
	SESSION  shift 286
	SET  shift 287
	SETOF  shift 401
	SETS  shift 288
	SHARE  shift 289
	SHOW  shift 290
	SIMPLE  shift 291
	SKIP  shift 292
	SMALLINT  shift 402
	SNAPSHOT  shift 293
	SOURCE  shift 294
	SQL_P  shift 295
	STABLE  shift 296
	STANDALONE_P  shift 297
	START  shift 298
	STATEMENT  shift 299
	STATISTICS  shift 300
	STDIN  shift 301
	STDOUT  shift 302
	STORAGE  shift 303
	STORED  shift 304
	STRICT_P  shift 305
	STRING_P  shift 306
	STRIP_P  shift 307
	SUBSCRIPTION  shift 308
	SUBSTRING  shift 403
	SUPPORT  shift 309
	SYSID  shift 310
	SYSTEM_P  shift 311
	TABLES  shift 312
	TABLESPACE  shift 313
	TARGET  shift 314
	TEMP  shift 315
	TEMPLATE  shift 316
	TEMPORARY  shift 317
	TEXT_P  shift 318
	TIES  shift 319
	TIME  shift 404
	TIMESTAMP  shift 405
	TRANSACTION  shift 320
	TRANSFORM  shift 321
	TREAT  shift 406
	TRIGGER  shift 322
	TRIM  shift 407
	TRUE_P  shift 450
	TRUNCATE  shift 323
	TRUSTED  shift 324
	TYPE_P  shift 325
	TYPES_P  shift 326
	UESCAPE  shift 327
	UNBOUNDED  shift 328
	UNCOMMITTED  shift 329
	UNCONDITIONAL  shift 330
	UNENCRYPTED  shift 331
	UNKNOWN  shift 332
	UNLISTEN  shift 333
	UNLOGGED  shift 334
	UNTIL  shift 335
	UPDATE  shift 336
	VACUUM  shift 337
	VALID  shift 338
	VALIDATE  shift 339
	VALIDATOR  shift 340
	VALUE_P  shift 341
	VALUES  shift 408
	VARCHAR  shift 409
	VARYING  shift 342
	VERSION_P  shift 343
	VIEW  shift 344
	VIEWS  shift 345
	VIRTUAL  shift 346
	VOLATILE  shift 347
	WHITESPACE_P  shift 348
	WITHIN  shift 349
	WITHOUT  shift 350
	WORK  shift 351
	WRAPPER  shift 352
	WRITE  shift 353
	XML_P  shift 354
	XMLATTRIBUTES  shift 410
	XMLCONCAT  shift 411
	XMLELEMENT  shift 412
	XMLEXISTS  shift 413
	XMLFOREST  shift 414
	XMLNAMESPACES  shift 415
	XMLPARSE  shift 416
	XMLPI  shift 417
	XMLROOT  shift 418
	XMLSERIALIZE  shift 419
	XMLTABLE  shift 420
	YEAR_P  shift 355
	YES_P  shift 356
	ZONE  shift 357
	IDENT  shift 25
	FCONST  shift 448
	SCONST  shift 449
	ICONST  shift 447
	PARAM  shift 453
	'+'  shift 445
	'-'  shift 444
	'('  shift 446
	.  reduce 705 (src line 1896)

	unreserved_keyword  goto 26
	col_name_keyword  goto 27
	qualified_name  goto 454
	a_expr  goto 535
	c_expr  goto 442
	ColId  goto 24

state 548
	a_expr:  a_expr OR.a_expr 
	bare_label_keyword:  OR.    (961)

	ABORT_P  shift 28
	ABSENT  shift 29
	ABSOLUTE_P  shift 30
	ACCESS  shift 31
	ACTION  shift 32
	ADD_P  shift 33
	ADMIN  shift 34
	AFTER  shift 35
	AGGREGATE  shift 36
	ALSO  shift 37
	ALTER  shift 38
	ALWAYS  shift 39
	ASENSITIVE  shift 40
	ASSERTION  shift 41
	ASSIGNMENT  shift 42
	AT  shift 43
	ATOMIC  shift 44
	ATTACH  shift 45
	ATTRIBUTE  shift 46
	BACKWARD  shift 47
	BEFORE  shift 48
	BEGIN_P  shift 49
	BETWEEN  shift 358
	BIGINT  shift 359
	BIT  shift 360
	BOOLEAN_P  shift 361
	BREADTH  shift 50
	BY  shift 51
	CACHE  shift 52
	CALL  shift 53
	CALLED  shift 54
	CASCADE  shift 55
	CASCADED  shift 56
	CATALOG_P  shift 57
	CHAIN  shift 58
	CHAR_P  shift 362
	CHARACTER  shift 363
	CHARACTERISTICS  shift 59
	CHECKPOINT  shift 60
	CLASS  shift 61
	CLOSE  shift 62
	CLUSTER  shift 63
	COALESCE  shift 364
	COLUMNS  shift 64
	COMMENT  shift 65
	COMMENTS  shift 66
	COMMIT  shift 67
	COMMITTED  shift 68
	COMPRESSION  shift 69
	CONDITIONAL  shift 70
	CONFIGURATION  shift 71
	CONFLICT  shift 72
	CONNECTION  shift 73
	CONSTRAINTS  shift 74
	CONTENT_P  shift 75
	CONTINUE_P  shift 76
	CONVERSION_P  shift 77
	COPY  shift 78
	COST  shift 79
	CSV  shift 80
	CUBE  shift 81
	CURRENT_P  shift 82
	CURSOR  shift 83
	CYCLE  shift 84
	DATA_P  shift 85
	DATABASE  shift 86
	DAY_P  shift 87
	DEALLOCATE  shift 88
	DEC  shift 365
	DECIMAL_P  shift 366
	DECLARE  shift 89
	DEFAULTS  shift 90
	DEFERRED  shift 91
	DEFINER  shift 92
	DELETE_P  shift 93
	DELIMITER  shift 94
	DELIMITERS  shift 95
	DEPENDS  shift 96
	DEPTH  shift 97
	DETACH  shift 98
	DICTIONARY  shift 99
	DISABLE_P  shift 100
	DISCARD  shift 101
	DOCUMENT_P  shift 102
	DOMAIN_P  shift 103
	DOUBLE_P  shift 104
	DROP  shift 105
	EACH  shift 106
	EMPTY_P  shift 107
	ENABLE_P  shift 108
	ENCODING  shift 109
	ENCRYPTED  shift 110
	ENFORCED  shift 111
	ENUM_P  shift 112
	ERROR_P  shift 113
	ESCAPE  shift 114
	EVENT  shift 115
	EXCLUDE  shift 116
	EXCLUDING  shift 117
	EXCLUSIVE  shift 118
	EXECUTE  shift 119
	EXISTS  shift 367
	EXPLAIN  shift 120
	EXPRESSION  shift 121
	EXTENSION  shift 122
	EXTERNAL  shift 123
	EXTRACT  shift 368
	FALSE_P  shift 451
	FAMILY  shift 124
	FILTER  shift 125
	FINALIZE  shift 126
	FIRST_P  shift 127
	FLOAT_P  shift 369
	FOLLOWING  shift 128
	FORCE  shift 129
	FORMAT  shift 130
	FORWARD  shift 131
	FUNCTION  shift 132
	FUNCTIONS  shift 133
	GENERATED  shift 134
	GLOBAL  shift 135
	GRANTED  shift 136
	GREATEST  shift 370
	GROUPING  shift 371
	GROUPS  shift 137
	HANDLER  shift 138
	HEADER_P  shift 139
	HOLD  shift 140
	HOUR_P  shift 141
	IDENTITY_P  shift 142
	IF_P  shift 143
	IMMEDIATE  shift 144
	IMMUTABLE  shift 145
	IMPLICIT_P  shift 146
	IMPORT_P  shift 147
	INCLUDE  shift 148
	INCLUDING  shift 149
	INCREMENT  shift 150
	INDENT  shift 151
	INDEX  shift 152
	INDEXES  shift 153
	INHERIT  shift 154
	INHERITS  shift 155
	INLINE_P  shift 156
	INOUT  shift 372
	INPUT_P  shift 157
	INSENSITIVE  shift 158
	INSERT  shift 159
	INSTEAD  shift 160
	INT_P  shift 373
	INTEGER  shift 374
	INTERVAL  shift 375
	INVOKER  shift 161
	ISOLATION  shift 162
	JSON  shift 376
	JSON_ARRAY  shift 377
	JSON_ARRAYAGG  shift 378
	JSON_EXISTS  shift 379
	JSON_OBJECT  shift 380
	JSON_OBJECTAGG  shift 381
	JSON_QUERY  shift 382
	JSON_SCALAR  shift 383
	JSON_SERIALIZE  shift 384
	JSON_TABLE  shift 385
	JSON_VALUE  shift 386
	KEEP  shift 163
	KEY  shift 164
	KEYS  shift 165
	LABEL  shift 166
	LANGUAGE  shift 167
	LARGE_P  shift 168
	LAST_P  shift 169
	LEAKPROOF  shift 170
	LEAST  shift 387
	LEVEL  shift 171
	LISTEN  shift 172
	LOAD  shift 173
	LOCAL  shift 174
	LOCATION  shift 175
	LOCK_P  shift 176
	LOCKED  shift 177
	LOGGED  shift 178
	MAPPING  shift 179
	MATCH  shift 180
	MATCHED  shift 181
	MATERIALIZED  shift 182
	MAXVALUE  shift 183
	MERGE  shift 184
	MERGE_ACTION  shift 388
	METHOD  shift 185
	MINUTE_P  shift 186
	MINVALUE  shift 187
	MODE  shift 188
	MONTH_P  shift 189
	MOVE  shift 190
	NAME_P  shift 191
	NAMES  shift 192
	NATIONAL  shift 389
	NCHAR  shift 390
	NESTED  shift 193
	NEW  shift 194
	NEXT  shift 195
	NFC  shift 196
	NFD  shift 197
	NFKC  shift 198
	NFKD  shift 199
	NO  shift 200
	NONE  shift 391
	NORMALIZE  shift 392
	NORMALIZED  shift 201
	NOT  shift 443
	NOTHING  shift 202
	NOTIFY  shift 203
	NOWAIT  shift 204
	NULL_P  shift 452
	NULLIF  shift 393
	NULLS_P  shift 205
	NUMERIC  shift 394
	OBJECT_P  shift 206
	OBJECTS_P  shift 207
	OF  shift 208
	OFF  shift 209
	OIDS  shift 210
	OLD  shift 211
	OMIT  shift 212
	OPERATOR  shift 213
	OPTION  shift 214
	OPTIONS  shift 215
	ORDINALITY  shift 216
	OTHERS  shift 217
	OUT_P  shift 395
	OVER  shift 218
	OVERLAY  shift 396
	OVERRIDING  shift 219
	OWNED  shift 220
	OWNER  shift 221
	PARALLEL  shift 222
	PARAMETER  shift 223
	PARSER  shift 224
	PARTIAL  shift 225
	PARTITION  shift 226
	PASSING  shift 227
	PASSWORD  shift 228
	PATH  shift 229
	PERIOD  shift 230
	PLAN  shift 231
	PLANS  shift 232
	POLICY  shift 233
	POSITION  shift 397
	PRECEDING  shift 234
	PRECISION  shift 398
	PREPARE  shift 235
	PREPARED  shift 236
	PRESERVE  shift 237
	PRIOR  shift 238
	PRIVILEGES  shift 239
	PROCEDURAL  shift 240
	PROCEDURE  shift 241
	PROCEDURES  shift 242
	PROGRAM  shift 243
	PUBLICATION  shift 244
	QUOTE  shift 245
	QUOTES  shift 246
	RANGE  shift 247
	READ  shift 248
	REAL  shift 399
	REASSIGN  shift 249
	RECURSIVE  shift 250
	REF_P  shift 251
	REFERENCING  shift 252
	REFRESH  shift 253
	REINDEX  shift 254
	RELATIVE_P  shift 255
	RELEASE  shift 256
	RENAME  shift 257
	REPEATABLE  shift 258
	REPLACE  shift 259
	REPLICA  shift 260
	RESET  shift 261
	RESTART  shift 262
	RESTRICT  shift 263
	RETURN  shift 264
	RETURNS  shift 265
	REVOKE  shift 266
	ROLE  shift 267
	ROLLBACK  shift 268
	ROLLUP  shift 269
	ROUTINE  shift 270
	ROUTINES  shift 271
	ROW  shift 400
	ROWS  shift 272
	RULE  shift 273
	SAVEPOINT  shift 274
	SCALAR  shift 275
	SCHEMA  shift 276
	SCHEMAS  shift 277
	SCROLL  shift 278
	SEARCH  shift 279
	SECOND_P  shift 280
	SECURITY  shift 281
	SEQUENCE  shift 282
	SEQUENCES  shift 283
	SERIALIZABLE  shift 284
	SERVER  shift 285
	SESSION  shift 286
	SET  shift 287
	SETOF  shift 401
	SETS  shift 288
	SHARE  shift 289
	SHOW  shift 290
	SIMPLE  shift 291
	SKIP  shift 292
	SMALLINT  shift 402
	SNAPSHOT  shift 293
	SOURCE  shift 294
	SQL_P  shift 295
	STABLE  shift 296
	STANDALONE_P  shift 297
	START  shift 298
	STATEMENT  shift 299
	STATISTICS  shift 300
	STDIN  shift 301
	STDOUT  shift 302
	STORAGE  shift 303
	STORED  shift 304
	STRICT_P  shift 305
	STRING_P  shift 306
	STRIP_P  shift 307
	SUBSCRIPTION  shift 308
	SUBSTRING  shift 403
	SUPPORT  shift 309
	SYSID  shift 310
	SYSTEM_P  shift 311
	TABLES  shift 312
	TABLESPACE  shift 313
	TARGET  shift 314
	TEMP  shift 315
	TEMPLATE  shift 316
	TEMPORARY  shift 317
	TEXT_P  shift 318
	TIES  shift 319
	TIME  shift 404
	TIMESTAMP  shift 405
	TRANSACTION  shift 320
	TRANSFORM  shift 321
	TREAT  shift 406
	TRIGGER  shift 322
	TRIM  shift 407
	TRUE_P  shift 450
	TRUNCATE  shift 323
	TRUSTED  shift 324
	TYPE_P  shift 325
	TYPES_P  shift 326
	UESCAPE  shift 327
	UNBOUNDED  shift 328
	UNCOMMITTED  shift 329
	UNCONDITIONAL  shift 330
	UNENCRYPTED  shift 331
	UNKNOWN  shift 332
	UNLISTEN  shift 333
	UNLOGGED  shift 334
	UNTIL  shift 335
	UPDATE  shift 336
	VACUUM  shift 337
	VALID  shift 338
	VALIDATE  shift 339
	VALIDATOR  shift 340
	VALUE_P  shift 341
	VALUES  shift 408
	VARCHAR  shift 409
	VARYING  shift 342
	VERSION_P  shift 343
	VIEW  shift 344
	VIEWS  shift 345
	VIRTUAL  shift 346
	VOLATILE  shift 347
	WHITESPACE_P  shift 348
	WITHIN  shift 349
	WITHOUT  shift 350
	WORK  shift 351
	WRAPPER  shift 352
	WRITE  shift 353
	XML_P  shift 354
	XMLATTRIBUTES  shift 410
	XMLCONCAT  shift 411
	XMLELEMENT  shift 412
	XMLEXISTS  shift 413
	XMLFOREST  shift 414
	XMLNAMESPACES  shift 415
	XMLPARSE  shift 416
	XMLPI  shift 417
	XMLROOT  shift 418
	XMLSERIALIZE  shift 419
	XMLTABLE  shift 420
	YEAR_P  shift 355
	YES_P  shift 356
	ZONE  shift 357
	IDENT  shift 25
	FCONST  shift 448
	SCONST  shift 449
	ICONST  shift 447
	PARAM  shift 453
	'+'  shift 445
	'-'  shift 444
	'('  shift 446
	.  reduce 961 (src line 2152)

	unreserved_keyword  goto 26
	col_name_keyword  goto 27
	qualified_name  goto 454
	a_expr  goto 536
	c_expr  goto 442
	ColId  goto 24

state 549
	BareColLabel:  IDENT.    (194)

	.  reduce 194 (src line 1362)


state 550
	BareColLabel:  bare_label_keyword.    (195)

	.  reduce 195 (src line 1367)


state 551
	bare_label_keyword:  ABORT_P.    (690)

	.  reduce 690 (src line 1880)


state 552
	bare_label_keyword:  ABSENT.    (691)

	.  reduce 691 (src line 1882)


state 553
	bare_label_keyword:  ABSOLUTE_P.    (692)

	.  reduce 692 (src line 1883)


state 554
	bare_label_keyword:  ACCESS.    (693)

	.  reduce 693 (src line 1884)


state 555
	bare_label_keyword:  ACTION.    (694)

	.  reduce 694 (src line 1885)


state 556
	bare_label_keyword:  ADD_P.    (695)

	.  reduce 695 (src line 1886)


state 557
	bare_label_keyword:  ADMIN.    (696)

	.  reduce 696 (src line 1887)


state 558
	bare_label_keyword:  AFTER.    (697)

	.  reduce 697 (src line 1888)


state 559
	bare_label_keyword:  AGGREGATE.    (698)

	.  reduce 698 (src line 1889)


state 560
	bare_label_keyword:  ALL.    (699)

	.  reduce 699 (src line 1890)


state 561
	bare_label_keyword:  ALSO.    (700)

	.  reduce 700 (src line 1891)


state 562
	bare_label_keyword:  ALTER.    (701)

	.  reduce 701 (src line 1892)


state 563
	bare_label_keyword:  ALWAYS.    (702)

	.  reduce 702 (src line 1893)


state 564
	bare_label_keyword:  ANALYSE.    (703)

	.  reduce 703 (src line 1894)


state 565
	bare_label_keyword:  ANALYZE.    (704)

	.  reduce 704 (src line 1895)


state 566
	bare_label_keyword:  ANY.    (706)

	.  reduce 706 (src line 1897)


state 567
	bare_label_keyword:  ASC.    (707)

	.  reduce 707 (src line 1898)


state 568
	bare_label_keyword:  ASENSITIVE.    (708)

	.  reduce 708 (src line 1899)


state 569
	bare_label_keyword:  ASSERTION.    (709)

	.  reduce 709 (src line 1900)


state 570
	bare_label_keyword:  ASSIGNMENT.    (710)

	.  reduce 710 (src line 1901)


state 571
	bare_label_keyword:  ASYMMETRIC.    (711)

	.  reduce 711 (src line 1902)


state 572
	bare_label_keyword:  AT.    (712)

	.  reduce 712 (src line 1903)


state 573
	bare_label_keyword:  ATOMIC.    (713)

	.  reduce 713 (src line 1904)


state 574
	bare_label_keyword:  ATTACH.    (714)

	.  reduce 714 (src line 1905)


state 575
	bare_label_keyword:  ATTRIBUTE.    (715)

	.  reduce 715 (src line 1906)


state 576
	bare_label_keyword:  AUTHORIZATION.    (716)

	.  reduce 716 (src line 1907)


state 577
	bare_label_keyword:  BACKWARD.    (717)

	.  reduce 717 (src line 1908)


state 578
	bare_label_keyword:  BEFORE.    (718)

	.  reduce 718 (src line 1909)


state 579
	bare_label_keyword:  BEGIN_P.    (719)

	.  reduce 719 (src line 1910)


state 580
	bare_label_keyword:  BETWEEN.    (720)

	.  reduce 720 (src line 1911)


state 581
	bare_label_keyword:  BIGINT.    (721)

	.  reduce 721 (src line 1912)


state 582
	bare_label_keyword:  BINARY.    (722)

	.  reduce 722 (src line 1913)


state 583
	bare_label_keyword:  BIT.    (723)

	.  reduce 723 (src line 1914)


state 584
	bare_label_keyword:  BOOLEAN_P.    (724)

	.  reduce 724 (src line 1915)


state 585
	bare_label_keyword:  BOTH.    (725)

	.  reduce 725 (src line 1916)


state 586
	bare_label_keyword:  BREADTH.    (726)

	.  reduce 726 (src line 1917)


state 587
	bare_label_keyword:  BY.    (727)

	.  reduce 727 (src line 1918)


state 588
	bare_label_keyword:  CACHE.    (728)

	.  reduce 728 (src line 1919)


state 589
	bare_label_keyword:  CALL.    (729)

	.  reduce 729 (src line 1920)


state 590
	bare_label_keyword:  CALLED.    (730)

	.  reduce 730 (src line 1921)


state 591
	bare_label_keyword:  CASCADE.    (731)

	.  reduce 731 (src line 1922)


state 592
	bare_label_keyword:  CASCADED.    (732)

	.  reduce 732 (src line 1923)


state 593
	bare_label_keyword:  CASE.    (733)

	.  reduce 733 (src line 1924)


state 594
	bare_label_keyword:  CAST.    (734)

	.  reduce 734 (src line 1925)


state 595
	bare_label_keyword:  CATALOG_P.    (735)

	.  reduce 735 (src line 1926)


state 596
	bare_label_keyword:  CHAIN.    (736)

	.  reduce 736 (src line 1927)


state 597
	bare_label_keyword:  CHARACTERISTICS.    (737)

	.  reduce 737 (src line 1928)


state 598
	bare_label_keyword:  CHECK.    (738)

	.  reduce 738 (src line 1929)


state 599
	bare_label_keyword:  CHECKPOINT.    (739)

	.  reduce 739 (src line 1930)


state 600
	bare_label_keyword:  CLASS.    (740)

	.  reduce 740 (src line 1931)


state 601
	bare_label_keyword:  CLOSE.    (741)

	.  reduce 741 (src line 1932)


state 602
	bare_label_keyword:  CLUSTER.    (742)

	.  reduce 742 (src line 1933)


state 603
	bare_label_keyword:  COALESCE.    (743)

	.  reduce 743 (src line 1934)


state 604
	bare_label_keyword:  COLLATE.    (744)

	.  reduce 744 (src line 1935)


state 605
	bare_label_keyword:  COLLATION.    (745)

	.  reduce 745 (src line 1936)


state 606
	bare_label_keyword:  COLUMN.    (746)

	.  reduce 746 (src line 1937)


state 607
	bare_label_keyword:  COLUMNS.    (747)

	.  reduce 747 (src line 1938)


state 608
	bare_label_keyword:  COMMENT.    (748)

	.  reduce 748 (src line 1939)


state 609
	bare_label_keyword:  COMMENTS.    (749)

	.  reduce 749 (src line 1940)


state 610
	bare_label_keyword:  COMMIT.    (750)

	.  reduce 750 (src line 1941)


state 611
	bare_label_keyword:  COMMITTED.    (751)

	.  reduce 751 (src line 1942)


state 612
	bare_label_keyword:  COMPRESSION.    (752)

	.  reduce 752 (src line 1943)


state 613
	bare_label_keyword:  CONCURRENTLY.    (753)

	.  reduce 753 (src line 1944)


state 614
	bare_label_keyword:  CONDITIONAL.    (754)

	.  reduce 754 (src line 1945)


state 615
	bare_label_keyword:  CONFIGURATION.    (755)

	.  reduce 755 (src line 1946)


state 616
	bare_label_keyword:  CONFLICT.    (756)

	.  reduce 756 (src line 1947)


state 617
	bare_label_keyword:  CONNECTION.    (757)

	.  reduce 757 (src line 1948)


state 618
	bare_label_keyword:  CONSTRAINT.    (758)

	.  reduce 758 (src line 1949)


state 619
	bare_label_keyword:  CONSTRAINTS.    (759)

	.  reduce 759 (src line 1950)


state 620
	bare_label_keyword:  CONTENT_P.    (760)

	.  reduce 760 (src line 1951)


state 621
	bare_label_keyword:  CONTINUE_P.    (761)

	.  reduce 761 (src line 1952)


state 622
	bare_label_keyword:  CONVERSION_P.    (762)

	.  reduce 762 (src line 1953)


state 623
	bare_label_keyword:  COPY.    (763)

	.  reduce 763 (src line 1954)


state 624
	bare_label_keyword:  COST.    (764)

	.  reduce 764 (src line 1955)


state 625
	bare_label_keyword:  CROSS.    (765)

	.  reduce 765 (src line 1956)


state 626
	bare_label_keyword:  CSV.    (766)

	.  reduce 766 (src line 1957)


state 627
	bare_label_keyword:  CUBE.    (767)

	.  reduce 767 (src line 1958)


state 628
	bare_label_keyword:  CURRENT_P.    (768)

	.  reduce 768 (src line 1959)


state 629
	bare_label_keyword:  CURRENT_CATALOG.    (769)

	.  reduce 769 (src line 1960)


state 630
	bare_label_keyword:  CURRENT_DATE.    (770)

	.  reduce 770 (src line 1961)


state 631
	bare_label_keyword:  CURRENT_ROLE.    (771)

	.  reduce 771 (src line 1962)


state 632
	bare_label_keyword:  CURRENT_SCHEMA.    (772)

	.  reduce 772 (src line 1963)


state 633
	bare_label_keyword:  CURRENT_TIME.    (773)

	.  reduce 773 (src line 1964)


state 634
	bare_label_keyword:  CURRENT_TIMESTAMP.    (774)

	.  reduce 774 (src line 1965)


state 635
	bare_label_keyword:  CURRENT_USER.    (775)

	.  reduce 775 (src line 1966)


state 636
	bare_label_keyword:  CURSOR.    (776)

	.  reduce 776 (src line 1967)


state 637
	bare_label_keyword:  CYCLE.    (777)

	.  reduce 777 (src line 1968)


state 638
	bare_label_keyword:  DATA_P.    (778)

	.  reduce 778 (src line 1969)


state 639
	bare_label_keyword:  DATABASE.    (779)

	.  reduce 779 (src line 1970)


state 640
	bare_label_keyword:  DEALLOCATE.    (780)

	.  reduce 780 (src line 1971)


state 641
	bare_label_keyword:  DEC.    (781)

	.  reduce 781 (src line 1972)


state 642
	bare_label_keyword:  DECIMAL_P.    (782)

	.  reduce 782 (src line 1973)


state 643
	bare_label_keyword:  DECLARE.    (783)

	.  reduce 783 (src line 1974)


state 644
	bare_label_keyword:  DEFAULT.    (784)

	.  reduce 784 (src line 1975)


state 645
	bare_label_keyword:  DEFAULTS.    (785)

	.  reduce 785 (src line 1976)


state 646
	bare_label_keyword:  DEFERRABLE.    (786)

	.  reduce 786 (src line 1977)


state 647
	bare_label_keyword:  DEFERRED.    (787)

	.  reduce 787 (src line 1978)


state 648
	bare_label_keyword:  DEFINER.    (788)

	.  reduce 788 (src line 1979)


state 649
	bare_label_keyword:  DELETE_P.    (789)

	.  reduce 789 (src line 1980)


state 650
	bare_label_keyword:  DELIMITER.    (790)

	.  reduce 790 (src line 1981)


state 651
	bare_label_keyword:  DELIMITERS.    (791)

	.  reduce 791 (src line 1982)


state 652
	bare_label_keyword:  DEPENDS.    (792)

	.  reduce 792 (src line 1983)


state 653
	bare_label_keyword:  DEPTH.    (793)

	.  reduce 793 (src line 1984)


state 654
	bare_label_keyword:  DESC.    (794)

	.  reduce 794 (src line 1985)


state 655
	bare_label_keyword:  DETACH.    (795)

	.  reduce 795 (src line 1986)


state 656
	bare_label_keyword:  DICTIONARY.    (796)

	.  reduce 796 (src line 1987)


state 657
	bare_label_keyword:  DISABLE_P.    (797)

	.  reduce 797 (src line 1988)


state 658
	bare_label_keyword:  DISCARD.    (798)

	.  reduce 798 (src line 1989)


state 659
	bare_label_keyword:  DISTINCT.    (799)

	.  reduce 799 (src line 1990)


state 660
	bare_label_keyword:  DO.    (800)

	.  reduce 800 (src line 1991)


state 661
	bare_label_keyword:  DOCUMENT_P.    (801)

	.  reduce 801 (src line 1992)


state 662
	bare_label_keyword:  DOMAIN_P.    (802)

	.  reduce 802 (src line 1993)


state 663
	bare_label_keyword:  DOUBLE_P.    (803)

	.  reduce 803 (src line 1994)


state 664
	bare_label_keyword:  DROP.    (804)

	.  reduce 804 (src line 1995)


state 665
	bare_label_keyword:  EACH.    (805)

	.  reduce 805 (src line 1996)


state 666
	bare_label_keyword:  ELSE.    (806)

	.  reduce 806 (src line 1997)


state 667
	bare_label_keyword:  EMPTY_P.    (807)

	.  reduce 807 (src line 1998)


state 668
	bare_label_keyword:  ENABLE_P.    (808)

	.  reduce 808 (src line 1999)


state 669
	bare_label_keyword:  ENCODING.    (809)

	.  reduce 809 (src line 2000)


state 670
	bare_label_keyword:  ENCRYPTED.    (810)

	.  reduce 810 (src line 2001)


state 671
	bare_label_keyword:  END_P.    (811)

	.  reduce 811 (src line 2002)


state 672
	bare_label_keyword:  ENFORCED.    (812)

	.  reduce 812 (src line 2003)


state 673
	bare_label_keyword:  ENUM_P.    (813)

	.  reduce 813 (src line 2004)


state 674
	bare_label_keyword:  ERROR_P.    (814)

	.  reduce 814 (src line 2005)


state 675
	bare_label_keyword:  ESCAPE.    (815)

	.  reduce 815 (src line 2006)


state 676
	bare_label_keyword:  EVENT.    (816)

	.  reduce 816 (src line 2007)


state 677
	bare_label_keyword:  EXCLUDE.    (817)

	.  reduce 817 (src line 2008)


state 678
	bare_label_keyword:  EXCLUDING.    (818)

	.  reduce 818 (src line 2009)


state 679
	bare_label_keyword:  EXCLUSIVE.    (819)

	.  reduce 819 (src line 2010)


state 680
	bare_label_keyword:  EXECUTE.    (820)

	.  reduce 820 (src line 2011)


state 681
	bare_label_keyword:  EXISTS.    (821)

	.  reduce 821 (src line 2012)


state 682
	bare_label_keyword:  EXPLAIN.    (822)

	.  reduce 822 (src line 2013)


state 683
	bare_label_keyword:  EXPRESSION.    (823)

	.  reduce 823 (src line 2014)


state 684
	bare_label_keyword:  EXTENSION.    (824)

	.  reduce 824 (src line 2015)


state 685
	bare_label_keyword:  EXTERNAL.    (825)

	.  reduce 825 (src line 2016)


state 686
	bare_label_keyword:  EXTRACT.    (826)

	.  reduce 826 (src line 2017)


state 687
	bare_label_keyword:  FALSE_P.    (827)

	.  reduce 827 (src line 2018)


state 688
	bare_label_keyword:  FAMILY.    (828)

	.  reduce 828 (src line 2019)


state 689
	bare_label_keyword:  FINALIZE.    (829)

	.  reduce 829 (src line 2020)


state 690
	bare_label_keyword:  FIRST_P.    (830)

	.  reduce 830 (src line 2021)


state 691
	bare_label_keyword:  FLOAT_P.    (831)

	.  reduce 831 (src line 2022)


state 692
	bare_label_keyword:  FOLLOWING.    (832)

	.  reduce 832 (src line 2023)


state 693
	bare_label_keyword:  FORCE.    (833)

	.  reduce 833 (src line 2024)


state 694
	bare_label_keyword:  FOREIGN.    (834)

	.  reduce 834 (src line 2025)


state 695
	bare_label_keyword:  FORMAT.    (835)

	.  reduce 835 (src line 2026)


state 696
	bare_label_keyword:  FORWARD.    (836)

	.  reduce 836 (src line 2027)


state 697
	bare_label_keyword:  FREEZE.    (837)

	.  reduce 837 (src line 2028)


state 698
	bare_label_keyword:  FULL.    (838)

	.  reduce 838 (src line 2029)


state 699
	bare_label_keyword:  FUNCTION.    (839)

	.  reduce 839 (src line 2030)


state 700
	bare_label_keyword:  FUNCTIONS.    (840)

	.  reduce 840 (src line 2031)


state 701
	bare_label_keyword:  GENERATED.    (841)

	.  reduce 841 (src line 2032)


state 702
	bare_label_keyword:  GLOBAL.    (842)

	.  reduce 842 (src line 2033)


state 703
	bare_label_keyword:  GRANTED.    (843)

	.  reduce 843 (src line 2034)


state 704
	bare_label_keyword:  GREATEST.    (844)

	.  reduce 844 (src line 2035)


state 705
	bare_label_keyword:  GROUPING.    (845)

	.  reduce 845 (src line 2036)


state 706
	bare_label_keyword:  GROUPS.    (846)

	.  reduce 846 (src line 2037)


state 707
	bare_label_keyword:  HANDLER.    (847)

	.  reduce 847 (src line 2038)


state 708
	bare_label_keyword:  HEADER_P.    (848)

	.  reduce 848 (src line 2039)


state 709
	bare_label_keyword:  HOLD.    (849)

	.  reduce 849 (src line 2040)


state 710
	bare_label_keyword:  IDENTITY_P.    (850)

	.  reduce 850 (src line 2041)


state 711
	bare_label_keyword:  IF_P.    (851)

	.  reduce 851 (src line 2042)


state 712
	bare_label_keyword:  ILIKE.    (852)

	.  reduce 852 (src line 2043)


state 713
	bare_label_keyword:  IMMEDIATE.    (853)

	.  reduce 853 (src line 2044)


state 714
	bare_label_keyword:  IMMUTABLE.    (854)

	.  reduce 854 (src line 2045)


state 715
	bare_label_keyword:  IMPLICIT_P.    (855)

	.  reduce 855 (src line 2046)


state 716
	bare_label_keyword:  IMPORT_P.    (856)

	.  reduce 856 (src line 2047)


state 717
	bare_label_keyword:  IN_P.    (857)

	.  reduce 857 (src line 2048)


state 718
	bare_label_keyword:  INCLUDE.    (858)

	.  reduce 858 (src line 2049)


state 719
	bare_label_keyword:  INCLUDING.    (859)

	.  reduce 859 (src line 2050)


state 720
	bare_label_keyword:  INCREMENT.    (860)

	.  reduce 860 (src line 2051)


state 721
	bare_label_keyword:  INDENT.    (861)

	.  reduce 861 (src line 2052)


state 722
	bare_label_keyword:  INDEX.    (862)

	.  reduce 862 (src line 2053)


state 723
	bare_label_keyword:  INDEXES.    (863)

	.  reduce 863 (src line 2054)


state 724
	bare_label_keyword:  INHERIT.    (864)

	.  reduce 864 (src line 2055)


state 725
	bare_label_keyword:  INHERITS.    (865)

	.  reduce 865 (src line 2056)


state 726
	bare_label_keyword:  INITIALLY.    (866)

	.  reduce 866 (src line 2057)


state 727
	bare_label_keyword:  INLINE_P.    (867)

	.  reduce 867 (src line 2058)


state 728
	bare_label_keyword:  INNER_P.    (868)

	.  reduce 868 (src line 2059)


state 729
	bare_label_keyword:  INOUT.    (869)

	.  reduce 869 (src line 2060)


state 730
	bare_label_keyword:  INPUT_P.    (870)

	.  reduce 870 (src line 2061)


state 731
	bare_label_keyword:  INSENSITIVE.    (871)

	.  reduce 871 (src line 2062)


state 732
	bare_label_keyword:  INSERT.    (872)

	.  reduce 872 (src line 2063)


state 733
	bare_label_keyword:  INSTEAD.    (873)

	.  reduce 873 (src line 2064)


state 734
	bare_label_keyword:  INT_P.    (874)

	.  reduce 874 (src line 2065)


state 735
	bare_label_keyword:  INTEGER.    (875)

	.  reduce 875 (src line 2066)


state 736
	bare_label_keyword:  INTERVAL.    (876)

	.  reduce 876 (src line 2067)


state 737
	bare_label_keyword:  INVOKER.    (877)

	.  reduce 877 (src line 2068)


state 738
	bare_label_keyword:  IS.    (878)

	.  reduce 878 (src line 2069)


state 739
	bare_label_keyword:  ISOLATION.    (879)

	.  reduce 879 (src line 2070)


state 740
	bare_label_keyword:  JOIN.    (880)

	.  reduce 880 (src line 2071)


state 741
	bare_label_keyword:  JSON.    (881)

	.  reduce 881 (src line 2072)


state 742
	bare_label_keyword:  JSON_ARRAY.    (882)

	.  reduce 882 (src line 2073)


state 743
	bare_label_keyword:  JSON_ARRAYAGG.    (883)

	.  reduce 883 (src line 2074)


state 744
	bare_label_keyword:  JSON_EXISTS.    (884)

	.  reduce 884 (src line 2075)


state 745
	bare_label_keyword:  JSON_OBJECT.    (885)

	.  reduce 885 (src line 2076)


state 746
	bare_label_keyword:  JSON_OBJECTAGG.    (886)

	.  reduce 886 (src line 2077)


state 747
	bare_label_keyword:  JSON_QUERY.    (887)

	.  reduce 887 (src line 2078)


state 748
	bare_label_keyword:  JSON_SCALAR.    (888)

	.  reduce 888 (src line 2079)


state 749
	bare_label_keyword:  JSON_SERIALIZE.    (889)

	.  reduce 889 (src line 2080)


state 750
	bare_label_keyword:  JSON_TABLE.    (890)

	.  reduce 890 (src line 2081)


state 751
	bare_label_keyword:  JSON_VALUE.    (891)

	.  reduce 891 (src line 2082)


state 752
	bare_label_keyword:  KEEP.    (892)

	.  reduce 892 (src line 2083)


state 753
	bare_label_keyword:  KEY.    (893)

	.  reduce 893 (src line 2084)


state 754
	bare_label_keyword:  KEYS.    (894)

	.  reduce 894 (src line 2085)


state 755
	bare_label_keyword:  LABEL.    (895)

	.  reduce 895 (src line 2086)


state 756
	bare_label_keyword:  LANGUAGE.    (896)

	.  reduce 896 (src line 2087)


state 757
	bare_label_keyword:  LARGE_P.    (897)

	.  reduce 897 (src line 2088)


state 758
	bare_label_keyword:  LAST_P.    (898)

	.  reduce 898 (src line 2089)


state 759
	bare_label_keyword:  LATERAL_P.    (899)

	.  reduce 899 (src line 2090)


state 760
	bare_label_keyword:  LEADING.    (900)

	.  reduce 900 (src line 2091)


state 761
	bare_label_keyword:  LEAKPROOF.    (901)

	.  reduce 901 (src line 2092)


state 762
	bare_label_keyword:  LEAST.    (902)

	.  reduce 902 (src line 2093)


state 763
	bare_label_keyword:  LEFT.    (903)

	.  reduce 903 (src line 2094)


state 764
	bare_label_keyword:  LEVEL.    (904)

	.  reduce 904 (src line 2095)


state 765
	bare_label_keyword:  LIKE.    (905)

	.  reduce 905 (src line 2096)


state 766
	bare_label_keyword:  LISTEN.    (906)

	.  reduce 906 (src line 2097)


state 767
	bare_label_keyword:  LOAD.    (907)

	.  reduce 907 (src line 2098)


state 768
	bare_label_keyword:  LOCAL.    (908)

	.  reduce 908 (src line 2099)


state 769
	bare_label_keyword:  LOCALTIME.    (909)

	.  reduce 909 (src line 2100)


state 770
	bare_label_keyword:  LOCALTIMESTAMP.    (910)

	.  reduce 910 (src line 2101)


state 771
	bare_label_keyword:  LOCATION.    (911)

	.  reduce 911 (src line 2102)


state 772
	bare_label_keyword:  LOCK_P.    (912)

	.  reduce 912 (src line 2103)


state 773
	bare_label_keyword:  LOCKED.    (913)

	.  reduce 913 (src line 2104)


state 774
	bare_label_keyword:  LOGGED.    (914)

	.  reduce 914 (src line 2105)


state 775
	bare_label_keyword:  MAPPING.    (915)

	.  reduce 915 (src line 2106)


state 776
	bare_label_keyword:  MATCH.    (916)

	.  reduce 916 (src line 2107)


state 777
	bare_label_keyword:  MATCHED.    (917)

	.  reduce 917 (src line 2108)


state 778
	bare_label_keyword:  MATERIALIZED.    (918)

	.  reduce 918 (src line 2109)


state 779
	bare_label_keyword:  MAXVALUE.    (919)

	.  reduce 919 (src line 2110)


state 780
	bare_label_keyword:  MERGE.    (920)

	.  reduce 920 (src line 2111)


state 781
	bare_label_keyword:  MERGE_ACTION.    (921)

	.  reduce 921 (src line 2112)


state 782
	bare_label_keyword:  METHOD.    (922)

	.  reduce 922 (src line 2113)


state 783
	bare_label_keyword:  MINVALUE.    (923)

	.  reduce 923 (src line 2114)


state 784
	bare_label_keyword:  MODE.    (924)

	.  reduce 924 (src line 2115)


state 785
	bare_label_keyword:  MOVE.    (925)

	.  reduce 925 (src line 2116)


state 786
	bare_label_keyword:  NAME_P.    (926)

	.  reduce 926 (src line 2117)


state 787
	bare_label_keyword:  NAMES.    (927)

	.  reduce 927 (src line 2118)


state 788
	bare_label_keyword:  NATIONAL.    (928)

	.  reduce 928 (src line 2119)


state 789
	bare_label_keyword:  NATURAL.    (929)

	.  reduce 929 (src line 2120)


state 790
	bare_label_keyword:  NCHAR.    (930)

	.  reduce 930 (src line 2121)


state 791
	bare_label_keyword:  NESTED.    (931)

	.  reduce 931 (src line 2122)


state 792
	bare_label_keyword:  NEW.    (932)

	.  reduce 932 (src line 2123)


state 793
	bare_label_keyword:  NEXT.    (933)

	.  reduce 933 (src line 2124)


state 794
	bare_label_keyword:  NFC.    (934)

	.  reduce 934 (src line 2125)


state 795
	bare_label_keyword:  NFD.    (935)

	.  reduce 935 (src line 2126)


state 796
	bare_label_keyword:  NFKC.    (936)

	.  reduce 936 (src line 2127)


state 797
	bare_label_keyword:  NFKD.    (937)

	.  reduce 937 (src line 2128)


state 798
	bare_label_keyword:  NO.    (938)

	.  reduce 938 (src line 2129)


state 799
	bare_label_keyword:  NONE.    (939)

	.  reduce 939 (src line 2130)


state 800
	bare_label_keyword:  NORMALIZE.    (940)

	.  reduce 940 (src line 2131)


state 801
	bare_label_keyword:  NORMALIZED.    (941)

	.  reduce 941 (src line 2132)


state 802
	bare_label_keyword:  NOT.    (942)

	.  reduce 942 (src line 2133)


state 803
	bare_label_keyword:  NOTHING.    (943)

	.  reduce 943 (src line 2134)


state 804
	bare_label_keyword:  NOTIFY.    (944)

	.  reduce 944 (src line 2135)


state 805
	bare_label_keyword:  NOWAIT.    (945)

	.  reduce 945 (src line 2136)


state 806
	bare_label_keyword:  NULL_P.    (946)

	.  reduce 946 (src line 2137)


state 807
	bare_label_keyword:  NULLIF.    (947)

	.  reduce 947 (src line 2138)


state 808
	bare_label_keyword:  NULLS_P.    (948)

	.  reduce 948 (src line 2139)


state 809
	bare_label_keyword:  NUMERIC.    (949)

	.  reduce 949 (src line 2140)


state 810
	bare_label_keyword:  OBJECT_P.    (950)

	.  reduce 950 (src line 2141)


state 811
	bare_label_keyword:  OBJECTS_P.    (951)

	.  reduce 951 (src line 2142)


state 812
	bare_label_keyword:  OF.    (952)

	.  reduce 952 (src line 2143)


state 813
	bare_label_keyword:  OFF.    (953)

	.  reduce 953 (src line 2144)


state 814
	bare_label_keyword:  OIDS.    (954)

	.  reduce 954 (src line 2145)


state 815
	bare_label_keyword:  OLD.    (955)

	.  reduce 955 (src line 2146)


state 816
	bare_label_keyword:  OMIT.    (956)

	.  reduce 956 (src line 2147)


state 817
	bare_label_keyword:  ONLY.    (957)

	.  reduce 957 (src line 2148)


state 818
	bare_label_keyword:  OPERATOR.    (958)

	.  reduce 958 (src line 2149)


state 819
	bare_label_keyword:  OPTION.    (959)

	.  reduce 959 (src line 2150)


state 820
	bare_label_keyword:  OPTIONS.    (960)

	.  reduce 960 (src line 2151)


state 821
	bare_label_keyword:  ORDINALITY.    (962)

	.  reduce 962 (src line 2153)


state 822
	bare_label_keyword:  OTHERS.    (963)

	.  reduce 963 (src line 2154)


state 823
	bare_label_keyword:  OUT_P.    (964)

	.  reduce 964 (src line 2155)


state 824
	bare_label_keyword:  OUTER_P.    (965)

	.  reduce 965 (src line 2156)


state 825
	bare_label_keyword:  OVERLAY.    (966)

	.  reduce 966 (src line 2157)


state 826
	bare_label_keyword:  OVERRIDING.    (967)

	.  reduce 967 (src line 2158)


state 827
	bare_label_keyword:  OWNED.    (968)

	.  reduce 968 (src line 2159)


state 828
	bare_label_keyword:  OWNER.    (969)

	.  reduce 969 (src line 2160)


state 829
	bare_label_keyword:  PARALLEL.    (970)

	.  reduce 970 (src line 2161)


state 830
	bare_label_keyword:  PARAMETER.    (971)

	.  reduce 971 (src line 2162)


state 831
	bare_label_keyword:  PARSER.    (972)

	.  reduce 972 (src line 2163)


state 832
	bare_label_keyword:  PARTIAL.    (973)

	.  reduce 973 (src line 2164)


state 833
	bare_label_keyword:  PARTITION.    (974)

	.  reduce 974 (src line 2165)


state 834
	bare_label_keyword:  PASSING.    (975)

	.  reduce 975 (src line 2166)


state 835
	bare_label_keyword:  PASSWORD.    (976)

	.  reduce 976 (src line 2167)


state 836
	bare_label_keyword:  PATH.    (977)

	.  reduce 977 (src line 2168)


state 837
	bare_label_keyword:  PERIOD.    (978)

	.  reduce 978 (src line 2169)


state 838
	bare_label_keyword:  PLACING.    (979)

	.  reduce 979 (src line 2170)


state 839
	bare_label_keyword:  PLAN.    (980)

	.  reduce 980 (src line 2171)


state 840
	bare_label_keyword:  PLANS.    (981)

	.  reduce 981 (src line 2172)


state 841
	bare_label_keyword:  POLICY.    (982)

	.  reduce 982 (src line 2173)


state 842
	bare_label_keyword:  POSITION.    (983)

	.  reduce 983 (src line 2174)


state 843
	bare_label_keyword:  PRECEDING.    (984)

	.  reduce 984 (src line 2175)


state 844
	bare_label_keyword:  PREPARE.    (985)

	.  reduce 985 (src line 2176)


state 845
	bare_label_keyword:  PREPARED.    (986)

	.  reduce 986 (src line 2177)


state 846
	bare_label_keyword:  PRESERVE.    (987)

	.  reduce 987 (src line 2178)


state 847
	bare_label_keyword:  PRIMARY.    (988)

	.  reduce 988 (src line 2179)


state 848
	bare_label_keyword:  PRIOR.    (989)

	.  reduce 989 (src line 2180)


state 849
	bare_label_keyword:  PRIVILEGES.    (990)

	.  reduce 990 (src line 2181)


state 850
	bare_label_keyword:  PROCEDURAL.    (991)

	.  reduce 991 (src line 2182)


state 851
	bare_label_keyword:  PROCEDURE.    (992)

	.  reduce 992 (src line 2183)


state 852
	bare_label_keyword:  PROCEDURES.    (993)

	.  reduce 993 (src line 2184)


state 853
	bare_label_keyword:  PROGRAM.    (994)

	.  reduce 994 (src line 2185)


state 854
	bare_label_keyword:  PUBLICATION.    (995)

	.  reduce 995 (src line 2186)


state 855
	bare_label_keyword:  QUOTE.    (996)

	.  reduce 996 (src line 2187)


state 856
	bare_label_keyword:  QUOTES.    (997)

	.  reduce 997 (src line 2188)


state 857
	bare_label_keyword:  RANGE.    (998)

	.  reduce 998 (src line 2189)


state 858
	bare_label_keyword:  READ.    (999)

	.  reduce 999 (src line 2190)


state 859
	bare_label_keyword:  REAL.    (1000)

	.  reduce 1000 (src line 2191)


state 860
	bare_label_keyword:  REASSIGN.    (1001)

	.  reduce 1001 (src line 2192)


state 861
	bare_label_keyword:  RECURSIVE.    (1002)

	.  reduce 1002 (src line 2193)


state 862
	bare_label_keyword:  REF_P.    (1003)

	.  reduce 1003 (src line 2194)


state 863
	bare_label_keyword:  REFERENCES.    (1004)

	.  reduce 1004 (src line 2195)


state 864
	bare_label_keyword:  REFERENCING.    (1005)

	.  reduce 1005 (src line 2196)


state 865
	bare_label_keyword:  REFRESH.    (1006)

	.  reduce 1006 (src line 2197)


state 866
	bare_label_keyword:  REINDEX.    (1007)

	.  reduce 1007 (src line 2198)


state 867
	bare_label_keyword:  RELATIVE_P.    (1008)

	.  reduce 1008 (src line 2199)


state 868
	bare_label_keyword:  RELEASE.    (1009)

	.  reduce 1009 (src line 2200)


state 869
	bare_label_keyword:  RENAME.    (1010)

	.  reduce 1010 (src line 2201)


state 870
	bare_label_keyword:  REPEATABLE.    (1011)

	.  reduce 1011 (src line 2202)


state 871
	bare_label_keyword:  REPLACE.    (1012)

	.  reduce 1012 (src line 2203)


state 872
	bare_label_keyword:  REPLICA.    (1013)

	.  reduce 1013 (src line 2204)


state 873
	bare_label_keyword:  RESET.    (1014)

	.  reduce 1014 (src line 2205)


state 874
	bare_label_keyword:  RESTART.    (1015)

	.  reduce 1015 (src line 2206)


state 875
	bare_label_keyword:  RESTRICT.    (1016)

	.  reduce 1016 (src line 2207)


state 876
	bare_label_keyword:  RETURN.    (1017)

	.  reduce 1017 (src line 2208)


state 877
	bare_label_keyword:  RETURNS.    (1018)

	.  reduce 1018 (src line 2209)


state 878
	bare_label_keyword:  REVOKE.    (1019)

	.  reduce 1019 (src line 2210)


state 879
	bare_label_keyword:  RIGHT.    (1020)

	.  reduce 1020 (src line 2211)


state 880
	bare_label_keyword:  ROLE.    (1021)

	.  reduce 1021 (src line 2212)


state 881
	bare_label_keyword:  ROLLBACK.    (1022)

	.  reduce 1022 (src line 2213)


state 882
	bare_label_keyword:  ROLLUP.    (1023)

	.  reduce 1023 (src line 2214)


state 883
	bare_label_keyword:  ROUTINE.    (1024)

	.  reduce 1024 (src line 2215)


state 884
	bare_label_keyword:  ROUTINES.    (1025)

	.  reduce 1025 (src line 2216)


state 885
	bare_label_keyword:  ROW.    (1026)

	.  reduce 1026 (src line 2217)


state 886
	bare_label_keyword:  ROWS.    (1027)

	.  reduce 1027 (src line 2218)


state 887
	bare_label_keyword:  RULE.    (1028)

	.  reduce 1028 (src line 2219)


state 888
	bare_label_keyword:  SAVEPOINT.    (1029)

	.  reduce 1029 (src line 2220)


state 889
	bare_label_keyword:  SCALAR.    (1030)

	.  reduce 1030 (src line 2221)


state 890
	bare_label_keyword:  SCHEMA.    (1031)

	.  reduce 1031 (src line 2222)


state 891
	bare_label_keyword:  SCHEMAS.    (1032)

	.  reduce 1032 (src line 2223)


state 892
	bare_label_keyword:  SCROLL.    (1033)

	.  reduce 1033 (src line 2224)


state 893
	bare_label_keyword:  SEARCH.    (1034)

	.  reduce 1034 (src line 2225)


state 894
	bare_label_keyword:  SECURITY.    (1035)

	.  reduce 1035 (src line 2226)


state 895
	bare_label_keyword:  SELECT.    (1036)

	.  reduce 1036 (src line 2227)


state 896
	bare_label_keyword:  SEQUENCE.    (1037)

	.  reduce 1037 (src line 2228)


state 897
	bare_label_keyword:  SEQUENCES.    (1038)

	.  reduce 1038 (src line 2229)


state 898
	bare_label_keyword:  SERIALIZABLE.    (1039)

	.  reduce 1039 (src line 2230)


state 899
	bare_label_keyword:  SERVER.    (1040)

	.  reduce 1040 (src line 2231)


state 900
	bare_label_keyword:  SESSION.    (1041)

	.  reduce 1041 (src line 2232)


state 901
	bare_label_keyword:  SESSION_USER.    (1042)

	.  reduce 1042 (src line 2233)


state 902
	bare_label_keyword:  SET.    (1043)

	.  reduce 1043 (src line 2234)


state 903
	bare_label_keyword:  SETOF.    (1044)

	.  reduce 1044 (src line 2235)


state 904
	bare_label_keyword:  SETS.    (1045)

	.  reduce 1045 (src line 2236)


state 905
	bare_label_keyword:  SHARE.    (1046)

	.  reduce 1046 (src line 2237)


state 906
	bare_label_keyword:  SHOW.    (1047)

	.  reduce 1047 (src line 2238)


state 907
	bare_label_keyword:  SIMILAR.    (1048)

	.  reduce 1048 (src line 2239)


state 908
	bare_label_keyword:  SIMPLE.    (1049)

	.  reduce 1049 (src line 2240)


state 909
	bare_label_keyword:  SKIP.    (1050)

	.  reduce 1050 (src line 2241)


state 910
	bare_label_keyword:  SMALLINT.    (1051)

	.  reduce 1051 (src line 2242)


state 911
	bare_label_keyword:  SNAPSHOT.    (1052)

	.  reduce 1052 (src line 2243)


state 912
	bare_label_keyword:  SOME.    (1053)

	.  reduce 1053 (src line 2244)


state 913
	bare_label_keyword:  SOURCE.    (1054)

	.  reduce 1054 (src line 2245)


state 914
	bare_label_keyword:  SQL_P.    (1055)

	.  reduce 1055 (src line 2246)


state 915
	bare_label_keyword:  STABLE.    (1056)

	.  reduce 1056 (src line 2247)


state 916
	bare_label_keyword:  STANDALONE_P.    (1057)

	.  reduce 1057 (src line 2248)


state 917
	bare_label_keyword:  START.    (1058)

	.  reduce 1058 (src line 2249)


state 918
	bare_label_keyword:  STATEMENT.    (1059)

	.  reduce 1059 (src line 2250)


state 919
	bare_label_keyword:  STATISTICS.    (1060)

	.  reduce 1060 (src line 2251)


state 920
	bare_label_keyword:  STDIN.    (1061)

	.  reduce 1061 (src line 2252)


state 921
	bare_label_keyword:  STDOUT.    (1062)

	.  reduce 1062 (src line 2253)


state 922
	bare_label_keyword:  STORAGE.    (1063)

	.  reduce 1063 (src line 2254)


state 923
	bare_label_keyword:  STORED.    (1064)

	.  reduce 1064 (src line 2255)


state 924
	bare_label_keyword:  STRICT_P.    (1065)

	.  reduce 1065 (src line 2256)


state 925
	bare_label_keyword:  STRING_P.    (1066)

	.  reduce 1066 (src line 2257)


state 926
	bare_label_keyword:  STRIP_P.    (1067)

	.  reduce 1067 (src line 2258)


state 927
	bare_label_keyword:  SUBSCRIPTION.    (1068)

	.  reduce 1068 (src line 2259)


state 928
	bare_label_keyword:  SUBSTRING.    (1069)

	.  reduce 1069 (src line 2260)


state 929
	bare_label_keyword:  SUPPORT.    (1070)

	.  reduce 1070 (src line 2261)


state 930
	bare_label_keyword:  SYMMETRIC.    (1071)

	.  reduce 1071 (src line 2262)


state 931
	bare_label_keyword:  SYSID.    (1072)

	.  reduce 1072 (src line 2263)


state 932
	bare_label_keyword:  SYSTEM_P.    (1073)

	.  reduce 1073 (src line 2264)


state 933
	bare_label_keyword:  SYSTEM_USER.    (1074)

	.  reduce 1074 (src line 2265)


state 934
	bare_label_keyword:  TABLE.    (1075)

	.  reduce 1075 (src line 2266)


state 935
	bare_label_keyword:  TABLES.    (1076)

	.  reduce 1076 (src line 2267)


state 936
	bare_label_keyword:  TABLESAMPLE.    (1077)

	.  reduce 1077 (src line 2268)


state 937
	bare_label_keyword:  TABLESPACE.    (1078)

	.  reduce 1078 (src line 2269)


state 938
	bare_label_keyword:  TARGET.    (1079)

	.  reduce 1079 (src line 2270)


state 939
	bare_label_keyword:  TEMP.    (1080)

	.  reduce 1080 (src line 2271)


state 940
	bare_label_keyword:  TEMPLATE.    (1081)

	.  reduce 1081 (src line 2272)


state 941
	bare_label_keyword:  TEMPORARY.    (1082)

	.  reduce 1082 (src line 2273)


state 942
	bare_label_keyword:  TEXT_P.    (1083)

	.  reduce 1083 (src line 2274)


state 943
	bare_label_keyword:  THEN.    (1084)

	.  reduce 1084 (src line 2275)


state 944
	bare_label_keyword:  TIES.    (1085)

	.  reduce 1085 (src line 2276)


state 945
	bare_label_keyword:  TIME.    (1086)

	.  reduce 1086 (src line 2277)


state 946
	bare_label_keyword:  TIMESTAMP.    (1087)

	.  reduce 1087 (src line 2278)


state 947
	bare_label_keyword:  TRAILING.    (1088)

	.  reduce 1088 (src line 2279)


state 948
	bare_label_keyword:  TRANSACTION.    (1089)

	.  reduce 1089 (src line 2280)


state 949
	bare_label_keyword:  TRANSFORM.    (1090)

	.  reduce 1090 (src line 2281)


state 950
	bare_label_keyword:  TREAT.    (1091)

	.  reduce 1091 (src line 2282)


state 951
	bare_label_keyword:  TRIGGER.    (1092)

	.  reduce 1092 (src line 2283)


state 952
	bare_label_keyword:  TRIM.    (1093)

	.  reduce 1093 (src line 2284)


state 953
	bare_label_keyword:  TRUE_P.    (1094)

	.  reduce 1094 (src line 2285)


state 954
	bare_label_keyword:  TRUNCATE.    (1095)

	.  reduce 1095 (src line 2286)


state 955
	bare_label_keyword:  TRUSTED.    (1096)

	.  reduce 1096 (src line 2287)


state 956
	bare_label_keyword:  TYPE_P.    (1097)

	.  reduce 1097 (src line 2288)


state 957
	bare_label_keyword:  TYPES_P.    (1098)

	.  reduce 1098 (src line 2289)


state 958
	bare_label_keyword:  UESCAPE.    (1099)

	.  reduce 1099 (src line 2290)


state 959
	bare_label_keyword:  UNBOUNDED.    (1100)

	.  reduce 1100 (src line 2291)


state 960
	bare_label_keyword:  UNCOMMITTED.    (1101)

	.  reduce 1101 (src line 2292)


state 961
	bare_label_keyword:  UNCONDITIONAL.    (1102)

	.  reduce 1102 (src line 2293)


state 962
	bare_label_keyword:  UNENCRYPTED.    (1103)

	.  reduce 1103 (src line 2294)


state 963
	bare_label_keyword:  UNIQUE.    (1104)

	.  reduce 1104 (src line 2295)


state 964
	bare_label_keyword:  UNKNOWN.    (1105)

	.  reduce 1105 (src line 2296)


state 965
	bare_label_keyword:  UNLISTEN.    (1106)

	.  reduce 1106 (src line 2297)


state 966
	bare_label_keyword:  UNLOGGED.    (1107)

	.  reduce 1107 (src line 2298)


state 967
	bare_label_keyword:  UNTIL.    (1108)

	.  reduce 1108 (src line 2299)


state 968
	bare_label_keyword:  UPDATE.    (1109)

	.  reduce 1109 (src line 2300)


state 969
	bare_label_keyword:  USER.    (1110)

	.  reduce 1110 (src line 2301)


state 970
	bare_label_keyword:  USING.    (1111)

	.  reduce 1111 (src line 2302)


state 971
	bare_label_keyword:  VACUUM.    (1112)

	.  reduce 1112 (src line 2303)


state 972
	bare_label_keyword:  VALID.    (1113)

	.  reduce 1113 (src line 2304)


state 973
	bare_label_keyword:  VALIDATE.    (1114)

	.  reduce 1114 (src line 2305)


state 974
	bare_label_keyword:  VALIDATOR.    (1115)

	.  reduce 1115 (src line 2306)


state 975
	bare_label_keyword:  VALUE_P.    (1116)

	.  reduce 1116 (src line 2307)


state 976
	bare_label_keyword:  VALUES.    (1117)

	.  reduce 1117 (src line 2308)


state 977
	bare_label_keyword:  VARCHAR.    (1118)

	.  reduce 1118 (src line 2309)


state 978
	bare_label_keyword:  VARIADIC.    (1119)

	.  reduce 1119 (src line 2310)


state 979
	bare_label_keyword:  VERBOSE.    (1120)

	.  reduce 1120 (src line 2311)


state 980
	bare_label_keyword:  VERSION_P.    (1121)

	.  reduce 1121 (src line 2312)


state 981
	bare_label_keyword:  VIEW.    (1122)

	.  reduce 1122 (src line 2313)


state 982
	bare_label_keyword:  VIEWS.    (1123)

	.  reduce 1123 (src line 2314)


state 983
	bare_label_keyword:  VIRTUAL.    (1124)

	.  reduce 1124 (src line 2315)


state 984
	bare_label_keyword:  VOLATILE.    (1125)

	.  reduce 1125 (src line 2316)


state 985
	bare_label_keyword:  WHEN.    (1126)

	.  reduce 1126 (src line 2317)


state 986
	bare_label_keyword:  WHITESPACE_P.    (1127)

	.  reduce 1127 (src line 2318)


state 987
	bare_label_keyword:  WORK.    (1128)

	.  reduce 1128 (src line 2319)


state 988
	bare_label_keyword:  WRAPPER.    (1129)

	.  reduce 1129 (src line 2320)


state 989
	bare_label_keyword:  WRITE.    (1130)

	.  reduce 1130 (src line 2321)


state 990
	bare_label_keyword:  XML_P.    (1131)

	.  reduce 1131 (src line 2322)


state 991
	bare_label_keyword:  XMLATTRIBUTES.    (1132)

	.  reduce 1132 (src line 2323)


state 992
	bare_label_keyword:  XMLCONCAT.    (1133)

	.  reduce 1133 (src line 2324)


state 993
	bare_label_keyword:  XMLELEMENT.    (1134)

	.  reduce 1134 (src line 2325)


state 994
	bare_label_keyword:  XMLEXISTS.    (1135)

	.  reduce 1135 (src line 2326)


state 995
	bare_label_keyword:  XMLFOREST.    (1136)

	.  reduce 1136 (src line 2327)


state 996
	bare_label_keyword:  XMLNAMESPACES.    (1137)

	.  reduce 1137 (src line 2328)


state 997
	bare_label_keyword:  XMLPARSE.    (1138)

	.  reduce 1138 (src line 2329)


state 998
	bare_label_keyword:  XMLPI.    (1139)

	.  reduce 1139 (src line 2330)


state 999
	bare_label_keyword:  XMLROOT.    (1140)

	.  reduce 1140 (src line 2331)


state 1000
	bare_label_keyword:  XMLSERIALIZE.    (1141)

	.  reduce 1141 (src line 2332)


state 1001
	bare_label_keyword:  XMLTABLE.    (1142)

	.  reduce 1142 (src line 2333)


state 1002
	bare_label_keyword:  YES_P.    (1143)

	.  reduce 1143 (src line 2334)


state 1003
	bare_label_keyword:  ZONE.    (1144)

	.  reduce 1144 (src line 2335)


state 1004
	target_el:  qualified_name '.'.'*' 
	qualified_name:  qualified_name '.'.ColId 

	ABORT_P  shift 28
	ABSENT  shift 29
	ABSOLUTE_P  shift 30
	ACCESS  shift 31
	ACTION  shift 32
	ADD_P  shift 33
	ADMIN  shift 34
	AFTER  shift 35
	AGGREGATE  shift 36
	ALSO  shift 37
	ALTER  shift 38
	ALWAYS  shift 39
	ASENSITIVE  shift 40
	ASSERTION  shift 41
	ASSIGNMENT  shift 42
	AT  shift 43
	ATOMIC  shift 44
	ATTACH  shift 45
	ATTRIBUTE  shift 46
	BACKWARD  shift 47
	BEFORE  shift 48
	BEGIN_P  shift 49
	BETWEEN  shift 358
	BIGINT  shift 359
	BIT  shift 360
	BOOLEAN_P  shift 361
	BREADTH  shift 50
	BY  shift 51
	CACHE  shift 52
	CALL  shift 53
	CALLED  shift 54
	CASCADE  shift 55
	CASCADED  shift 56
	CATALOG_P  shift 57
	CHAIN  shift 58
	CHAR_P  shift 362
	CHARACTER  shift 363
	CHARACTERISTICS  shift 59
	CHECKPOINT  shift 60
	CLASS  shift 61
	CLOSE  shift 62
	CLUSTER  shift 63
	COALESCE  shift 364
	COLUMNS  shift 64
	COMMENT  shift 65
	COMMENTS  shift 66
	COMMIT  shift 67
	COMMITTED  shift 68
	COMPRESSION  shift 69
	CONDITIONAL  shift 70
	CONFIGURATION  shift 71
	CONFLICT  shift 72
	CONNECTION  shift 73
	CONSTRAINTS  shift 74
	CONTENT_P  shift 75
	CONTINUE_P  shift 76
	CONVERSION_P  shift 77
	COPY  shift 78
	COST  shift 79
	CSV  shift 80
	CUBE  shift 81
	CURRENT_P  shift 82
	CURSOR  shift 83
	CYCLE  shift 84
	DATA_P  shift 85
	DATABASE  shift 86
	DAY_P  shift 87
	DEALLOCATE  shift 88
	DEC  shift 365
	DECIMAL_P  shift 366
	DECLARE  shift 89
	DEFAULTS  shift 90
	DEFERRED  shift 91
	DEFINER  shift 92
	DELETE_P  shift 93
	DELIMITER  shift 94
	DELIMITERS  shift 95
	DEPENDS  shift 96
	DEPTH  shift 97
	DETACH  shift 98
	DICTIONARY  shift 99
	DISABLE_P  shift 100
	DISCARD  shift 101
	DOCUMENT_P  shift 102
	DOMAIN_P  shift 103
	DOUBLE_P  shift 104
	DROP  shift 105
	EACH  shift 106
	EMPTY_P  shift 107
	ENABLE_P  shift 108
	ENCODING  shift 109
	ENCRYPTED  shift 110
	ENFORCED  shift 111
	ENUM_P  shift 112
	ERROR_P  shift 113
	ESCAPE  shift 114
	EVENT  shift 115
	EXCLUDE  shift 116
	EXCLUDING  shift 117
	EXCLUSIVE  shift 118
	EXECUTE  shift 119
	EXISTS  shift 367
	EXPLAIN  shift 120
	EXPRESSION  shift 121
	EXTENSION  shift 122
	EXTERNAL  shift 123
	EXTRACT  shift 368
	FAMILY  shift 124
	FILTER  shift 125
	FINALIZE  shift 126
	FIRST_P  shift 127
	FLOAT_P  shift 369
	FOLLOWING  shift 128
	FORCE  shift 129
	FORMAT  shift 130
	FORWARD  shift 131
	FUNCTION  shift 132
	FUNCTIONS  shift 133
	GENERATED  shift 134
	GLOBAL  shift 135
	GRANTED  shift 136
	GREATEST  shift 370
	GROUPING  shift 371
	GROUPS  shift 137
	HANDLER  shift 138
	HEADER_P  shift 139
	HOLD  shift 140
	HOUR_P  shift 141
	IDENTITY_P  shift 142
	IF_P  shift 143
	IMMEDIATE  shift 144
	IMMUTABLE  shift 145
	IMPLICIT_P  shift 146
	IMPORT_P  shift 147
	INCLUDE  shift 148
	INCLUDING  shift 149
	INCREMENT  shift 150
	INDENT  shift 151
	INDEX  shift 152
	INDEXES  shift 153
	INHERIT  shift 154
	INHERITS  shift 155
	INLINE_P  shift 156
	INOUT  shift 372
	INPUT_P  shift 157
	INSENSITIVE  shift 158
	INSERT  shift 159
	INSTEAD  shift 160
	INT_P  shift 373
	INTEGER  shift 374
	INTERVAL  shift 375
	INVOKER  shift 161
	ISOLATION  shift 162
	JSON  shift 376
	JSON_ARRAY  shift 377
	JSON_ARRAYAGG  shift 378
	JSON_EXISTS  shift 379
	JSON_OBJECT  shift 380
	JSON_OBJECTAGG  shift 381
	JSON_QUERY  shift 382
	JSON_SCALAR  shift 383
	JSON_SERIALIZE  shift 384
	JSON_TABLE  shift 385
	JSON_VALUE  shift 386
	KEEP  shift 163
	KEY  shift 164
	KEYS  shift 165
	LABEL  shift 166
	LANGUAGE  shift 167
	LARGE_P  shift 168
	LAST_P  shift 169
	LEAKPROOF  shift 170
	LEAST  shift 387
	LEVEL  shift 171
	LISTEN  shift 172
	LOAD  shift 173
	LOCAL  shift 174
	LOCATION  shift 175
	LOCK_P  shift 176
	LOCKED  shift 177
	LOGGED  shift 178
	MAPPING  shift 179
	MATCH  shift 180
	MATCHED  shift 181
	MATERIALIZED  shift 182
	MAXVALUE  shift 183
	MERGE  shift 184
	MERGE_ACTION  shift 388
	METHOD  shift 185
	MINUTE_P  shift 186
	MINVALUE  shift 187
	MODE  shift 188
	MONTH_P  shift 189
	MOVE  shift 190
	NAME_P  shift 191
	NAMES  shift 192
	NATIONAL  shift 389
	NCHAR  shift 390
	NESTED  shift 193
	NEW  shift 194
	NEXT  shift 195
	NFC  shift 196
	NFD  shift 197
	NFKC  shift 198
	NFKD  shift 199
	NO  shift 200
	NONE  shift 391
	NORMALIZE  shift 392
	NORMALIZED  shift 201
	NOTHING  shift 202
	NOTIFY  shift 203
	NOWAIT  shift 204
	NULLIF  shift 393
	NULLS_P  shift 205
	NUMERIC  shift 394
	OBJECT_P  shift 206
	OBJECTS_P  shift 207
	OF  shift 208
	OFF  shift 209
	OIDS  shift 210
	OLD  shift 211
	OMIT  shift 212
	OPERATOR  shift 213
	OPTION  shift 214
	OPTIONS  shift 215
	ORDINALITY  shift 216
	OTHERS  shift 217
	OUT_P  shift 395
	OVER  shift 218
	OVERLAY  shift 396
	OVERRIDING  shift 219
	OWNED  shift 220
	OWNER  shift 221
	PARALLEL  shift 222
	PARAMETER  shift 223
	PARSER  shift 224
	PARTIAL  shift 225
	PARTITION  shift 226
	PASSING  shift 227
	PASSWORD  shift 228
	PATH  shift 229
	PERIOD  shift 230
	PLAN  shift 231
	PLANS  shift 232
	POLICY  shift 233
	POSITION  shift 397
	PRECEDING  shift 234
	PRECISION  shift 398
	PREPARE  shift 235
	PREPARED  shift 236
	PRESERVE  shift 237
	PRIOR  shift 238
	PRIVILEGES  shift 239
	PROCEDURAL  shift 240
	PROCEDURE  shift 241
	PROCEDURES  shift 242
	PROGRAM  shift 243
	PUBLICATION  shift 244
	QUOTE  shift 245
	QUOTES  shift 246
	RANGE  shift 247
	READ  shift 248
	REAL  shift 399
	REASSIGN  shift 249
	RECURSIVE  shift 250
	REF_P  shift 251
	REFERENCING  shift 252
	REFRESH  shift 253
	REINDEX  shift 254
	RELATIVE_P  shift 255
	RELEASE  shift 256
	RENAME  shift 257
	REPEATABLE  shift 258
	REPLACE  shift 259
	REPLICA  shift 260
	RESET  shift 261
	RESTART  shift 262
	RESTRICT  shift 263
	RETURN  shift 264
	RETURNS  shift 265
	REVOKE  shift 266
	ROLE  shift 267
	ROLLBACK  shift 268
	ROLLUP  shift 269
	ROUTINE  shift 270
	ROUTINES  shift 271
	ROW  shift 400
	ROWS  shift 272
	RULE  shift 273
	SAVEPOINT  shift 274
	SCALAR  shift 275
	SCHEMA  shift 276
	SCHEMAS  shift 277
	SCROLL  shift 278
	SEARCH  shift 279
	SECOND_P  shift 280
	SECURITY  shift 281
	SEQUENCE  shift 282
	SEQUENCES  shift 283
	SERIALIZABLE  shift 284
	SERVER  shift 285
	SESSION  shift 286
	SET  shift 287
	SETOF  shift 401
	SETS  shift 288
	SHARE  shift 289
	SHOW  shift 290
	SIMPLE  shift 291
	SKIP  shift 292
	SMALLINT  shift 402
	SNAPSHOT  shift 293
	SOURCE  shift 294
	SQL_P  shift 295
	STABLE  shift 296
	STANDALONE_P  shift 297
	START  shift 298
	STATEMENT  shift 299
	STATISTICS  shift 300
	STDIN  shift 301
	STDOUT  shift 302
	STORAGE  shift 303
	STORED  shift 304
	STRICT_P  shift 305
	STRING_P  shift 306
	STRIP_P  shift 307
	SUBSCRIPTION  shift 308
	SUBSTRING  shift 403
	SUPPORT  shift 309
	SYSID  shift 310
	SYSTEM_P  shift 311
	TABLES  shift 312
	TABLESPACE  shift 313
	TARGET  shift 314
	TEMP  shift 315
	TEMPLATE  shift 316
	TEMPORARY  shift 317
	TEXT_P  shift 318
	TIES  shift 319
	TIME  shift 404
	TIMESTAMP  shift 405
	TRANSACTION  shift 320
	TRANSFORM  shift 321
	TREAT  shift 406
	TRIGGER  shift 322
	TRIM  shift 407
	TRUNCATE  shift 323
	TRUSTED  shift 324
	TYPE_P  shift 325
	TYPES_P  shift 326
	UESCAPE  shift 327
	UNBOUNDED  shift 328
	UNCOMMITTED  shift 329
	UNCONDITIONAL  shift 330
	UNENCRYPTED  shift 331
	UNKNOWN  shift 332
	UNLISTEN  shift 333
	UNLOGGED  shift 334
	UNTIL  shift 335
	UPDATE  shift 336
	VACUUM  shift 337
	VALID  shift 338
	VALIDATE  shift 339
	VALIDATOR  shift 340
	VALUE_P  shift 341
	VALUES  shift 408
	VARCHAR  shift 409
	VARYING  shift 342
	VERSION_P  shift 343
	VIEW  shift 344
	VIEWS  shift 345
	VIRTUAL  shift 346
	VOLATILE  shift 347
	WHITESPACE_P  shift 348
	WITHIN  shift 349
	WITHOUT  shift 350
	WORK  shift 351
	WRAPPER  shift 352
	WRITE  shift 353
	XML_P  shift 354
	XMLATTRIBUTES  shift 410
	XMLCONCAT  shift 411
	XMLELEMENT  shift 412
	XMLEXISTS  shift 413
	XMLFOREST  shift 414
	XMLNAMESPACES  shift 415
	XMLPARSE  shift 416
	XMLPI  shift 417
	XMLROOT  shift 418
	XMLSERIALIZE  shift 419
	XMLTABLE  shift 420
	YEAR_P  shift 355
	YES_P  shift 356
	ZONE  shift 357
	IDENT  shift 25
	'*'  shift 1062
	.  error

	unreserved_keyword  goto 26
	col_name_keyword  goto 27
	ColId  goto 497

state 1005
	opt_all_distinct:  DISTINCT ON '('.expr_list ')' 

	ABORT_P  shift 28
	ABSENT  shift 29
	ABSOLUTE_P  shift 30
	ACCESS  shift 31
	ACTION  shift 32
	ADD_P  shift 33
	ADMIN  shift 34
	AFTER  shift 35
	AGGREGATE  shift 36
	ALSO  shift 37
	ALTER  shift 38
	ALWAYS  shift 39
	ASENSITIVE  shift 40
	ASSERTION  shift 41
	ASSIGNMENT  shift 42
	AT  shift 43
	ATOMIC  shift 44
	ATTACH  shift 45
	ATTRIBUTE  shift 46
	BACKWARD  shift 47
	BEFORE  shift 48
	BEGIN_P  shift 49
	BETWEEN  shift 358
	BIGINT  shift 359
	BIT  shift 360
	BOOLEAN_P  shift 361
	BREADTH  shift 50
	BY  shift 51
	CACHE  shift 52
	CALL  shift 53
	CALLED  shift 54
	CASCADE  shift 55
	CASCADED  shift 56
	CATALOG_P  shift 57
	CHAIN  shift 58
	CHAR_P  shift 362
	CHARACTER  shift 363
	CHARACTERISTICS  shift 59
	CHECKPOINT  shift 60
	CLASS  shift 61
	CLOSE  shift 62
	CLUSTER  shift 63
	COALESCE  shift 364
	COLUMNS  shift 64
	COMMENT  shift 65
	COMMENTS  shift 66
	COMMIT  shift 67
	COMMITTED  shift 68
	COMPRESSION  shift 69
	CONDITIONAL  shift 70
	CONFIGURATION  shift 71
	CONFLICT  shift 72
	CONNECTION  shift 73
	CONSTRAINTS  shift 74
	CONTENT_P  shift 75
	CONTINUE_P  shift 76
	CONVERSION_P  shift 77
	COPY  shift 78
	COST  shift 79
	CSV  shift 80
	CUBE  shift 81
	CURRENT_P  shift 82
	CURSOR  shift 83
	CYCLE  shift 84
	DATA_P  shift 85
	DATABASE  shift 86
	DAY_P  shift 87
	DEALLOCATE  shift 88
	DEC  shift 365
	DECIMAL_P  shift 366
	DECLARE  shift 89
	DEFAULTS  shift 90
	DEFERRED  shift 91
	DEFINER  shift 92
	DELETE_P  shift 93
	DELIMITER  shift 94
	DELIMITERS  shift 95
	DEPENDS  shift 96
	DEPTH  shift 97
	DETACH  shift 98
	DICTIONARY  shift 99
	DISABLE_P  shift 100
	DISCARD  shift 101
	DOCUMENT_P  shift 102
	DOMAIN_P  shift 103
	DOUBLE_P  shift 104
	DROP  shift 105
	EACH  shift 106
	EMPTY_P  shift 107
	ENABLE_P  shift 108
	ENCODING  shift 109
	ENCRYPTED  shift 110
	ENFORCED  shift 111
	ENUM_P  shift 112
	ERROR_P  shift 113
	ESCAPE  shift 114
	EVENT  shift 115
	EXCLUDE  shift 116
	EXCLUDING  shift 117
	EXCLUSIVE  shift 118
	EXECUTE  shift 119
	EXISTS  shift 367
	EXPLAIN  shift 120
	EXPRESSION  shift 121
	EXTENSION  shift 122
	EXTERNAL  shift 123
	EXTRACT  shift 368
	FALSE_P  shift 451
	FAMILY  shift 124
	FILTER  shift 125
	FINALIZE  shift 126
	FIRST_P  shift 127
	FLOAT_P  shift 369
	FOLLOWING  shift 128
	FORCE  shift 129
	FORMAT  shift 130
	FORWARD  shift 131
	FUNCTION  shift 132
	FUNCTIONS  shift 133
	GENERATED  shift 134
	GLOBAL  shift 135
	GRANTED  shift 136
	GREATEST  shift 370
	GROUPING  shift 371
	GROUPS  shift 137
	HANDLER  shift 138
	HEADER_P  shift 139
	HOLD  shift 140
	HOUR_P  shift 141
	IDENTITY_P  shift 142
	IF_P  shift 143
	IMMEDIATE  shift 144
	IMMUTABLE  shift 145
	IMPLICIT_P  shift 146
	IMPORT_P  shift 147
	INCLUDE  shift 148
	INCLUDING  shift 149
	INCREMENT  shift 150
	INDENT  shift 151
	INDEX  shift 152
	INDEXES  shift 153
	INHERIT  shift 154
	INHERITS  shift 155
	INLINE_P  shift 156
	INOUT  shift 372
	INPUT_P  shift 157
	INSENSITIVE  shift 158
	INSERT  shift 159
	INSTEAD  shift 160
	INT_P  shift 373
	INTEGER  shift 374
	INTERVAL  shift 375
	INVOKER  shift 161
	ISOLATION  shift 162
	JSON  shift 376
	JSON_ARRAY  shift 377
	JSON_ARRAYAGG  shift 378
	JSON_EXISTS  shift 379
	JSON_OBJECT  shift 380
	JSON_OBJECTAGG  shift 381
	JSON_QUERY  shift 382
	JSON_SCALAR  shift 383
	JSON_SERIALIZE  shift 384
	JSON_TABLE  shift 385
	JSON_VALUE  shift 386
	KEEP  shift 163
	KEY  shift 164
	KEYS  shift 165
	LABEL  shift 166
	LANGUAGE  shift 167
	LARGE_P  shift 168
	LAST_P  shift 169
	LEAKPROOF  shift 170
	LEAST  shift 387
	LEVEL  shift 171
	LISTEN  shift 172
	LOAD  shift 173
	LOCAL  shift 174
	LOCATION  shift 175
	LOCK_P  shift 176
	LOCKED  shift 177
	LOGGED  shift 178
	MAPPING  shift 179
	MATCH  shift 180
	MATCHED  shift 181
	MATERIALIZED  shift 182
	MAXVALUE  shift 183
	MERGE  shift 184
	MERGE_ACTION  shift 388
	METHOD  shift 185
	MINUTE_P  shift 186
	MINVALUE  shift 187
	MODE  shift 188
	MONTH_P  shift 189
	MOVE  shift 190
	NAME_P  shift 191
	NAMES  shift 192
	NATIONAL  shift 389
	NCHAR  shift 390
	NESTED  shift 193
	NEW  shift 194
	NEXT  shift 195
	NFC  shift 196
	NFD  shift 197
	NFKC  shift 198
	NFKD  shift 199
	NO  shift 200
	NONE  shift 391
	NORMALIZE  shift 392
	NORMALIZED  shift 201
	NOT  shift 443
	NOTHING  shift 202
	NOTIFY  shift 203
	NOWAIT  shift 204
	NULL_P  shift 452
	NULLIF  shift 393
	NULLS_P  shift 205
	NUMERIC  shift 394
	OBJECT_P  shift 206
	OBJECTS_P  shift 207
	OF  shift 208
	OFF  shift 209
	OIDS  shift 210
	OLD  shift 211
	OMIT  shift 212
	OPERATOR  shift 213
	OPTION  shift 214
	OPTIONS  shift 215
	ORDINALITY  shift 216
	OTHERS  shift 217
	OUT_P  shift 395
	OVER  shift 218
	OVERLAY  shift 396
	OVERRIDING  shift 219
	OWNED  shift 220
	OWNER  shift 221
	PARALLEL  shift 222
	PARAMETER  shift 223
	PARSER  shift 224
	PARTIAL  shift 225
	PARTITION  shift 226
	PASSING  shift 227
	PASSWORD  shift 228
	PATH  shift 229
	PERIOD  shift 230
	PLAN  shift 231
	PLANS  shift 232
	POLICY  shift 233
	POSITION  shift 397
	PRECEDING  shift 234
	PRECISION  shift 398
	PREPARE  shift 235
	PREPARED  shift 236
	PRESERVE  shift 237
	PRIOR  shift 238
	PRIVILEGES  shift 239
	PROCEDURAL  shift 240
	PROCEDURE  shift 241
	PROCEDURES  shift 242
	PROGRAM  shift 243
	PUBLICATION  shift 244
	QUOTE  shift 245
	QUOTES  shift 246
	RANGE  shift 247
	READ  shift 248
	REAL  shift 399
	REASSIGN  shift 249
	RECURSIVE  shift 250
	REF_P  shift 251
	REFERENCING  shift 252
	REFRESH  shift 253
	REINDEX  shift 254
	RELATIVE_P  shift 255
	RELEASE  shift 256
	RENAME  shift 257
	REPEATABLE  shift 258
	REPLACE  shift 259
	REPLICA  shift 260
	RESET  shift 261
	RESTART  shift 262
	RESTRICT  shift 263
	RETURN  shift 264
	RETURNS  shift 265
	REVOKE  shift 266
	ROLE  shift 267
	ROLLBACK  shift 268
	ROLLUP  shift 269
	ROUTINE  shift 270
	ROUTINES  shift 271
	ROW  shift 400
	ROWS  shift 272
	RULE  shift 273
	SAVEPOINT  shift 274
	SCALAR  shift 275
	SCHEMA  shift 276
	SCHEMAS  shift 277
	SCROLL  shift 278
	SEARCH  shift 279
	SECOND_P  shift 280
	SECURITY  shift 281
	SEQUENCE  shift 282
	SEQUENCES  shift 283
	SERIALIZABLE  shift 284
	SERVER  shift 285
	SESSION  shift 286
	SET  shift 287
	SETOF  shift 401
	SETS  shift 288
	SHARE  shift 289
	SHOW  shift 290
	SIMPLE  shift 291
	SKIP  shift 292
	SMALLINT  shift 402
	SNAPSHOT  shift 293
	SOURCE  shift 294
	SQL_P  shift 295
	STABLE  shift 296
	STANDALONE_P  shift 297
	START  shift 298
	STATEMENT  shift 299
	STATISTICS  shift 300
	STDIN  shift 301
	STDOUT  shift 302
	STORAGE  shift 303
	STORED  shift 304
	STRICT_P  shift 305
	STRING_P  shift 306
	STRIP_P  shift 307
	SUBSCRIPTION  shift 308
	SUBSTRING  shift 403
	SUPPORT  shift 309
	SYSID  shift 310
	SYSTEM_P  shift 311
	TABLES  shift 312
	TABLESPACE  shift 313
	TARGET  shift 314
	TEMP  shift 315
	TEMPLATE  shift 316
	TEMPORARY  shift 317
	TEXT_P  shift 318
	TIES  shift 319
	TIME  shift 404
	TIMESTAMP  shift 405
	TRANSACTION  shift 320
	TRANSFORM  shift 321
	TREAT  shift 406
	TRIGGER  shift 322
	TRIM  shift 407
	TRUE_P  shift 450
	TRUNCATE  shift 323
	TRUSTED  shift 324
	TYPE_P  shift 325
	TYPES_P  shift 326
	UESCAPE  shift 327
	UNBOUNDED  shift 328
	UNCOMMITTED  shift 329
	UNCONDITIONAL  shift 330
	UNENCRYPTED  shift 331
	UNKNOWN  shift 332
	UNLISTEN  shift 333
	UNLOGGED  shift 334
	UNTIL  shift 335
	UPDATE  shift 336
	VACUUM  shift 337
	VALID  shift 338
	VALIDATE  shift 339
	VALIDATOR  shift 340
	VALUE_P  shift 341
	VALUES  shift 408
	VARCHAR  shift 409
	VARYING  shift 342
	VERSION_P  shift 343
	VIEW  shift 344
	VIEWS  shift 345
	VIRTUAL  shift 346
	VOLATILE  shift 347
	WHITESPACE_P  shift 348
	WITHIN  shift 349
	WITHOUT  shift 350
	WORK  shift 351
	WRAPPER  shift 352
	WRITE  shift 353
	XML_P  shift 354
	XMLATTRIBUTES  shift 410
	XMLCONCAT  shift 411
	XMLELEMENT  shift 412
	XMLEXISTS  shift 413
	XMLFOREST  shift 414
	XMLNAMESPACES  shift 415
	XMLPARSE  shift 416
	XMLPI  shift 417
	XMLROOT  shift 418
	XMLSERIALIZE  shift 419
	XMLTABLE  shift 420
	YEAR_P  shift 355
	YES_P  shift 356
	ZONE  shift 357
	IDENT  shift 25
	FCONST  shift 448
	SCONST  shift 449
	ICONST  shift 447
	PARAM  shift 453
	'+'  shift 445
	'-'  shift 444
	'('  shift 446
	.  error

	unreserved_keyword  goto 26
	col_name_keyword  goto 27
	qualified_name  goto 454
	a_expr  goto 441
	c_expr  goto 442
	expr_list  goto 1063
	ColId  goto 24

state 1006
	limit_clause:  LIMIT select_limit_value ',' select_offset_value.    (47)

	.  reduce 47 (src line 557)


state 1007
	limit_clause:  FETCH first_or_next select_fetch_first_value row_or_rows.ONLY 
	limit_clause:  FETCH first_or_next select_fetch_first_value row_or_rows.WITH TIES 

	ONLY  shift 1064
	WITH  shift 1065
	.  error


state 1008
	row_or_rows:  ROW.    (55)

	.  reduce 55 (src line 589)


state 1009
	row_or_rows:  ROWS.    (56)

	.  reduce 56 (src line 591)


state 1010
	limit_clause:  FETCH first_or_next row_or_rows ONLY.    (49)

	.  reduce 49 (src line 568)


state 1011
	select_fetch_first_value:  '-' ICONST.    (62)

	.  reduce 62 (src line 615)


state 1012
	select_fetch_first_value:  '-' FCONST.    (63)

	.  reduce 63 (src line 620)


state 1013
	sort_by_list:  sort_by_list ',' SortBy.    (32)

	.  reduce 32 (src line 473)


state 1014
	SortBy:  a_expr ASC NULLS_LA.FIRST_P 
	SortBy:  a_expr ASC NULLS_LA.LAST_P 

	FIRST_P  shift 1066
	LAST_P  shift 1067
	.  error


state 1015
	SortBy:  a_expr DESC NULLS_LA.FIRST_P 
	SortBy:  a_expr DESC NULLS_LA.LAST_P 

	FIRST_P  shift 1068
	LAST_P  shift 1069
	.  error


state 1016
	cte_item:  ColId cte_col_list AS opt_materialized.'(' SelectStmt ')' 

	'('  shift 1070
	.  error


state 1017
	opt_materialized:  MATERIALIZED.    (151)

	.  reduce 151 (src line 1168)


state 1018
	opt_materialized:  NOT.MATERIALIZED 

	MATERIALIZED  shift 1071
	.  error


state 1019
	col_alias_list:  col_alias_list ','.ColId 

	ABORT_P  shift 28
	ABSENT  shift 29
	ABSOLUTE_P  shift 30
	ACCESS  shift 31
	ACTION  shift 32
	ADD_P  shift 33
	ADMIN  shift 34
	AFTER  shift 35
	AGGREGATE  shift 36
	ALSO  shift 37
	ALTER  shift 38
	ALWAYS  shift 39
	ASENSITIVE  shift 40
	ASSERTION  shift 41
	ASSIGNMENT  shift 42
	AT  shift 43
	ATOMIC  shift 44
	ATTACH  shift 45
	ATTRIBUTE  shift 46
	BACKWARD  shift 47
	BEFORE  shift 48
	BEGIN_P  shift 49
	BETWEEN  shift 358
	BIGINT  shift 359
	BIT  shift 360
	BOOLEAN_P  shift 361
	BREADTH  shift 50
	BY  shift 51
	CACHE  shift 52
	CALL  shift 53
	CALLED  shift 54
	CASCADE  shift 55
	CASCADED  shift 56
	CATALOG_P  shift 57
	CHAIN  shift 58
	CHAR_P  shift 362
	CHARACTER  shift 363
	CHARACTERISTICS  shift 59
	CHECKPOINT  shift 60
	CLASS  shift 61
	CLOSE  shift 62
	CLUSTER  shift 63
	COALESCE  shift 364
	COLUMNS  shift 64
	COMMENT  shift 65
	COMMENTS  shift 66
	COMMIT  shift 67
	COMMITTED  shift 68
	COMPRESSION  shift 69
	CONDITIONAL  shift 70
	CONFIGURATION  shift 71
	CONFLICT  shift 72
	CONNECTION  shift 73
	CONSTRAINTS  shift 74
	CONTENT_P  shift 75
	CONTINUE_P  shift 76
	CONVERSION_P  shift 77
	COPY  shift 78
	COST  shift 79
	CSV  shift 80
	CUBE  shift 81
	CURRENT_P  shift 82
	CURSOR  shift 83
	CYCLE  shift 84
	DATA_P  shift 85
	DATABASE  shift 86
	DAY_P  shift 87
	DEALLOCATE  shift 88
	DEC  shift 365
	DECIMAL_P  shift 366
	DECLARE  shift 89
	DEFAULTS  shift 90
	DEFERRED  shift 91
	DEFINER  shift 92
	DELETE_P  shift 93
	DELIMITER  shift 94
	DELIMITERS  shift 95
	DEPENDS  shift 96
	DEPTH  shift 97
	DETACH  shift 98
	DICTIONARY  shift 99
	DISABLE_P  shift 100
	DISCARD  shift 101
	DOCUMENT_P  shift 102
	DOMAIN_P  shift 103
	DOUBLE_P  shift 104
	DROP  shift 105
	EACH  shift 106
	EMPTY_P  shift 107
	ENABLE_P  shift 108
	ENCODING  shift 109
	ENCRYPTED  shift 110
	ENFORCED  shift 111
	ENUM_P  shift 112
	ERROR_P  shift 113
	ESCAPE  shift 114
	EVENT  shift 115
	EXCLUDE  shift 116
	EXCLUDING  shift 117
	EXCLUSIVE  shift 118
	EXECUTE  shift 119
	EXISTS  shift 367
	EXPLAIN  shift 120
	EXPRESSION  shift 121
	EXTENSION  shift 122
	EXTERNAL  shift 123
	EXTRACT  shift 368
	FAMILY  shift 124
	FILTER  shift 125
	FINALIZE  shift 126
	FIRST_P  shift 127
	FLOAT_P  shift 369
	FOLLOWING  shift 128
	FORCE  shift 129
	FORMAT  shift 130
	FORWARD  shift 131
	FUNCTION  shift 132
	FUNCTIONS  shift 133
	GENERATED  shift 134
	GLOBAL  shift 135
	GRANTED  shift 136
	GREATEST  shift 370
	GROUPING  shift 371
	GROUPS  shift 137
	HANDLER  shift 138
	HEADER_P  shift 139
	HOLD  shift 140
	HOUR_P  shift 141
	IDENTITY_P  shift 142
	IF_P  shift 143
	IMMEDIATE  shift 144
	IMMUTABLE  shift 145
	IMPLICIT_P  shift 146
	IMPORT_P  shift 147
	INCLUDE  shift 148
	INCLUDING  shift 149
	INCREMENT  shift 150
	INDENT  shift 151
	INDEX  shift 152
	INDEXES  shift 153
	INHERIT  shift 154
	INHERITS  shift 155
	INLINE_P  shift 156
	INOUT  shift 372
	INPUT_P  shift 157
	INSENSITIVE  shift 158
	INSERT  shift 159
	INSTEAD  shift 160
	INT_P  shift 373
	INTEGER  shift 374
	INTERVAL  shift 375
	INVOKER  shift 161
	ISOLATION  shift 162
	JSON  shift 376
	JSON_ARRAY  shift 377
	JSON_ARRAYAGG  shift 378
	JSON_EXISTS  shift 379
	JSON_OBJECT  shift 380
	JSON_OBJECTAGG  shift 381
	JSON_QUERY  shift 382
	JSON_SCALAR  shift 383
	JSON_SERIALIZE  shift 384
	JSON_TABLE  shift 385
	JSON_VALUE  shift 386
	KEEP  shift 163
	KEY  shift 164
	KEYS  shift 165
	LABEL  shift 166
	LANGUAGE  shift 167
	LARGE_P  shift 168
	LAST_P  shift 169
	LEAKPROOF  shift 170
	LEAST  shift 387
	LEVEL  shift 171
	LISTEN  shift 172
	LOAD  shift 173
	LOCAL  shift 174
	LOCATION  shift 175
	LOCK_P  shift 176
	LOCKED  shift 177
	LOGGED  shift 178
	MAPPING  shift 179
	MATCH  shift 180
	MATCHED  shift 181
	MATERIALIZED  shift 182
	MAXVALUE  shift 183
	MERGE  shift 184
	MERGE_ACTION  shift 388
	METHOD  shift 185
	MINUTE_P  shift 186
	MINVALUE  shift 187
	MODE  shift 188
	MONTH_P  shift 189
	MOVE  shift 190
	NAME_P  shift 191
	NAMES  shift 192
	NATIONAL  shift 389
	NCHAR  shift 390
	NESTED  shift 193
	NEW  shift 194
	NEXT  shift 195
	NFC  shift 196
	NFD  shift 197
	NFKC  shift 198
	NFKD  shift 199
	NO  shift 200
	NONE  shift 391
	NORMALIZE  shift 392
	NORMALIZED  shift 201
	NOTHING  shift 202
	NOTIFY  shift 203
	NOWAIT  shift 204
	NULLIF  shift 393
	NULLS_P  shift 205
	NUMERIC  shift 394
	OBJECT_P  shift 206
	OBJECTS_P  shift 207
	OF  shift 208
	OFF  shift 209
	OIDS  shift 210
	OLD  shift 211
	OMIT  shift 212
	OPERATOR  shift 213
	OPTION  shift 214
	OPTIONS  shift 215
	ORDINALITY  shift 216
	OTHERS  shift 217
	OUT_P  shift 395
	OVER  shift 218
	OVERLAY  shift 396
	OVERRIDING  shift 219
	OWNED  shift 220
	OWNER  shift 221
	PARALLEL  shift 222
	PARAMETER  shift 223
	PARSER  shift 224
	PARTIAL  shift 225
	PARTITION  shift 226
	PASSING  shift 227
	PASSWORD  shift 228
	PATH  shift 229
	PERIOD  shift 230
	PLAN  shift 231
	PLANS  shift 232
	POLICY  shift 233
	POSITION  shift 397
	PRECEDING  shift 234
	PRECISION  shift 398
	PREPARE  shift 235
	PREPARED  shift 236
	PRESERVE  shift 237
	PRIOR  shift 238
	PRIVILEGES  shift 239
	PROCEDURAL  shift 240
	PROCEDURE  shift 241
	PROCEDURES  shift 242
	PROGRAM  shift 243
	PUBLICATION  shift 244
	QUOTE  shift 245
	QUOTES  shift 246
	RANGE  shift 247
	READ  shift 248
	REAL  shift 399
	REASSIGN  shift 249
	RECURSIVE  shift 250
	REF_P  shift 251
	REFERENCING  shift 252
	REFRESH  shift 253
	REINDEX  shift 254
	RELATIVE_P  shift 255
	RELEASE  shift 256
	RENAME  shift 257
	REPEATABLE  shift 258
	REPLACE  shift 259
	REPLICA  shift 260
	RESET  shift 261
	RESTART  shift 262
	RESTRICT  shift 263
	RETURN  shift 264
	RETURNS  shift 265
	REVOKE  shift 266
	ROLE  shift 267
	ROLLBACK  shift 268
	ROLLUP  shift 269
	ROUTINE  shift 270
	ROUTINES  shift 271
	ROW  shift 400
	ROWS  shift 272
	RULE  shift 273
	SAVEPOINT  shift 274
	SCALAR  shift 275
	SCHEMA  shift 276
	SCHEMAS  shift 277
	SCROLL  shift 278
	SEARCH  shift 279
	SECOND_P  shift 280
	SECURITY  shift 281
	SEQUENCE  shift 282
	SEQUENCES  shift 283
	SERIALIZABLE  shift 284
	SERVER  shift 285
	SESSION  shift 286
	SET  shift 287
	SETOF  shift 401
	SETS  shift 288
	SHARE  shift 289
	SHOW  shift 290
	SIMPLE  shift 291
	SKIP  shift 292
	SMALLINT  shift 402
	SNAPSHOT  shift 293
	SOURCE  shift 294
	SQL_P  shift 295
	STABLE  shift 296
	STANDALONE_P  shift 297
	START  shift 298
	STATEMENT  shift 299
	STATISTICS  shift 300
	STDIN  shift 301
	STDOUT  shift 302
	STORAGE  shift 303
	STORED  shift 304
	STRICT_P  shift 305
	STRING_P  shift 306
	STRIP_P  shift 307
	SUBSCRIPTION  shift 308
	SUBSTRING  shift 403
	SUPPORT  shift 309
	SYSID  shift 310
	SYSTEM_P  shift 311
	TABLES  shift 312
	TABLESPACE  shift 313
	TARGET  shift 314
	TEMP  shift 315
	TEMPLATE  shift 316
	TEMPORARY  shift 317
	TEXT_P  shift 318
	TIES  shift 319
	TIME  shift 404
	TIMESTAMP  shift 405
	TRANSACTION  shift 320
	TRANSFORM  shift 321
	TREAT  shift 406
	TRIGGER  shift 322
	TRIM  shift 407
	TRUNCATE  shift 323
	TRUSTED  shift 324
	TYPE_P  shift 325
	TYPES_P  shift 326
	UESCAPE  shift 327
	UNBOUNDED  shift 328
	UNCOMMITTED  shift 329
	UNCONDITIONAL  shift 330
	UNENCRYPTED  shift 331
	UNKNOWN  shift 332
	UNLISTEN  shift 333
	UNLOGGED  shift 334
	UNTIL  shift 335
	UPDATE  shift 336
	VACUUM  shift 337
	VALID  shift 338
	VALIDATE  shift 339
	VALIDATOR  shift 340
	VALUE_P  shift 341
	VALUES  shift 408
	VARCHAR  shift 409
	VARYING  shift 342
	VERSION_P  shift 343
	VIEW  shift 344
	VIEWS  shift 345
	VIRTUAL  shift 346
	VOLATILE  shift 347
	WHITESPACE_P  shift 348
	WITHIN  shift 349
	WITHOUT  shift 350
	WORK  shift 351
	WRAPPER  shift 352
	WRITE  shift 353
	XML_P  shift 354
	XMLATTRIBUTES  shift 410
	XMLCONCAT  shift 411
	XMLELEMENT  shift 412
	XMLEXISTS  shift 413
	XMLFOREST  shift 414
	XMLNAMESPACES  shift 415
	XMLPARSE  shift 416
	XMLPI  shift 417
	XMLROOT  shift 418
	XMLSERIALIZE  shift 419
	XMLTABLE  shift 420
	YEAR_P  shift 355
	YES_P  shift 356
	ZONE  shift 357
	IDENT  shift 25
	.  error

	unreserved_keyword  goto 26
	col_name_keyword  goto 27
	ColId  goto 1072

state 1020
	cte_col_list:  '(' col_alias_list ')'.    (149)

	.  reduce 149 (src line 1164)


state 1021
	simple_select:  SELECT select_pos opt_all_distinct opt_target_list opt_from_clause where_clause.group_clause having_clause 
	group_clause: .    (134)

	GROUP_P  shift 1074
	.  reduce 134 (src line 1081)

	group_clause  goto 1073

state 1022
	where_clause:  WHERE.a_expr 

	ABORT_P  shift 28
	ABSENT  shift 29
	ABSOLUTE_P  shift 30
	ACCESS  shift 31
	ACTION  shift 32
	ADD_P  shift 33
	ADMIN  shift 34
	AFTER  shift 35
	AGGREGATE  shift 36
	ALSO  shift 37
	ALTER  shift 38
	ALWAYS  shift 39
	ASENSITIVE  shift 40
	ASSERTION  shift 41
	ASSIGNMENT  shift 42
	AT  shift 43
	ATOMIC  shift 44
	ATTACH  shift 45
	ATTRIBUTE  shift 46
	BACKWARD  shift 47
	BEFORE  shift 48
	BEGIN_P  shift 49
	BETWEEN  shift 358
	BIGINT  shift 359
	BIT  shift 360
	BOOLEAN_P  shift 361
	BREADTH  shift 50
	BY  shift 51
	CACHE  shift 52
	CALL  shift 53
	CALLED  shift 54
	CASCADE  shift 55
	CASCADED  shift 56
	CATALOG_P  shift 57
	CHAIN  shift 58
	CHAR_P  shift 362
	CHARACTER  shift 363
	CHARACTERISTICS  shift 59
	CHECKPOINT  shift 60
	CLASS  shift 61
	CLOSE  shift 62
	CLUSTER  shift 63
	COALESCE  shift 364
	COLUMNS  shift 64
	COMMENT  shift 65
	COMMENTS  shift 66
	COMMIT  shift 67
	COMMITTED  shift 68
	COMPRESSION  shift 69
	CONDITIONAL  shift 70
	CONFIGURATION  shift 71
	CONFLICT  shift 72
	CONNECTION  shift 73
	CONSTRAINTS  shift 74
	CONTENT_P  shift 75
	CONTINUE_P  shift 76
	CONVERSION_P  shift 77
	COPY  shift 78
	COST  shift 79
	CSV  shift 80
	CUBE  shift 81
	CURRENT_P  shift 82
	CURSOR  shift 83
	CYCLE  shift 84
	DATA_P  shift 85
	DATABASE  shift 86
	DAY_P  shift 87
	DEALLOCATE  shift 88
	DEC  shift 365
	DECIMAL_P  shift 366
	DECLARE  shift 89
	DEFAULTS  shift 90
	DEFERRED  shift 91
	DEFINER  shift 92
	DELETE_P  shift 93
	DELIMITER  shift 94
	DELIMITERS  shift 95
	DEPENDS  shift 96
	DEPTH  shift 97
	DETACH  shift 98
	DICTIONARY  shift 99
	DISABLE_P  shift 100
	DISCARD  shift 101
	DOCUMENT_P  shift 102
	DOMAIN_P  shift 103
	DOUBLE_P  shift 104
	DROP  shift 105
	EACH  shift 106
	EMPTY_P  shift 107
	ENABLE_P  shift 108
	ENCODING  shift 109
	ENCRYPTED  shift 110
	ENFORCED  shift 111
	ENUM_P  shift 112
	ERROR_P  shift 113
	ESCAPE  shift 114
	EVENT  shift 115
	EXCLUDE  shift 116
	EXCLUDING  shift 117
	EXCLUSIVE  shift 118
	EXECUTE  shift 119
	EXISTS  shift 367
	EXPLAIN  shift 120
	EXPRESSION  shift 121
	EXTENSION  shift 122
	EXTERNAL  shift 123
	EXTRACT  shift 368
	FALSE_P  shift 451
	FAMILY  shift 124
	FILTER  shift 125
	FINALIZE  shift 126
	FIRST_P  shift 127
	FLOAT_P  shift 369
	FOLLOWING  shift 128
	FORCE  shift 129
	FORMAT  shift 130
	FORWARD  shift 131
	FUNCTION  shift 132
	FUNCTIONS  shift 133
	GENERATED  shift 134
	GLOBAL  shift 135
	GRANTED  shift 136
	GREATEST  shift 370
	GROUPING  shift 371
	GROUPS  shift 137
	HANDLER  shift 138
	HEADER_P  shift 139
	HOLD  shift 140
	HOUR_P  shift 141
	IDENTITY_P  shift 142
	IF_P  shift 143
	IMMEDIATE  shift 144
	IMMUTABLE  shift 145
	IMPLICIT_P  shift 146
	IMPORT_P  shift 147
	INCLUDE  shift 148
	INCLUDING  shift 149
	INCREMENT  shift 150
	INDENT  shift 151
	INDEX  shift 152
	INDEXES  shift 153
	INHERIT  shift 154
	INHERITS  shift 155
	INLINE_P  shift 156
	INOUT  shift 372
	INPUT_P  shift 157
	INSENSITIVE  shift 158
	INSERT  shift 159
	INSTEAD  shift 160
	INT_P  shift 373
	INTEGER  shift 374
	INTERVAL  shift 375
	INVOKER  shift 161
	ISOLATION  shift 162
	JSON  shift 376
	JSON_ARRAY  shift 377
	JSON_ARRAYAGG  shift 378
	JSON_EXISTS  shift 379
	JSON_OBJECT  shift 380
	JSON_OBJECTAGG  shift 381
	JSON_QUERY  shift 382
	JSON_SCALAR  shift 383
	JSON_SERIALIZE  shift 384
	JSON_TABLE  shift 385
	JSON_VALUE  shift 386
	KEEP  shift 163
	KEY  shift 164
	KEYS  shift 165
	LABEL  shift 166
	LANGUAGE  shift 167
	LARGE_P  shift 168
	LAST_P  shift 169
	LEAKPROOF  shift 170
	LEAST  shift 387
	LEVEL  shift 171
	LISTEN  shift 172
	LOAD  shift 173
	LOCAL  shift 174
	LOCATION  shift 175
	LOCK_P  shift 176
	LOCKED  shift 177
	LOGGED  shift 178
	MAPPING  shift 179
	MATCH  shift 180
	MATCHED  shift 181
	MATERIALIZED  shift 182
	MAXVALUE  shift 183
	MERGE  shift 184
	MERGE_ACTION  shift 388
	METHOD  shift 185
	MINUTE_P  shift 186
	MINVALUE  shift 187
	MODE  shift 188
	MONTH_P  shift 189
	MOVE  shift 190
	NAME_P  shift 191
	NAMES  shift 192
	NATIONAL  shift 389
	NCHAR  shift 390
	NESTED  shift 193
	NEW  shift 194
	NEXT  shift 195
	NFC  shift 196
	NFD  shift 197
	NFKC  shift 198
	NFKD  shift 199
	NO  shift 200
	NONE  shift 391
	NORMALIZE  shift 392
	NORMALIZED  shift 201
	NOT  shift 443
	NOTHING  shift 202
	NOTIFY  shift 203
	NOWAIT  shift 204
	NULL_P  shift 452
	NULLIF  shift 393
	NULLS_P  shift 205
	NUMERIC  shift 394
	OBJECT_P  shift 206
	OBJECTS_P  shift 207
	OF  shift 208
	OFF  shift 209
	OIDS  shift 210
	OLD  shift 211
	OMIT  shift 212
	OPERATOR  shift 213
	OPTION  shift 214
	OPTIONS  shift 215
	ORDINALITY  shift 216
	OTHERS  shift 217
	OUT_P  shift 395
	OVER  shift 218
	OVERLAY  shift 396
	OVERRIDING  shift 219
	OWNED  shift 220
	OWNER  shift 221
	PARALLEL  shift 222
	PARAMETER  shift 223
	PARSER  shift 224
	PARTIAL  shift 225
	PARTITION  shift 226
	PASSING  shift 227
	PASSWORD  shift 228
	PATH  shift 229
	PERIOD  shift 230
	PLAN  shift 231
	PLANS  shift 232
	POLICY  shift 233
	POSITION  shift 397
	PRECEDING  shift 234
	PRECISION  shift 398
	PREPARE  shift 235
	PREPARED  shift 236
	PRESERVE  shift 237
	PRIOR  shift 238
	PRIVILEGES  shift 239
	PROCEDURAL  shift 240
	PROCEDURE  shift 241
	PROCEDURES  shift 242
	PROGRAM  shift 243
	PUBLICATION  shift 244
	QUOTE  shift 245
	QUOTES  shift 246
	RANGE  shift 247
	READ  shift 248
	REAL  shift 399
	REASSIGN  shift 249
	RECURSIVE  shift 250
	REF_P  shift 251
	REFERENCING  shift 252
	REFRESH  shift 253
	REINDEX  shift 254
	RELATIVE_P  shift 255
	RELEASE  shift 256
	RENAME  shift 257
	REPEATABLE  shift 258
	REPLACE  shift 259
	REPLICA  shift 260
	RESET  shift 261
	RESTART  shift 262
	RESTRICT  shift 263
	RETURN  shift 264
	RETURNS  shift 265
	REVOKE  shift 266
	ROLE  shift 267
	ROLLBACK  shift 268
	ROLLUP  shift 269
	ROUTINE  shift 270
	ROUTINES  shift 271
	ROW  shift 400
	ROWS  shift 272
	RULE  shift 273
	SAVEPOINT  shift 274
	SCALAR  shift 275
	SCHEMA  shift 276
	SCHEMAS  shift 277
	SCROLL  shift 278
	SEARCH  shift 279
	SECOND_P  shift 280
	SECURITY  shift 281
	SEQUENCE  shift 282
	SEQUENCES  shift 283
	SERIALIZABLE  shift 284
	SERVER  shift 285
	SESSION  shift 286
	SET  shift 287
	SETOF  shift 401
	SETS  shift 288
	SHARE  shift 289
	SHOW  shift 290
	SIMPLE  shift 291
	SKIP  shift 292
	SMALLINT  shift 402
	SNAPSHOT  shift 293
	SOURCE  shift 294
	SQL_P  shift 295
	STABLE  shift 296
	STANDALONE_P  shift 297
	START  shift 298
	STATEMENT  shift 299
	STATISTICS  shift 300
	STDIN  shift 301
	STDOUT  shift 302
	STORAGE  shift 303
	STORED  shift 304
	STRICT_P  shift 305
	STRING_P  shift 306
	STRIP_P  shift 307
	SUBSCRIPTION  shift 308
	SUBSTRING  shift 403
	SUPPORT  shift 309
	SYSID  shift 310
	SYSTEM_P  shift 311
	TABLES  shift 312
	TABLESPACE  shift 313
	TARGET  shift 314
	TEMP  shift 315
	TEMPLATE  shift 316
	TEMPORARY  shift 317
	TEXT_P  shift 318
	TIES  shift 319
	TIME  shift 404
	TIMESTAMP  shift 405
	TRANSACTION  shift 320
	TRANSFORM  shift 321
	TREAT  shift 406
	TRIGGER  shift 322
	TRIM  shift 407
	TRUE_P  shift 450
	TRUNCATE  shift 323
	TRUSTED  shift 324
	TYPE_P  shift 325
	TYPES_P  shift 326
	UESCAPE  shift 327
	UNBOUNDED  shift 328
	UNCOMMITTED  shift 329
	UNCONDITIONAL  shift 330
	UNENCRYPTED  shift 331
	UNKNOWN  shift 332
	UNLISTEN  shift 333
	UNLOGGED  shift 334
	UNTIL  shift 335
	UPDATE  shift 336
	VACUUM  shift 337
	VALID  shift 338
	VALIDATE  shift 339
	VALIDATOR  shift 340
	VALUE_P  shift 341
	VALUES  shift 408
	VARCHAR  shift 409
	VARYING  shift 342
	VERSION_P  shift 343
	VIEW  shift 344
	VIEWS  shift 345
	VIRTUAL  shift 346
	VOLATILE  shift 347
	WHITESPACE_P  shift 348
	WITHIN  shift 349
	WITHOUT  shift 350
	WORK  shift 351
	WRAPPER  shift 352
	WRITE  shift 353
	XML_P  shift 354
	XMLATTRIBUTES  shift 410
	XMLCONCAT  shift 411
	XMLELEMENT  shift 412
	XMLEXISTS  shift 413
	XMLFOREST  shift 414
	XMLNAMESPACES  shift 415
	XMLPARSE  shift 416
	XMLPI  shift 417
	XMLROOT  shift 418
	XMLSERIALIZE  shift 419
	XMLTABLE  shift 420
	YEAR_P  shift 355
	YES_P  shift 356
	ZONE  shift 357
	IDENT  shift 25
	FCONST  shift 448
	SCONST  shift 449
	ICONST  shift 447
	PARAM  shift 453
	'+'  shift 445
	'-'  shift 444
	'('  shift 446
	.  error

	unreserved_keyword  goto 26
	col_name_keyword  goto 27
	qualified_name  goto 454
	a_expr  goto 1075
	c_expr  goto 442
	ColId  goto 24

state 1023
	opt_from_clause:  FROM from_list.    (77)
	from_list:  from_list.',' table_ref 

	','  shift 1076
	.  reduce 77 (src line 708)


state 1024
	from_list:  table_ref.    (78)
	table_ref:  table_ref.join_outer base_table_ref join_qual_opt 

	CROSS  shift 1084
	FULL  shift 1083
	INNER_P  shift 1079
	JOIN  shift 1078
	LEFT  shift 1081
	NATURAL  shift 1080
	RIGHT  shift 1082
	.  reduce 78 (src line 713)

	join_outer  goto 1077

state 1025
	table_ref:  base_table_ref.    (80)

	.  reduce 80 (src line 729)


state 1026
	base_table_ref:  relation_expr_opt_alias.    (106)

	.  reduce 106 (src line 874)


state 1027
	base_table_ref:  ONLY.qualified_name opt_alias_ident 

	ABORT_P  shift 28
	ABSENT  shift 29
	ABSOLUTE_P  shift 30
	ACCESS  shift 31
	ACTION  shift 32
	ADD_P  shift 33
	ADMIN  shift 34
	AFTER  shift 35
	AGGREGATE  shift 36
	ALSO  shift 37
	ALTER  shift 38
	ALWAYS  shift 39
	ASENSITIVE  shift 40
	ASSERTION  shift 41
	ASSIGNMENT  shift 42
	AT  shift 43
	ATOMIC  shift 44
	ATTACH  shift 45
	ATTRIBUTE  shift 46
	BACKWARD  shift 47
	BEFORE  shift 48
	BEGIN_P  shift 49
	BETWEEN  shift 358
	BIGINT  shift 359
	BIT  shift 360
	BOOLEAN_P  shift 361
	BREADTH  shift 50
	BY  shift 51
	CACHE  shift 52
	CALL  shift 53
	CALLED  shift 54
	CASCADE  shift 55
	CASCADED  shift 56
	CATALOG_P  shift 57
	CHAIN  shift 58
	CHAR_P  shift 362
	CHARACTER  shift 363
	CHARACTERISTICS  shift 59
	CHECKPOINT  shift 60
	CLASS  shift 61
	CLOSE  shift 62
	CLUSTER  shift 63
	COALESCE  shift 364
	COLUMNS  shift 64
	COMMENT  shift 65
	COMMENTS  shift 66
	COMMIT  shift 67
	COMMITTED  shift 68
	COMPRESSION  shift 69
	CONDITIONAL  shift 70
	CONFIGURATION  shift 71
	CONFLICT  shift 72
	CONNECTION  shift 73
	CONSTRAINTS  shift 74
	CONTENT_P  shift 75
	CONTINUE_P  shift 76
	CONVERSION_P  shift 77
	COPY  shift 78
	COST  shift 79
	CSV  shift 80
	CUBE  shift 81
	CURRENT_P  shift 82
	CURSOR  shift 83
	CYCLE  shift 84
	DATA_P  shift 85
	DATABASE  shift 86
	DAY_P  shift 87
	DEALLOCATE  shift 88
	DEC  shift 365
	DECIMAL_P  shift 366
	DECLARE  shift 89
	DEFAULTS  shift 90
	DEFERRED  shift 91
	DEFINER  shift 92
	DELETE_P  shift 93
	DELIMITER  shift 94
	DELIMITERS  shift 95
	DEPENDS  shift 96
	DEPTH  shift 97
	DETACH  shift 98
	DICTIONARY  shift 99
	DISABLE_P  shift 100
	DISCARD  shift 101
	DOCUMENT_P  shift 102
	DOMAIN_P  shift 103
	DOUBLE_P  shift 104
	DROP  shift 105
	EACH  shift 106
	EMPTY_P  shift 107
	ENABLE_P  shift 108
	ENCODING  shift 109
	ENCRYPTED  shift 110
	ENFORCED  shift 111
	ENUM_P  shift 112
	ERROR_P  shift 113
	ESCAPE  shift 114
	EVENT  shift 115
	EXCLUDE  shift 116
	EXCLUDING  shift 117
	EXCLUSIVE  shift 118
	EXECUTE  shift 119
	EXISTS  shift 367
	EXPLAIN  shift 120
	EXPRESSION  shift 121
	EXTENSION  shift 122
	EXTERNAL  shift 123
	EXTRACT  shift 368
	FAMILY  shift 124
	FILTER  shift 125
	FINALIZE  shift 126
	FIRST_P  shift 127
	FLOAT_P  shift 369
	FOLLOWING  shift 128
	FORCE  shift 129
	FORMAT  shift 130
	FORWARD  shift 131
	FUNCTION  shift 132
	FUNCTIONS  shift 133
	GENERATED  shift 134
	GLOBAL  shift 135
	GRANTED  shift 136
	GREATEST  shift 370
	GROUPING  shift 371
	GROUPS  shift 137
	HANDLER  shift 138
	HEADER_P  shift 139
	HOLD  shift 140
	HOUR_P  shift 141
	IDENTITY_P  shift 142
	IF_P  shift 143
	IMMEDIATE  shift 144
	IMMUTABLE  shift 145
	IMPLICIT_P  shift 146
	IMPORT_P  shift 147
	INCLUDE  shift 148
	INCLUDING  shift 149
	INCREMENT  shift 150
	INDENT  shift 151
	INDEX  shift 152
	INDEXES  shift 153
	INHERIT  shift 154
	INHERITS  shift 155
	INLINE_P  shift 156
	INOUT  shift 372
	INPUT_P  shift 157
	INSENSITIVE  shift 158
	INSERT  shift 159
	INSTEAD  shift 160
	INT_P  shift 373
	INTEGER  shift 374
	INTERVAL  shift 375
	INVOKER  shift 161
	ISOLATION  shift 162
	JSON  shift 376
	JSON_ARRAY  shift 377
	JSON_ARRAYAGG  shift 378
	JSON_EXISTS  shift 379
	JSON_OBJECT  shift 380
	JSON_OBJECTAGG  shift 381
	JSON_QUERY  shift 382
	JSON_SCALAR  shift 383
	JSON_SERIALIZE  shift 384
	JSON_TABLE  shift 385
	JSON_VALUE  shift 386
	KEEP  shift 163
	KEY  shift 164
	KEYS  shift 165
	LABEL  shift 166
	LANGUAGE  shift 167
	LARGE_P  shift 168
	LAST_P  shift 169
	LEAKPROOF  shift 170
	LEAST  shift 387
	LEVEL  shift 171
	LISTEN  shift 172
	LOAD  shift 173
	LOCAL  shift 174
	LOCATION  shift 175
	LOCK_P  shift 176
	LOCKED  shift 177
	LOGGED  shift 178
	MAPPING  shift 179
	MATCH  shift 180
	MATCHED  shift 181
	MATERIALIZED  shift 182
	MAXVALUE  shift 183
	MERGE  shift 184
	MERGE_ACTION  shift 388
	METHOD  shift 185
	MINUTE_P  shift 186
	MINVALUE  shift 187
	MODE  shift 188
	MONTH_P  shift 189
	MOVE  shift 190
	NAME_P  shift 191
	NAMES  shift 192
	NATIONAL  shift 389
	NCHAR  shift 390
	NESTED  shift 193
	NEW  shift 194
	NEXT  shift 195
	NFC  shift 196
	NFD  shift 197
	NFKC  shift 198
	NFKD  shift 199
	NO  shift 200
	NONE  shift 391
	NORMALIZE  shift 392
	NORMALIZED  shift 201
	NOTHING  shift 202
	NOTIFY  shift 203
	NOWAIT  shift 204
	NULLIF  shift 393
	NULLS_P  shift 205
	NUMERIC  shift 394
	OBJECT_P  shift 206
	OBJECTS_P  shift 207
	OF  shift 208
	OFF  shift 209
	OIDS  shift 210
	OLD  shift 211
	OMIT  shift 212
	OPERATOR  shift 213
	OPTION  shift 214
	OPTIONS  shift 215
	ORDINALITY  shift 216
	OTHERS  shift 217
	OUT_P  shift 395
	OVER  shift 218
	OVERLAY  shift 396
	OVERRIDING  shift 219
	OWNED  shift 220
	OWNER  shift 221
	PARALLEL  shift 222
	PARAMETER  shift 223
	PARSER  shift 224
	PARTIAL  shift 225
	PARTITION  shift 226
	PASSING  shift 227
	PASSWORD  shift 228
	PATH  shift 229
	PERIOD  shift 230
	PLAN  shift 231
	PLANS  shift 232
	POLICY  shift 233
	POSITION  shift 397
	PRECEDING  shift 234
	PRECISION  shift 398
	PREPARE  shift 235
	PREPARED  shift 236
	PRESERVE  shift 237
	PRIOR  shift 238
	PRIVILEGES  shift 239
	PROCEDURAL  shift 240
	PROCEDURE  shift 241
	PROCEDURES  shift 242
	PROGRAM  shift 243
	PUBLICATION  shift 244
	QUOTE  shift 245
	QUOTES  shift 246
	RANGE  shift 247
	READ  shift 248
	REAL  shift 399
	REASSIGN  shift 249
	RECURSIVE  shift 250
	REF_P  shift 251
	REFERENCING  shift 252
	REFRESH  shift 253
	REINDEX  shift 254
	RELATIVE_P  shift 255
	RELEASE  shift 256
	RENAME  shift 257
	REPEATABLE  shift 258
	REPLACE  shift 259
	REPLICA  shift 260
	RESET  shift 261
	RESTART  shift 262
	RESTRICT  shift 263
	RETURN  shift 264
	RETURNS  shift 265
	REVOKE  shift 266
	ROLE  shift 267
	ROLLBACK  shift 268
	ROLLUP  shift 269
	ROUTINE  shift 270
	ROUTINES  shift 271
	ROW  shift 400
	ROWS  shift 272
	RULE  shift 273
	SAVEPOINT  shift 274
	SCALAR  shift 275
	SCHEMA  shift 276
	SCHEMAS  shift 277
	SCROLL  shift 278
	SEARCH  shift 279
	SECOND_P  shift 280
	SECURITY  shift 281
	SEQUENCE  shift 282
	SEQUENCES  shift 283
	SERIALIZABLE  shift 284
	SERVER  shift 285
	SESSION  shift 286
	SET  shift 287
	SETOF  shift 401
	SETS  shift 288
	SHARE  shift 289
	SHOW  shift 290
	SIMPLE  shift 291
	SKIP  shift 292
	SMALLINT  shift 402
	SNAPSHOT  shift 293
	SOURCE  shift 294
	SQL_P  shift 295
	STABLE  shift 296
	STANDALONE_P  shift 297
	START  shift 298
	STATEMENT  shift 299
	STATISTICS  shift 300
	STDIN  shift 301
	STDOUT  shift 302
	STORAGE  shift 303
	STORED  shift 304
	STRICT_P  shift 305
	STRING_P  shift 306
	STRIP_P  shift 307
	SUBSCRIPTION  shift 308
	SUBSTRING  shift 403
	SUPPORT  shift 309
	SYSID  shift 310
	SYSTEM_P  shift 311
	TABLES  shift 312
	TABLESPACE  shift 313
	TARGET  shift 314
	TEMP  shift 315
	TEMPLATE  shift 316
	TEMPORARY  shift 317
	TEXT_P  shift 318
	TIES  shift 319
	TIME  shift 404
	TIMESTAMP  shift 405
	TRANSACTION  shift 320
	TRANSFORM  shift 321
	TREAT  shift 406
	TRIGGER  shift 322
	TRIM  shift 407
	TRUNCATE  shift 323
	TRUSTED  shift 324
	TYPE_P  shift 325
	TYPES_P  shift 326
	UESCAPE  shift 327
	UNBOUNDED  shift 328
	UNCOMMITTED  shift 329
	UNCONDITIONAL  shift 330
	UNENCRYPTED  shift 331
	UNKNOWN  shift 332
	UNLISTEN  shift 333
	UNLOGGED  shift 334
	UNTIL  shift 335
	UPDATE  shift 336
	VACUUM  shift 337
	VALID  shift 338
	VALIDATE  shift 339
	VALIDATOR  shift 340
	VALUE_P  shift 341
	VALUES  shift 408
	VARCHAR  shift 409
	VARYING  shift 342
	VERSION_P  shift 343
	VIEW  shift 344
	VIEWS  shift 345
	VIRTUAL  shift 346
	VOLATILE  shift 347
	WHITESPACE_P  shift 348
	WITHIN  shift 349
	WITHOUT  shift 350
	WORK  shift 351
	WRAPPER  shift 352
	WRITE  shift 353
	XML_P  shift 354
	XMLATTRIBUTES  shift 410
	XMLCONCAT  shift 411
	XMLELEMENT  shift 412
	XMLEXISTS  shift 413
	XMLFOREST  shift 414
	XMLNAMESPACES  shift 415
	XMLPARSE  shift 416
	XMLPI  shift 417
	XMLROOT  shift 418
	XMLSERIALIZE  shift 419
	XMLTABLE  shift 420
	YEAR_P  shift 355
	YES_P  shift 356
	ZONE  shift 357
	IDENT  shift 25
	.  error

	unreserved_keyword  goto 26
	col_name_keyword  goto 27
	qualified_name  goto 1085
	ColId  goto 24

state 1028
	base_table_ref:  '('.table_ref ')' opt_derived_alias 
	base_table_ref:  '('.SelectStmt ')' opt_derived_alias 

	ABORT_P  shift 28
	ABSENT  shift 29
	ABSOLUTE_P  shift 30
	ACCESS  shift 31
	ACTION  shift 32
	ADD_P  shift 33
	ADMIN  shift 34
	AFTER  shift 35
	AGGREGATE  shift 36
	ALSO  shift 37
	ALTER  shift 38
	ALWAYS  shift 39
	ASENSITIVE  shift 40
	ASSERTION  shift 41
	ASSIGNMENT  shift 42
	AT  shift 43
	ATOMIC  shift 44
	ATTACH  shift 45
	ATTRIBUTE  shift 46
	BACKWARD  shift 47
	BEFORE  shift 48
	BEGIN_P  shift 49
	BETWEEN  shift 358
	BIGINT  shift 359
	BIT  shift 360
	BOOLEAN_P  shift 361
	BREADTH  shift 50
	BY  shift 51
	CACHE  shift 52
	CALL  shift 53
	CALLED  shift 54
	CASCADE  shift 55
	CASCADED  shift 56
	CATALOG_P  shift 57
	CHAIN  shift 58
	CHAR_P  shift 362
	CHARACTER  shift 363
	CHARACTERISTICS  shift 59
	CHECKPOINT  shift 60
	CLASS  shift 61
	CLOSE  shift 62
	CLUSTER  shift 63
	COALESCE  shift 364
	COLUMNS  shift 64
	COMMENT  shift 65
	COMMENTS  shift 66
	COMMIT  shift 67
	COMMITTED  shift 68
	COMPRESSION  shift 69
	CONDITIONAL  shift 70
	CONFIGURATION  shift 71
	CONFLICT  shift 72
	CONNECTION  shift 73
	CONSTRAINTS  shift 74
	CONTENT_P  shift 75
	CONTINUE_P  shift 76
	CONVERSION_P  shift 77
	COPY  shift 78
	COST  shift 79
	CSV  shift 80
	CUBE  shift 81
	CURRENT_P  shift 82
	CURSOR  shift 83
	CYCLE  shift 84
	DATA_P  shift 85
	DATABASE  shift 86
	DAY_P  shift 87
	DEALLOCATE  shift 88
	DEC  shift 365
	DECIMAL_P  shift 366
	DECLARE  shift 89
	DEFAULTS  shift 90
	DEFERRED  shift 91
	DEFINER  shift 92
	DELETE_P  shift 93
	DELIMITER  shift 94
	DELIMITERS  shift 95
	DEPENDS  shift 96
	DEPTH  shift 97
	DETACH  shift 98
	DICTIONARY  shift 99
	DISABLE_P  shift 100
	DISCARD  shift 101
	DOCUMENT_P  shift 102
	DOMAIN_P  shift 103
	DOUBLE_P  shift 104
	DROP  shift 105
	EACH  shift 106
	EMPTY_P  shift 107
	ENABLE_P  shift 108
	ENCODING  shift 109
	ENCRYPTED  shift 110
	ENFORCED  shift 111
	ENUM_P  shift 112
	ERROR_P  shift 113
	ESCAPE  shift 114
	EVENT  shift 115
	EXCLUDE  shift 116
	EXCLUDING  shift 117
	EXCLUSIVE  shift 118
	EXECUTE  shift 119
	EXISTS  shift 367
	EXPLAIN  shift 120
	EXPRESSION  shift 121
	EXTENSION  shift 122
	EXTERNAL  shift 123
	EXTRACT  shift 368
	FAMILY  shift 124
	FILTER  shift 125
	FINALIZE  shift 126
	FIRST_P  shift 127
	FLOAT_P  shift 369
	FOLLOWING  shift 128
	FORCE  shift 129
	FORMAT  shift 130
	FORWARD  shift 131
	FUNCTION  shift 132
	FUNCTIONS  shift 133
	GENERATED  shift 134
	GLOBAL  shift 135
	GRANTED  shift 136
	GREATEST  shift 370
	GROUPING  shift 371
	GROUPS  shift 137
	HANDLER  shift 138
	HEADER_P  shift 139
	HOLD  shift 140
	HOUR_P  shift 141
	IDENTITY_P  shift 142
	IF_P  shift 143
	IMMEDIATE  shift 144
	IMMUTABLE  shift 145
	IMPLICIT_P  shift 146
	IMPORT_P  shift 147
	INCLUDE  shift 148
	INCLUDING  shift 149
	INCREMENT  shift 150
	INDENT  shift 151
	INDEX  shift 152
	INDEXES  shift 153
	INHERIT  shift 154
	INHERITS  shift 155
	INLINE_P  shift 156
	INOUT  shift 372
	INPUT_P  shift 157
	INSENSITIVE  shift 158
	INSERT  shift 159
	INSTEAD  shift 160
	INT_P  shift 373
	INTEGER  shift 374
	INTERVAL  shift 375
	INVOKER  shift 161
	ISOLATION  shift 162
	JSON  shift 376
	JSON_ARRAY  shift 377
	JSON_ARRAYAGG  shift 378
	JSON_EXISTS  shift 379
	JSON_OBJECT  shift 380
	JSON_OBJECTAGG  shift 381
	JSON_QUERY  shift 382
	JSON_SCALAR  shift 383
	JSON_SERIALIZE  shift 384
	JSON_TABLE  shift 385
	JSON_VALUE  shift 386
	KEEP  shift 163
	KEY  shift 164
	KEYS  shift 165
	LABEL  shift 166
	LANGUAGE  shift 167
	LARGE_P  shift 168
	LAST_P  shift 169
	LATERAL_P  shift 1029
	LEAKPROOF  shift 170
	LEAST  shift 387
	LEVEL  shift 171
	LISTEN  shift 172
	LOAD  shift 173
	LOCAL  shift 174
	LOCATION  shift 175
	LOCK_P  shift 176
	LOCKED  shift 177
	LOGGED  shift 178
	MAPPING  shift 179
	MATCH  shift 180
	MATCHED  shift 181
	MATERIALIZED  shift 182
	MAXVALUE  shift 183
	MERGE  shift 184
	MERGE_ACTION  shift 388
	METHOD  shift 185
	MINUTE_P  shift 186
	MINVALUE  shift 187
	MODE  shift 188
	MONTH_P  shift 189
	MOVE  shift 190
	NAME_P  shift 191
	NAMES  shift 192
	NATIONAL  shift 389
	NCHAR  shift 390
	NESTED  shift 193
	NEW  shift 194
	NEXT  shift 195
	NFC  shift 196
	NFD  shift 197
	NFKC  shift 198
	NFKD  shift 199
	NO  shift 200
	NONE  shift 391
	NORMALIZE  shift 392
	NORMALIZED  shift 201
	NOTHING  shift 202
	NOTIFY  shift 203
	NOWAIT  shift 204
	NULLIF  shift 393
	NULLS_P  shift 205
	NUMERIC  shift 394
	OBJECT_P  shift 206
	OBJECTS_P  shift 207
	OF  shift 208
	OFF  shift 209
	OIDS  shift 210
	OLD  shift 211
	OMIT  shift 212
	ONLY  shift 1027
	OPERATOR  shift 213
	OPTION  shift 214
	OPTIONS  shift 215
	ORDINALITY  shift 216
	OTHERS  shift 217
	OUT_P  shift 395
	OVER  shift 218
	OVERLAY  shift 396
	OVERRIDING  shift 219
	OWNED  shift 220
	OWNER  shift 221
	PARALLEL  shift 222
	PARAMETER  shift 223
	PARSER  shift 224
	PARTIAL  shift 225
	PARTITION  shift 226
	PASSING  shift 227
	PASSWORD  shift 228
	PATH  shift 229
	PERIOD  shift 230
	PLAN  shift 231
	PLANS  shift 232
	POLICY  shift 233
	POSITION  shift 397
	PRECEDING  shift 234
	PRECISION  shift 398
	PREPARE  shift 235
	PREPARED  shift 236
	PRESERVE  shift 237
	PRIOR  shift 238
	PRIVILEGES  shift 239
	PROCEDURAL  shift 240
	PROCEDURE  shift 241
	PROCEDURES  shift 242
	PROGRAM  shift 243
	PUBLICATION  shift 244
	QUOTE  shift 245
	QUOTES  shift 246
	RANGE  shift 247
	READ  shift 248
	REAL  shift 399
	REASSIGN  shift 249
	RECURSIVE  shift 250
	REF_P  shift 251
	REFERENCING  shift 252
	REFRESH  shift 253
	REINDEX  shift 254
	RELATIVE_P  shift 255
	RELEASE  shift 256
	RENAME  shift 257
	REPEATABLE  shift 258
	REPLACE  shift 259
	REPLICA  shift 260
	RESET  shift 261
	RESTART  shift 262
	RESTRICT  shift 263
	RETURN  shift 264
	RETURNS  shift 265
	REVOKE  shift 266
	ROLE  shift 267
	ROLLBACK  shift 268
	ROLLUP  shift 269
	ROUTINE  shift 270
	ROUTINES  shift 271
	ROW  shift 400
	ROWS  shift 1032
	RULE  shift 273
	SAVEPOINT  shift 274
	SCALAR  shift 275
	SCHEMA  shift 276
	SCHEMAS  shift 277
	SCROLL  shift 278
	SEARCH  shift 279
	SECOND_P  shift 280
	SECURITY  shift 281
	SELECT  shift 11
	SEQUENCE  shift 282
	SEQUENCES  shift 283
	SERIALIZABLE  shift 284
	SERVER  shift 285
	SESSION  shift 286
	SET  shift 287
	SETOF  shift 401
	SETS  shift 288
	SHARE  shift 289
	SHOW  shift 290
	SIMPLE  shift 291
	SKIP  shift 292
	SMALLINT  shift 402
	SNAPSHOT  shift 293
	SOURCE  shift 294
	SQL_P  shift 295
	STABLE  shift 296
	STANDALONE_P  shift 297
	START  shift 298
	STATEMENT  shift 299
	STATISTICS  shift 300
	STDIN  shift 301
	STDOUT  shift 302
	STORAGE  shift 303
	STORED  shift 304
	STRICT_P  shift 305
	STRING_P  shift 306
	STRIP_P  shift 307
	SUBSCRIPTION  shift 308
	SUBSTRING  shift 403
	SUPPORT  shift 309
	SYSID  shift 310
	SYSTEM_P  shift 311
	TABLE  shift 9
	TABLES  shift 312
	TABLESPACE  shift 313
	TARGET  shift 314
	TEMP  shift 315
	TEMPLATE  shift 316
	TEMPORARY  shift 317
	TEXT_P  shift 318
	TIES  shift 319
	TIME  shift 404
	TIMESTAMP  shift 405
	TRANSACTION  shift 320
	TRANSFORM  shift 321
	TREAT  shift 406
	TRIGGER  shift 322
	TRIM  shift 407
	TRUNCATE  shift 323
	TRUSTED  shift 324
	TYPE_P  shift 325
	TYPES_P  shift 326
	UESCAPE  shift 327
	UNBOUNDED  shift 328
	UNCOMMITTED  shift 329
	UNCONDITIONAL  shift 330
	UNENCRYPTED  shift 331
	UNKNOWN  shift 332
	UNLISTEN  shift 333
	UNLOGGED  shift 334
	UNTIL  shift 335
	UPDATE  shift 336
	VACUUM  shift 337
	VALID  shift 338
	VALIDATE  shift 339
	VALIDATOR  shift 340
	VALUE_P  shift 341
	VALUES  shift 1088
	VARCHAR  shift 409
	VARYING  shift 342
	VERSION_P  shift 343
	VIEW  shift 344
	VIEWS  shift 345
	VIRTUAL  shift 346
	VOLATILE  shift 347
	WHITESPACE_P  shift 348
	WITH  shift 10
	WITHIN  shift 349
	WITHOUT  shift 350
	WORK  shift 351
	WRAPPER  shift 352
	WRITE  shift 353
	XML_P  shift 354
	XMLATTRIBUTES  shift 410
	XMLCONCAT  shift 411
	XMLELEMENT  shift 412
	XMLEXISTS  shift 413
	XMLFOREST  shift 414
	XMLNAMESPACES  shift 415
	XMLPARSE  shift 416
	XMLPI  shift 417
	XMLROOT  shift 418
	XMLSERIALIZE  shift 419
	XMLTABLE  shift 420
	YEAR_P  shift 355
	YES_P  shift 356
	ZONE  shift 357
	IDENT  shift 25
	'('  shift 1028
	.  error

	unreserved_keyword  goto 26
	col_name_keyword  goto 27
	SelectStmt  goto 1087
	simple_select  goto 7
	base_select  goto 5
	with_clause  goto 6
	table_ref  goto 1086
	base_table_ref  goto 1025
	func_table_expr  goto 1030
	relation_expr_opt_alias  goto 1026
	qualified_name  goto 1031
	ColId  goto 24

state 1029
	base_table_ref:  LATERAL_P.'(' SelectStmt ')' opt_derived_alias 
	base_table_ref:  LATERAL_P.func_table_expr opt_derived_alias 

	ABORT_P  shift 28
	ABSENT  shift 29
	ABSOLUTE_P  shift 30
	ACCESS  shift 31
	ACTION  shift 32
	ADD_P  shift 33
	ADMIN  shift 34
	AFTER  shift 35
	AGGREGATE  shift 36
	ALSO  shift 37
	ALTER  shift 38
	ALWAYS  shift 39
	ASENSITIVE  shift 40
	ASSERTION  shift 41
	ASSIGNMENT  shift 42
	AT  shift 43
	ATOMIC  shift 44
	ATTACH  shift 45
	ATTRIBUTE  shift 46
	BACKWARD  shift 47
	BEFORE  shift 48
	BEGIN_P  shift 49
	BETWEEN  shift 358
	BIGINT  shift 359
	BIT  shift 360
	BOOLEAN_P  shift 361
	BREADTH  shift 50
	BY  shift 51
	CACHE  shift 52
	CALL  shift 53
	CALLED  shift 54
	CASCADE  shift 55
	CASCADED  shift 56
	CATALOG_P  shift 57
	CHAIN  shift 58
	CHAR_P  shift 362
	CHARACTER  shift 363
	CHARACTERISTICS  shift 59
	CHECKPOINT  shift 60
	CLASS  shift 61
	CLOSE  shift 62
	CLUSTER  shift 63
	COALESCE  shift 364
	COLUMNS  shift 64
	COMMENT  shift 65
	COMMENTS  shift 66
	COMMIT  shift 67
	COMMITTED  shift 68
	COMPRESSION  shift 69
	CONDITIONAL  shift 70
	CONFIGURATION  shift 71
	CONFLICT  shift 72
	CONNECTION  shift 73
	CONSTRAINTS  shift 74
	CONTENT_P  shift 75
	CONTINUE_P  shift 76
	CONVERSION_P  shift 77
	COPY  shift 78
	COST  shift 79
	CSV  shift 80
	CUBE  shift 81
	CURRENT_P  shift 82
	CURSOR  shift 83
	CYCLE  shift 84
	DATA_P  shift 85
	DATABASE  shift 86
	DAY_P  shift 87
	DEALLOCATE  shift 88
	DEC  shift 365
	DECIMAL_P  shift 366
	DECLARE  shift 89
	DEFAULTS  shift 90
	DEFERRED  shift 91
	DEFINER  shift 92
	DELETE_P  shift 93
	DELIMITER  shift 94
	DELIMITERS  shift 95
	DEPENDS  shift 96
	DEPTH  shift 97
	DETACH  shift 98
	DICTIONARY  shift 99
	DISABLE_P  shift 100
	DISCARD  shift 101
	DOCUMENT_P  shift 102
	DOMAIN_P  shift 103
	DOUBLE_P  shift 104
	DROP  shift 105
	EACH  shift 106
	EMPTY_P  shift 107
	ENABLE_P  shift 108
	ENCODING  shift 109
	ENCRYPTED  shift 110
	ENFORCED  shift 111
	ENUM_P  shift 112
	ERROR_P  shift 113
	ESCAPE  shift 114
	EVENT  shift 115
	EXCLUDE  shift 116
	EXCLUDING  shift 117
	EXCLUSIVE  shift 118
	EXECUTE  shift 119
	EXISTS  shift 367
	EXPLAIN  shift 120
	EXPRESSION  shift 121
	EXTENSION  shift 122
	EXTERNAL  shift 123
	EXTRACT  shift 368
	FAMILY  shift 124
	FILTER  shift 125
	FINALIZE  shift 126
	FIRST_P  shift 127
	FLOAT_P  shift 369
	FOLLOWING  shift 128
	FORCE  shift 129
	FORMAT  shift 130
	FORWARD  shift 131
	FUNCTION  shift 132
	FUNCTIONS  shift 133
	GENERATED  shift 134
	GLOBAL  shift 135
	GRANTED  shift 136
	GREATEST  shift 370
	GROUPING  shift 371
	GROUPS  shift 137
	HANDLER  shift 138
	HEADER_P  shift 139
	HOLD  shift 140
	HOUR_P  shift 141
	IDENTITY_P  shift 142
	IF_P  shift 143
	IMMEDIATE  shift 144
	IMMUTABLE  shift 145
	IMPLICIT_P  shift 146
	IMPORT_P  shift 147
	INCLUDE  shift 148
	INCLUDING  shift 149
	INCREMENT  shift 150
	INDENT  shift 151
	INDEX  shift 152
	INDEXES  shift 153
	INHERIT  shift 154
	INHERITS  shift 155
	INLINE_P  shift 156
	INOUT  shift 372
	INPUT_P  shift 157
	INSENSITIVE  shift 158
	INSERT  shift 159
	INSTEAD  shift 160
	INT_P  shift 373
	INTEGER  shift 374
	INTERVAL  shift 375
	INVOKER  shift 161
	ISOLATION  shift 162
	JSON  shift 376
	JSON_ARRAY  shift 377
	JSON_ARRAYAGG  shift 378
	JSON_EXISTS  shift 379
	JSON_OBJECT  shift 380
	JSON_OBJECTAGG  shift 381
	JSON_QUERY  shift 382
	JSON_SCALAR  shift 383
	JSON_SERIALIZE  shift 384
	JSON_TABLE  shift 385
	JSON_VALUE  shift 386
	KEEP  shift 163
	KEY  shift 164
	KEYS  shift 165
	LABEL  shift 166
	LANGUAGE  shift 167
	LARGE_P  shift 168
	LAST_P  shift 169
	LEAKPROOF  shift 170
	LEAST  shift 387
	LEVEL  shift 171
	LISTEN  shift 172
	LOAD  shift 173
	LOCAL  shift 174
	LOCATION  shift 175
	LOCK_P  shift 176
	LOCKED  shift 177
	LOGGED  shift 178
	MAPPING  shift 179
	MATCH  shift 180
	MATCHED  shift 181
	MATERIALIZED  shift 182
	MAXVALUE  shift 183
	MERGE  shift 184
	MERGE_ACTION  shift 388
	METHOD  shift 185
	MINUTE_P  shift 186
	MINVALUE  shift 187
	MODE  shift 188
	MONTH_P  shift 189
	MOVE  shift 190
	NAME_P  shift 191
	NAMES  shift 192
	NATIONAL  shift 389
	NCHAR  shift 390
	NESTED  shift 193
	NEW  shift 194
	NEXT  shift 195
	NFC  shift 196
	NFD  shift 197
	NFKC  shift 198
	NFKD  shift 199
	NO  shift 200
	NONE  shift 391
	NORMALIZE  shift 392
	NORMALIZED  shift 201
	NOTHING  shift 202
	NOTIFY  shift 203
	NOWAIT  shift 204
	NULLIF  shift 393
	NULLS_P  shift 205
	NUMERIC  shift 394
	OBJECT_P  shift 206
	OBJECTS_P  shift 207
	OF  shift 208
	OFF  shift 209
	OIDS  shift 210
	OLD  shift 211
	OMIT  shift 212
	OPERATOR  shift 213
	OPTION  shift 214
	OPTIONS  shift 215
	ORDINALITY  shift 216
	OTHERS  shift 217
	OUT_P  shift 395
	OVER  shift 218
	OVERLAY  shift 396
	OVERRIDING  shift 219
	OWNED  shift 220
	OWNER  shift 221
	PARALLEL  shift 222
	PARAMETER  shift 223
	PARSER  shift 224
	PARTIAL  shift 225
	PARTITION  shift 226
	PASSING  shift 227
	PASSWORD  shift 228
	PATH  shift 229
	PERIOD  shift 230
	PLAN  shift 231
	PLANS  shift 232
	POLICY  shift 233
	POSITION  shift 397
	PRECEDING  shift 234
	PRECISION  shift 398
	PREPARE  shift 235
	PREPARED  shift 236
	PRESERVE  shift 237
	PRIOR  shift 238
	PRIVILEGES  shift 239
	PROCEDURAL  shift 240
	PROCEDURE  shift 241
	PROCEDURES  shift 242
	PROGRAM  shift 243
	PUBLICATION  shift 244
	QUOTE  shift 245
	QUOTES  shift 246
	RANGE  shift 247
	READ  shift 248
	REAL  shift 399
	REASSIGN  shift 249
	RECURSIVE  shift 250
	REF_P  shift 251
	REFERENCING  shift 252
	REFRESH  shift 253
	REINDEX  shift 254
	RELATIVE_P  shift 255
	RELEASE  shift 256
	RENAME  shift 257
	REPEATABLE  shift 258
	REPLACE  shift 259
	REPLICA  shift 260
	RESET  shift 261
	RESTART  shift 262
	RESTRICT  shift 263
	RETURN  shift 264
	RETURNS  shift 265
	REVOKE  shift 266
	ROLE  shift 267
	ROLLBACK  shift 268
	ROLLUP  shift 269
	ROUTINE  shift 270
	ROUTINES  shift 271
	ROW  shift 400
	ROWS  shift 1032
	RULE  shift 273
	SAVEPOINT  shift 274
	SCALAR  shift 275
	SCHEMA  shift 276
	SCHEMAS  shift 277
	SCROLL  shift 278
	SEARCH  shift 279
	SECOND_P  shift 280
	SECURITY  shift 281
	SEQUENCE  shift 282
	SEQUENCES  shift 283
	SERIALIZABLE  shift 284
	SERVER  shift 285
	SESSION  shift 286
	SET  shift 287
	SETOF  shift 401
	SETS  shift 288
	SHARE  shift 289
	SHOW  shift 290
	SIMPLE  shift 291
	SKIP  shift 292
	SMALLINT  shift 402
	SNAPSHOT  shift 293
	SOURCE  shift 294
	SQL_P  shift 295
	STABLE  shift 296
	STANDALONE_P  shift 297
	START  shift 298
	STATEMENT  shift 299
	STATISTICS  shift 300
	STDIN  shift 301
	STDOUT  shift 302
	STORAGE  shift 303
	STORED  shift 304
	STRICT_P  shift 305
	STRING_P  shift 306
	STRIP_P  shift 307
	SUBSCRIPTION  shift 308
	SUBSTRING  shift 403
	SUPPORT  shift 309
	SYSID  shift 310
	SYSTEM_P  shift 311
	TABLES  shift 312
	TABLESPACE  shift 313
	TARGET  shift 314
	TEMP  shift 315
	TEMPLATE  shift 316
	TEMPORARY  shift 317
	TEXT_P  shift 318
	TIES  shift 319
	TIME  shift 404
	TIMESTAMP  shift 405
	TRANSACTION  shift 320
	TRANSFORM  shift 321
	TREAT  shift 406
	TRIGGER  shift 322
	TRIM  shift 407
	TRUNCATE  shift 323
	TRUSTED  shift 324
	TYPE_P  shift 325
	TYPES_P  shift 326
	UESCAPE  shift 327
	UNBOUNDED  shift 328
	UNCOMMITTED  shift 329
	UNCONDITIONAL  shift 330
	UNENCRYPTED  shift 331
	UNKNOWN  shift 332
	UNLISTEN  shift 333
	UNLOGGED  shift 334
	UNTIL  shift 335
	UPDATE  shift 336
	VACUUM  shift 337
	VALID  shift 338
	VALIDATE  shift 339
	VALIDATOR  shift 340
	VALUE_P  shift 341
	VALUES  shift 408
	VARCHAR  shift 409
	VARYING  shift 342
	VERSION_P  shift 343
	VIEW  shift 344
	VIEWS  shift 345
	VIRTUAL  shift 346
	VOLATILE  shift 347
	WHITESPACE_P  shift 348
	WITHIN  shift 349
	WITHOUT  shift 350
	WORK  shift 351
	WRAPPER  shift 352
	WRITE  shift 353
	XML_P  shift 354
	XMLATTRIBUTES  shift 410
	XMLCONCAT  shift 411
	XMLELEMENT  shift 412
	XMLEXISTS  shift 413
	XMLFOREST  shift 414
	XMLNAMESPACES  shift 415
	XMLPARSE  shift 416
	XMLPI  shift 417
	XMLROOT  shift 418
	XMLSERIALIZE  shift 419
	XMLTABLE  shift 420
	YEAR_P  shift 355
	YES_P  shift 356
	ZONE  shift 357
	IDENT  shift 25
	'('  shift 1089
	.  error

	unreserved_keyword  goto 26
	col_name_keyword  goto 27
	func_table_expr  goto 1090
	qualified_name  goto 1091
	ColId  goto 24

state 1030
	base_table_ref:  func_table_expr.opt_derived_alias 
	opt_derived_alias: .    (125)

	ABORT_P  shift 28
	ABSENT  shift 29
	ABSOLUTE_P  shift 30
	ACCESS  shift 31
	ACTION  shift 32
	ADD_P  shift 33
	ADMIN  shift 34
	AFTER  shift 35
	AGGREGATE  shift 36
	ALSO  shift 37
	ALTER  shift 38
	ALWAYS  shift 39
	AS  shift 1093
	ASENSITIVE  shift 40
	ASSERTION  shift 41
	ASSIGNMENT  shift 42
	AT  shift 43
	ATOMIC  shift 44
	ATTACH  shift 45
	ATTRIBUTE  shift 46
	BACKWARD  shift 47
	BEFORE  shift 48
	BEGIN_P  shift 49
	BETWEEN  shift 358
	BIGINT  shift 359
	BIT  shift 360
	BOOLEAN_P  shift 361
	BREADTH  shift 50
	BY  shift 51
	CACHE  shift 52
	CALL  shift 53
	CALLED  shift 54
	CASCADE  shift 55
	CASCADED  shift 56
	CATALOG_P  shift 57
	CHAIN  shift 58
	CHAR_P  shift 362
	CHARACTER  shift 363
	CHARACTERISTICS  shift 59
	CHECKPOINT  shift 60
	CLASS  shift 61
	CLOSE  shift 62
	CLUSTER  shift 63
	COALESCE  shift 364
	COLUMNS  shift 64
	COMMENT  shift 65
	COMMENTS  shift 66
	COMMIT  shift 67
	COMMITTED  shift 68
	COMPRESSION  shift 69
	CONDITIONAL  shift 70
	CONFIGURATION  shift 71
	CONFLICT  shift 72
	CONNECTION  shift 73
	CONSTRAINTS  shift 74
	CONTENT_P  shift 75
	CONTINUE_P  shift 76
	CONVERSION_P  shift 77
	COPY  shift 78
	COST  shift 79
	CSV  shift 80
	CUBE  shift 81
	CURRENT_P  shift 82
	CURSOR  shift 83
	CYCLE  shift 84
	DATA_P  shift 85
	DATABASE  shift 86
	DAY_P  shift 87
	DEALLOCATE  shift 88
	DEC  shift 365
	DECIMAL_P  shift 366
	DECLARE  shift 89
	DEFAULTS  shift 90
	DEFERRED  shift 91
	DEFINER  shift 92
	DELETE_P  shift 93
	DELIMITER  shift 94
	DELIMITERS  shift 95
	DEPENDS  shift 96
	DEPTH  shift 97
	DETACH  shift 98
	DICTIONARY  shift 99
	DISABLE_P  shift 100
	DISCARD  shift 101
	DOCUMENT_P  shift 102
	DOMAIN_P  shift 103
	DOUBLE_P  shift 104
	DROP  shift 105
	EACH  shift 106
	EMPTY_P  shift 107
	ENABLE_P  shift 108
	ENCODING  shift 109
	ENCRYPTED  shift 110
	ENFORCED  shift 111
	ENUM_P  shift 112
	ERROR_P  shift 113
	ESCAPE  shift 114
	EVENT  shift 115
	EXCLUDE  shift 116
	EXCLUDING  shift 117
	EXCLUSIVE  shift 118
	EXECUTE  shift 119
	EXISTS  shift 367
	EXPLAIN  shift 120
	EXPRESSION  shift 121
	EXTENSION  shift 122
	EXTERNAL  shift 123
	EXTRACT  shift 368
	FAMILY  shift 124
	FILTER  shift 125
	FINALIZE  shift 126
	FIRST_P  shift 127
	FLOAT_P  shift 369
	FOLLOWING  shift 128
	FORCE  shift 129
	FORMAT  shift 130
	FORWARD  shift 131
	FUNCTION  shift 132
	FUNCTIONS  shift 133
	GENERATED  shift 134
	GLOBAL  shift 135
	GRANTED  shift 136
	GREATEST  shift 370
	GROUPING  shift 371
	GROUPS  shift 137
	HANDLER  shift 138
	HEADER_P  shift 139
	HOLD  shift 140
	HOUR_P  shift 141
	IDENTITY_P  shift 142
	IF_P  shift 143
	IMMEDIATE  shift 144
	IMMUTABLE  shift 145
	IMPLICIT_P  shift 146
	IMPORT_P  shift 147
	INCLUDE  shift 148
	INCLUDING  shift 149
	INCREMENT  shift 150
	INDENT  shift 151
	INDEX  shift 152
	INDEXES  shift 153
	INHERIT  shift 154
	INHERITS  shift 155
	INLINE_P  shift 156
	INOUT  shift 372
	INPUT_P  shift 157
	INSENSITIVE  shift 158
	INSERT  shift 159
	INSTEAD  shift 160
	INT_P  shift 373
	INTEGER  shift 374
	INTERVAL  shift 375
	INVOKER  shift 161
	ISOLATION  shift 162
	JSON  shift 376
	JSON_ARRAY  shift 377
	JSON_ARRAYAGG  shift 378
	JSON_EXISTS  shift 379
	JSON_OBJECT  shift 380
	JSON_OBJECTAGG  shift 381
	JSON_QUERY  shift 382
	JSON_SCALAR  shift 383
	JSON_SERIALIZE  shift 384
	JSON_TABLE  shift 385
	JSON_VALUE  shift 386
	KEEP  shift 163
	KEY  shift 164
	KEYS  shift 165
	LABEL  shift 166
	LANGUAGE  shift 167
	LARGE_P  shift 168
	LAST_P  shift 169
	LEAKPROOF  shift 170
	LEAST  shift 387
	LEVEL  shift 171
	LISTEN  shift 172
	LOAD  shift 173
	LOCAL  shift 174
	LOCATION  shift 175
	LOCK_P  shift 176
	LOCKED  shift 177
	LOGGED  shift 178
	MAPPING  shift 179
	MATCH  shift 180
	MATCHED  shift 181
	MATERIALIZED  shift 182
	MAXVALUE  shift 183
	MERGE  shift 184
	MERGE_ACTION  shift 388
	METHOD  shift 185
	MINUTE_P  shift 186
	MINVALUE  shift 187
	MODE  shift 188
	MONTH_P  shift 189
	MOVE  shift 190
	NAME_P  shift 191
	NAMES  shift 192
	NATIONAL  shift 389
	NCHAR  shift 390
	NESTED  shift 193
	NEW  shift 194
	NEXT  shift 195
	NFC  shift 196
	NFD  shift 197
	NFKC  shift 198
	NFKD  shift 199
	NO  shift 200
	NONE  shift 391
	NORMALIZE  shift 392
	NORMALIZED  shift 201
	NOTHING  shift 202
	NOTIFY  shift 203
	NOWAIT  shift 204
	NULLIF  shift 393
	NULLS_P  shift 205
	NUMERIC  shift 394
	OBJECT_P  shift 206
	OBJECTS_P  shift 207
	OF  shift 208
	OFF  shift 209
	OIDS  shift 210
	OLD  shift 211
	OMIT  shift 212
	OPERATOR  shift 213
	OPTION  shift 214
	OPTIONS  shift 215
	ORDINALITY  shift 216
	OTHERS  shift 217
	OUT_P  shift 395
	OVER  shift 218
	OVERLAY  shift 396
	OVERRIDING  shift 219
	OWNED  shift 220
	OWNER  shift 221
	PARALLEL  shift 222
	PARAMETER  shift 223
	PARSER  shift 224
	PARTIAL  shift 225
	PARTITION  shift 226
	PASSING  shift 227
	PASSWORD  shift 228
	PATH  shift 229
	PERIOD  shift 230
	PLAN  shift 231
	PLANS  shift 232
	POLICY  shift 233
	POSITION  shift 397
	PRECEDING  shift 234
	PRECISION  shift 398
	PREPARE  shift 235
	PREPARED  shift 236
	PRESERVE  shift 237
	PRIOR  shift 238
	PRIVILEGES  shift 239
	PROCEDURAL  shift 240
	PROCEDURE  shift 241
	PROCEDURES  shift 242
	PROGRAM  shift 243
	PUBLICATION  shift 244
	QUOTE  shift 245
	QUOTES  shift 246
	RANGE  shift 247
	READ  shift 248
	REAL  shift 399
	REASSIGN  shift 249
	RECURSIVE  shift 250
	REF_P  shift 251
	REFERENCING  shift 252
	REFRESH  shift 253
	REINDEX  shift 254
	RELATIVE_P  shift 255
	RELEASE  shift 256
	RENAME  shift 257
	REPEATABLE  shift 258
	REPLACE  shift 259
	REPLICA  shift 260
	RESET  shift 261
	RESTART  shift 262
	RESTRICT  shift 263
	RETURN  shift 264
	RETURNS  shift 265
	REVOKE  shift 266
	ROLE  shift 267
	ROLLBACK  shift 268
	ROLLUP  shift 269
	ROUTINE  shift 270
	ROUTINES  shift 271
	ROW  shift 400
	ROWS  shift 272
	RULE  shift 273
	SAVEPOINT  shift 274
	SCALAR  shift 275
	SCHEMA  shift 276
	SCHEMAS  shift 277
	SCROLL  shift 278
	SEARCH  shift 279
	SECOND_P  shift 280
	SECURITY  shift 281
	SEQUENCE  shift 282
	SEQUENCES  shift 283
	SERIALIZABLE  shift 284
	SERVER  shift 285
	SESSION  shift 286
	SET  shift 287
	SETOF  shift 401
	SETS  shift 288
	SHARE  shift 289
	SHOW  shift 290
	SIMPLE  shift 291
	SKIP  shift 292
	SMALLINT  shift 402
	SNAPSHOT  shift 293
	SOURCE  shift 294
	SQL_P  shift 295
	STABLE  shift 296
	STANDALONE_P  shift 297
	START  shift 298
	STATEMENT  shift 299
	STATISTICS  shift 300
	STDIN  shift 301
	STDOUT  shift 302
	STORAGE  shift 303
	STORED  shift 304
	STRICT_P  shift 305
	STRING_P  shift 306
	STRIP_P  shift 307
	SUBSCRIPTION  shift 308
	SUBSTRING  shift 403
	SUPPORT  shift 309
	SYSID  shift 310
	SYSTEM_P  shift 311
	TABLES  shift 312
	TABLESPACE  shift 313
	TARGET  shift 314
	TEMP  shift 315
	TEMPLATE  shift 316
	TEMPORARY  shift 317
	TEXT_P  shift 318
	TIES  shift 319
	TIME  shift 404
	TIMESTAMP  shift 405
	TRANSACTION  shift 320
	TRANSFORM  shift 321
	TREAT  shift 406
	TRIGGER  shift 322
	TRIM  shift 407
	TRUNCATE  shift 323
	TRUSTED  shift 324
	TYPE_P  shift 325
	TYPES_P  shift 326
	UESCAPE  shift 327
	UNBOUNDED  shift 328
	UNCOMMITTED  shift 329
	UNCONDITIONAL  shift 330
	UNENCRYPTED  shift 331
	UNKNOWN  shift 332
	UNLISTEN  shift 333
	UNLOGGED  shift 334
	UNTIL  shift 335
	UPDATE  shift 336
	VACUUM  shift 337
	VALID  shift 338
	VALIDATE  shift 339
	VALIDATOR  shift 340
	VALUE_P  shift 341
	VALUES  shift 408
	VARCHAR  shift 409
	VARYING  shift 342
	VERSION_P  shift 343
	VIEW  shift 344
	VIEWS  shift 345
	VIRTUAL  shift 346
	VOLATILE  shift 347
	WHITESPACE_P  shift 348
	WITHIN  shift 349
	WITHOUT  shift 350
	WORK  shift 351
	WRAPPER  shift 352
	WRITE  shift 353
	XML_P  shift 354
	XMLATTRIBUTES  shift 410
	XMLCONCAT  shift 411
	XMLELEMENT  shift 412
	XMLEXISTS  shift 413
	XMLFOREST  shift 414
	XMLNAMESPACES  shift 415
	XMLPARSE  shift 416
	XMLPI  shift 417
	XMLROOT  shift 418
	XMLSERIALIZE  shift 419
	XMLTABLE  shift 420
	YEAR_P  shift 355
	YES_P  shift 356
	ZONE  shift 357
	IDENT  shift 1094
	.  reduce 125 (src line 1045)

	unreserved_keyword  goto 26
	col_name_keyword  goto 27
	opt_derived_alias  goto 1092
	ColId  goto 1095

state 1031
	relation_expr_opt_alias:  qualified_name.    (103)
	relation_expr_opt_alias:  qualified_name.ColId 
	relation_expr_opt_alias:  qualified_name.AS ColId 
	func_table_expr:  qualified_name.'(' opt_func_arg_list ')' 
	func_table_expr:  qualified_name.'(' opt_func_arg_list ')' WITH_LA ORDINALITY 
	qualified_name:  qualified_name.'.' ColId 

	ABORT_P  shift 28
	ABSENT  shift 29
	ABSOLUTE_P  shift 30
	ACCESS  shift 31
	ACTION  shift 32
	ADD_P  shift 33
	ADMIN  shift 34
	AFTER  shift 35
	AGGREGATE  shift 36
	ALSO  shift 37
	ALTER  shift 38
	ALWAYS  shift 39
	AS  shift 1097
	ASENSITIVE  shift 40
	ASSERTION  shift 41
	ASSIGNMENT  shift 42
	AT  shift 43
	ATOMIC  shift 44
	ATTACH  shift 45
	ATTRIBUTE  shift 46
	BACKWARD  shift 47
	BEFORE  shift 48
	BEGIN_P  shift 49
	BETWEEN  shift 358
	BIGINT  shift 359
	BIT  shift 360
	BOOLEAN_P  shift 361
	BREADTH  shift 50
	BY  shift 51
	CACHE  shift 52
	CALL  shift 53
	CALLED  shift 54
	CASCADE  shift 55
	CASCADED  shift 56
	CATALOG_P  shift 57
	CHAIN  shift 58
	CHAR_P  shift 362
	CHARACTER  shift 363
	CHARACTERISTICS  shift 59
	CHECKPOINT  shift 60
	CLASS  shift 61
	CLOSE  shift 62
	CLUSTER  shift 63
	COALESCE  shift 364
	COLUMNS  shift 64
	COMMENT  shift 65
	COMMENTS  shift 66
	COMMIT  shift 67
	COMMITTED  shift 68
	COMPRESSION  shift 69
	CONDITIONAL  shift 70
	CONFIGURATION  shift 71
	CONFLICT  shift 72
	CONNECTION  shift 73
	CONSTRAINTS  shift 74
	CONTENT_P  shift 75
	CONTINUE_P  shift 76
	CONVERSION_P  shift 77
	COPY  shift 78
	COST  shift 79
	CSV  shift 80
	CUBE  shift 81
	CURRENT_P  shift 82
	CURSOR  shift 83
	CYCLE  shift 84
	DATA_P  shift 85
	DATABASE  shift 86
	DAY_P  shift 87
	DEALLOCATE  shift 88
	DEC  shift 365
	DECIMAL_P  shift 366
	DECLARE  shift 89
	DEFAULTS  shift 90
	DEFERRED  shift 91
	DEFINER  shift 92
	DELETE_P  shift 93
	DELIMITER  shift 94
	DELIMITERS  shift 95
	DEPENDS  shift 96
	DEPTH  shift 97
	DETACH  shift 98
	DICTIONARY  shift 99
	DISABLE_P  shift 100
	DISCARD  shift 101
	DOCUMENT_P  shift 102
	DOMAIN_P  shift 103
	DOUBLE_P  shift 104
	DROP  shift 105
	EACH  shift 106
	EMPTY_P  shift 107
	ENABLE_P  shift 108
	ENCODING  shift 109
	ENCRYPTED  shift 110
	ENFORCED  shift 111
	ENUM_P  shift 112
	ERROR_P  shift 113
	ESCAPE  shift 114
	EVENT  shift 115
	EXCLUDE  shift 116
	EXCLUDING  shift 117
	EXCLUSIVE  shift 118
	EXECUTE  shift 119
	EXISTS  shift 367
	EXPLAIN  shift 120
	EXPRESSION  shift 121
	EXTENSION  shift 122
	EXTERNAL  shift 123
	EXTRACT  shift 368
	FAMILY  shift 124
	FILTER  shift 125
	FINALIZE  shift 126
	FIRST_P  shift 127
	FLOAT_P  shift 369
	FOLLOWING  shift 128
	FORCE  shift 129
	FORMAT  shift 130
	FORWARD  shift 131
	FUNCTION  shift 132
	FUNCTIONS  shift 133
	GENERATED  shift 134
	GLOBAL  shift 135
	GRANTED  shift 136
	GREATEST  shift 370
	GROUPING  shift 371
	GROUPS  shift 137
	HANDLER  shift 138
	HEADER_P  shift 139
	HOLD  shift 140
	HOUR_P  shift 141
	IDENTITY_P  shift 142
	IF_P  shift 143
	IMMEDIATE  shift 144
	IMMUTABLE  shift 145
	IMPLICIT_P  shift 146
	IMPORT_P  shift 147
	INCLUDE  shift 148
	INCLUDING  shift 149
	INCREMENT  shift 150
	INDENT  shift 151
	INDEX  shift 152
	INDEXES  shift 153
	INHERIT  shift 154
	INHERITS  shift 155
	INLINE_P  shift 156
	INOUT  shift 372
	INPUT_P  shift 157
	INSENSITIVE  shift 158
	INSERT  shift 159
	INSTEAD  shift 160
	INT_P  shift 373
	INTEGER  shift 374
	INTERVAL  shift 375
	INVOKER  shift 161
	ISOLATION  shift 162
	JSON  shift 376
	JSON_ARRAY  shift 377
	JSON_ARRAYAGG  shift 378
	JSON_EXISTS  shift 379
	JSON_OBJECT  shift 380
	JSON_OBJECTAGG  shift 381
	JSON_QUERY  shift 382
	JSON_SCALAR  shift 383
	JSON_SERIALIZE  shift 384
	JSON_TABLE  shift 385
	JSON_VALUE  shift 386
	KEEP  shift 163
	KEY  shift 164
	KEYS  shift 165
	LABEL  shift 166
	LANGUAGE  shift 167
	LARGE_P  shift 168
	LAST_P  shift 169
	LEAKPROOF  shift 170
	LEAST  shift 387
	LEVEL  shift 171
	LISTEN  shift 172
	LOAD  shift 173
	LOCAL  shift 174
	LOCATION  shift 175
	LOCK_P  shift 176
	LOCKED  shift 177
	LOGGED  shift 178
	MAPPING  shift 179
	MATCH  shift 180
	MATCHED  shift 181
	MATERIALIZED  shift 182
	MAXVALUE  shift 183
	MERGE  shift 184
	MERGE_ACTION  shift 388
	METHOD  shift 185
	MINUTE_P  shift 186
	MINVALUE  shift 187
	MODE  shift 188
	MONTH_P  shift 189
	MOVE  shift 190
	NAME_P  shift 191
	NAMES  shift 192
	NATIONAL  shift 389
	NCHAR  shift 390
	NESTED  shift 193
	NEW  shift 194
	NEXT  shift 195
	NFC  shift 196
	NFD  shift 197
	NFKC  shift 198
	NFKD  shift 199
	NO  shift 200
	NONE  shift 391
	NORMALIZE  shift 392
	NORMALIZED  shift 201
	NOTHING  shift 202
	NOTIFY  shift 203
	NOWAIT  shift 204
	NULLIF  shift 393
	NULLS_P  shift 205
	NUMERIC  shift 394
	OBJECT_P  shift 206
	OBJECTS_P  shift 207
	OF  shift 208
	OFF  shift 209
	OIDS  shift 210
	OLD  shift 211
	OMIT  shift 212
	OPERATOR  shift 213
	OPTION  shift 214
	OPTIONS  shift 215
	ORDINALITY  shift 216
	OTHERS  shift 217
	OUT_P  shift 395
	OVER  shift 218
	OVERLAY  shift 396
	OVERRIDING  shift 219
	OWNED  shift 220
	OWNER  shift 221
	PARALLEL  shift 222
	PARAMETER  shift 223
	PARSER  shift 224
	PARTIAL  shift 225
	PARTITION  shift 226
	PASSING  shift 227
	PASSWORD  shift 228
	PATH  shift 229
	PERIOD  shift 230
	PLAN  shift 231
	PLANS  shift 232
	POLICY  shift 233
	POSITION  shift 397
	PRECEDING  shift 234
	PRECISION  shift 398
	PREPARE  shift 235
	PREPARED  shift 236
	PRESERVE  shift 237
	PRIOR  shift 238
	PRIVILEGES  shift 239
	PROCEDURAL  shift 240
	PROCEDURE  shift 241
	PROCEDURES  shift 242
	PROGRAM  shift 243
	PUBLICATION  shift 244
	QUOTE  shift 245
	QUOTES  shift 246
	RANGE  shift 247
	READ  shift 248
	REAL  shift 399
	REASSIGN  shift 249
	RECURSIVE  shift 250
	REF_P  shift 251
	REFERENCING  shift 252
	REFRESH  shift 253
	REINDEX  shift 254
	RELATIVE_P  shift 255
	RELEASE  shift 256
	RENAME  shift 257
	REPEATABLE  shift 258
	REPLACE  shift 259
	REPLICA  shift 260
	RESET  shift 261
	RESTART  shift 262
	RESTRICT  shift 263
	RETURN  shift 264
	RETURNS  shift 265
	REVOKE  shift 266
	ROLE  shift 267
	ROLLBACK  shift 268
	ROLLUP  shift 269
	ROUTINE  shift 270
	ROUTINES  shift 271
	ROW  shift 400
	ROWS  shift 272
	RULE  shift 273
	SAVEPOINT  shift 274
	SCALAR  shift 275
	SCHEMA  shift 276
	SCHEMAS  shift 277
	SCROLL  shift 278
	SEARCH  shift 279
	SECOND_P  shift 280
	SECURITY  shift 281
	SEQUENCE  shift 282
	SEQUENCES  shift 283
	SERIALIZABLE  shift 284
	SERVER  shift 285
	SESSION  shift 286
	SET  shift 287
	SETOF  shift 401
	SETS  shift 288
	SHARE  shift 289
	SHOW  shift 290
	SIMPLE  shift 291
	SKIP  shift 292
	SMALLINT  shift 402
	SNAPSHOT  shift 293
	SOURCE  shift 294
	SQL_P  shift 295
	STABLE  shift 296
	STANDALONE_P  shift 297
	START  shift 298
	STATEMENT  shift 299
	STATISTICS  shift 300
	STDIN  shift 301
	STDOUT  shift 302
	STORAGE  shift 303
	STORED  shift 304
	STRICT_P  shift 305
	STRING_P  shift 306
	STRIP_P  shift 307
	SUBSCRIPTION  shift 308
	SUBSTRING  shift 403
	SUPPORT  shift 309
	SYSID  shift 310
	SYSTEM_P  shift 311
	TABLES  shift 312
	TABLESPACE  shift 313
	TARGET  shift 314
	TEMP  shift 315
	TEMPLATE  shift 316
	TEMPORARY  shift 317
	TEXT_P  shift 318
	TIES  shift 319
	TIME  shift 404
	TIMESTAMP  shift 405
	TRANSACTION  shift 320
	TRANSFORM  shift 321
	TREAT  shift 406
	TRIGGER  shift 322
	TRIM  shift 407
	TRUNCATE  shift 323
	TRUSTED  shift 324
	TYPE_P  shift 325
	TYPES_P  shift 326
	UESCAPE  shift 327
	UNBOUNDED  shift 328
	UNCOMMITTED  shift 329
	UNCONDITIONAL  shift 330
	UNENCRYPTED  shift 331
	UNKNOWN  shift 332
	UNLISTEN  shift 333
	UNLOGGED  shift 334
	UNTIL  shift 335
	UPDATE  shift 336
	VACUUM  shift 337
	VALID  shift 338
	VALIDATE  shift 339
	VALIDATOR  shift 340
	VALUE_P  shift 341
	VALUES  shift 408
	VARCHAR  shift 409
	VARYING  shift 342
	VERSION_P  shift 343
	VIEW  shift 344
	VIEWS  shift 345
	VIRTUAL  shift 346
	VOLATILE  shift 347
	WHITESPACE_P  shift 348
	WITHIN  shift 349
	WITHOUT  shift 350
	WORK  shift 351
	WRAPPER  shift 352
	WRITE  shift 353
	XML_P  shift 354
	XMLATTRIBUTES  shift 410
	XMLCONCAT  shift 411
	XMLELEMENT  shift 412
	XMLEXISTS  shift 413
	XMLFOREST  shift 414
	XMLNAMESPACES  shift 415
	XMLPARSE  shift 416
	XMLPI  shift 417
	XMLROOT  shift 418
	XMLSERIALIZE  shift 419
	XMLTABLE  shift 420
	YEAR_P  shift 355
	YES_P  shift 356
	ZONE  shift 357
	IDENT  shift 25
	'('  shift 1098
	'.'  shift 456
	.  reduce 103 (src line 856)

	unreserved_keyword  goto 26
	col_name_keyword  goto 27
	ColId  goto 1096

state 1032
	func_table_expr:  ROWS.FROM '(' row_from_list ')' opt_with_ordinality 
	unreserved_keyword:  ROWS.    (440)

	FROM  shift 1099
	.  reduce 440 (src line 1619)


state 1033
	target_list:  target_list ',' target_el.    (70)

	.  reduce 70 (src line 663)


state 1034
	target_el:  a_expr AS ColLabel.    (71)

	.  reduce 71 (src line 670)


state 1035
	ColLabel:  IDENT.    (190)

	.  reduce 190 (src line 1344)


state 1036
	ColLabel:  unreserved_keyword.    (191)

	.  reduce 191 (src line 1349)


state 1037
	ColLabel:  col_name_keyword.    (192)

	.  reduce 192 (src line 1353)


state 1038
	ColLabel:  type_func_name_keyword.    (193)

	.  reduce 193 (src line 1357)


state 1039
	type_func_name_keyword:  AUTHORIZATION.    (589)

	.  reduce 589 (src line 1773)


state 1040
	type_func_name_keyword:  BINARY.    (590)

	.  reduce 590 (src line 1775)


state 1041
	type_func_name_keyword:  COLLATION.    (591)

	.  reduce 591 (src line 1776)


state 1042
	type_func_name_keyword:  CONCURRENTLY.    (592)

	.  reduce 592 (src line 1777)


state 1043
	type_func_name_keyword:  CROSS.    (593)

	.  reduce 593 (src line 1778)


state 1044
	type_func_name_keyword:  CURRENT_SCHEMA.    (594)

	.  reduce 594 (src line 1779)


state 1045
	type_func_name_keyword:  FREEZE.    (595)

	.  reduce 595 (src line 1780)


state 1046
	type_func_name_keyword:  FULL.    (596)

	.  reduce 596 (src line 1781)


state 1047
	type_func_name_keyword:  ILIKE.    (597)

	.  reduce 597 (src line 1782)


state 1048
	type_func_name_keyword:  INNER_P.    (598)

	.  reduce 598 (src line 1783)


state 1049
	type_func_name_keyword:  IS.    (599)

	.  reduce 599 (src line 1784)


state 1050
	type_func_name_keyword:  ISNULL.    (600)

	.  reduce 600 (src line 1785)


state 1051
	type_func_name_keyword:  JOIN.    (601)

	.  reduce 601 (src line 1786)


state 1052
	type_func_name_keyword:  LEFT.    (602)

	.  reduce 602 (src line 1787)


state 1053
	type_func_name_keyword:  LIKE.    (603)

	.  reduce 603 (src line 1788)


state 1054
	type_func_name_keyword:  NATURAL.    (604)

	.  reduce 604 (src line 1789)


state 1055
	type_func_name_keyword:  NOTNULL.    (605)

	.  reduce 605 (src line 1790)


state 1056
	type_func_name_keyword:  OUTER_P.    (606)

	.  reduce 606 (src line 1791)


state 1057
	type_func_name_keyword:  OVERLAPS.    (607)

	.  reduce 607 (src line 1792)


state 1058
	type_func_name_keyword:  RIGHT.    (608)

	.  reduce 608 (src line 1793)


state 1059
	type_func_name_keyword:  SIMILAR.    (609)

	.  reduce 609 (src line 1794)


state 1060
	type_func_name_keyword:  TABLESAMPLE.    (610)

	.  reduce 610 (src line 1795)


state 1061
	type_func_name_keyword:  VERBOSE.    (611)

	.  reduce 611 (src line 1796)


state 1062
	target_el:  qualified_name '.' '*'.    (75)

	.  reduce 75 (src line 688)


state 1063
	opt_all_distinct:  DISTINCT ON '(' expr_list.')' 
	expr_list:  expr_list.',' a_expr 

	')'  shift 1100
	','  shift 478
	.  error


state 1064
	limit_clause:  FETCH first_or_next select_fetch_first_value row_or_rows ONLY.    (48)

	.  reduce 48 (src line 564)


state 1065
	limit_clause:  FETCH first_or_next select_fetch_first_value row_or_rows WITH.TIES 

	TIES  shift 1101
	.  error


state 1066
	SortBy:  a_expr ASC NULLS_LA FIRST_P.    (36)

	.  reduce 36 (src line 491)


state 1067
	SortBy:  a_expr ASC NULLS_LA LAST_P.    (37)

	.  reduce 37 (src line 497)


state 1068
	SortBy:  a_expr DESC NULLS_LA FIRST_P.    (38)

	.  reduce 38 (src line 503)


state 1069
	SortBy:  a_expr DESC NULLS_LA LAST_P.    (39)

	.  reduce 39 (src line 509)


state 1070
	cte_item:  ColId cte_col_list AS opt_materialized '('.SelectStmt ')' 

	SELECT  shift 11
	TABLE  shift 9
	VALUES  shift 8
	WITH  shift 10
	.  error

	SelectStmt  goto 1102
	simple_select  goto 7
	base_select  goto 5
	with_clause  goto 6

state 1071
	opt_materialized:  NOT MATERIALIZED.    (152)

	.  reduce 152 (src line 1169)


state 1072
	col_alias_list:  col_alias_list ',' ColId.    (102)

	.  reduce 102 (src line 851)


state 1073
	simple_select:  SELECT select_pos opt_all_distinct opt_target_list opt_from_clause where_clause group_clause.having_clause 
	having_clause: .    (153)

	HAVING  shift 1104
	.  reduce 153 (src line 1171)

	having_clause  goto 1103

state 1074
	group_clause:  GROUP_P.BY group_by_list 

	BY  shift 1105
	.  error


state 1075
	where_clause:  WHERE a_expr.    (158)
	a_expr:  a_expr.'+' a_expr 
	a_expr:  a_expr.'-' a_expr 
	a_expr:  a_expr.'*' a_expr 
	a_expr:  a_expr.'/' a_expr 
	a_expr:  a_expr.'%' a_expr 
	a_expr:  a_expr.'<' a_expr 
	a_expr:  a_expr.'>' a_expr 
	a_expr:  a_expr.'=' a_expr 
	a_expr:  a_expr.LESS_EQUALS a_expr 
	a_expr:  a_expr.GREATER_EQUALS a_expr 
	a_expr:  a_expr.NOT_EQUALS a_expr 
	a_expr:  a_expr.AND a_expr 
	a_expr:  a_expr.OR a_expr 

	AND  shift 490
	OR  shift 491
	LESS_EQUALS  shift 487
	GREATER_EQUALS  shift 488
	NOT_EQUALS  shift 489
	'<'  shift 484
	'>'  shift 485
	'='  shift 486
	'+'  shift 479
	'-'  shift 480
	'*'  shift 481
	'/'  shift 482
	'%'  shift 483
	.  reduce 158 (src line 1198)


state 1076
	from_list:  from_list ','.table_ref 

	ABORT_P  shift 28
	ABSENT  shift 29
	ABSOLUTE_P  shift 30
	ACCESS  shift 31
	ACTION  shift 32
	ADD_P  shift 33
	ADMIN  shift 34
	AFTER  shift 35
	AGGREGATE  shift 36
	ALSO  shift 37
	ALTER  shift 38
	ALWAYS  shift 39
	ASENSITIVE  shift 40
	ASSERTION  shift 41
	ASSIGNMENT  shift 42
	AT  shift 43
	ATOMIC  shift 44
	ATTACH  shift 45
	ATTRIBUTE  shift 46
	BACKWARD  shift 47
	BEFORE  shift 48
	BEGIN_P  shift 49
	BETWEEN  shift 358
	BIGINT  shift 359
	BIT  shift 360
	BOOLEAN_P  shift 361
	BREADTH  shift 50
	BY  shift 51
	CACHE  shift 52
	CALL  shift 53
	CALLED  shift 54
	CASCADE  shift 55
	CASCADED  shift 56
	CATALOG_P  shift 57
	CHAIN  shift 58
	CHAR_P  shift 362
	CHARACTER  shift 363
	CHARACTERISTICS  shift 59
	CHECKPOINT  shift 60
	CLASS  shift 61
	CLOSE  shift 62
	CLUSTER  shift 63
	COALESCE  shift 364
	COLUMNS  shift 64
	COMMENT  shift 65
	COMMENTS  shift 66
	COMMIT  shift 67
	COMMITTED  shift 68
	COMPRESSION  shift 69
	CONDITIONAL  shift 70
	CONFIGURATION  shift 71
	CONFLICT  shift 72
	CONNECTION  shift 73
	CONSTRAINTS  shift 74
	CONTENT_P  shift 75
	CONTINUE_P  shift 76
	CONVERSION_P  shift 77
	COPY  shift 78
	COST  shift 79
	CSV  shift 80
	CUBE  shift 81
	CURRENT_P  shift 82
	CURSOR  shift 83
	CYCLE  shift 84
	DATA_P  shift 85
	DATABASE  shift 86
	DAY_P  shift 87
	DEALLOCATE  shift 88
	DEC  shift 365
	DECIMAL_P  shift 366
	DECLARE  shift 89
	DEFAULTS  shift 90
	DEFERRED  shift 91
	DEFINER  shift 92
	DELETE_P  shift 93
	DELIMITER  shift 94
	DELIMITERS  shift 95
	DEPENDS  shift 96
	DEPTH  shift 97
	DETACH  shift 98
	DICTIONARY  shift 99
	DISABLE_P  shift 100
	DISCARD  shift 101
	DOCUMENT_P  shift 102
	DOMAIN_P  shift 103
	DOUBLE_P  shift 104
	DROP  shift 105
	EACH  shift 106
	EMPTY_P  shift 107
	ENABLE_P  shift 108
	ENCODING  shift 109
	ENCRYPTED  shift 110
	ENFORCED  shift 111
	ENUM_P  shift 112
	ERROR_P  shift 113
	ESCAPE  shift 114
	EVENT  shift 115
	EXCLUDE  shift 116
	EXCLUDING  shift 117
	EXCLUSIVE  shift 118
	EXECUTE  shift 119
	EXISTS  shift 367
	EXPLAIN  shift 120
	EXPRESSION  shift 121
	EXTENSION  shift 122
	EXTERNAL  shift 123
	EXTRACT  shift 368
	FAMILY  shift 124
	FILTER  shift 125
	FINALIZE  shift 126
	FIRST_P  shift 127
	FLOAT_P  shift 369
	FOLLOWING  shift 128
	FORCE  shift 129
	FORMAT  shift 130
	FORWARD  shift 131
	FUNCTION  shift 132
	FUNCTIONS  shift 133
	GENERATED  shift 134
	GLOBAL  shift 135
	GRANTED  shift 136
	GREATEST  shift 370
	GROUPING  shift 371
	GROUPS  shift 137
	HANDLER  shift 138
	HEADER_P  shift 139
	HOLD  shift 140
	HOUR_P  shift 141
	IDENTITY_P  shift 142
	IF_P  shift 143
	IMMEDIATE  shift 144
	IMMUTABLE  shift 145
	IMPLICIT_P  shift 146
	IMPORT_P  shift 147
	INCLUDE  shift 148
	INCLUDING  shift 149
	INCREMENT  shift 150
	INDENT  shift 151
	INDEX  shift 152
	INDEXES  shift 153
	INHERIT  shift 154
	INHERITS  shift 155
	INLINE_P  shift 156
	INOUT  shift 372
	INPUT_P  shift 157
	INSENSITIVE  shift 158
	INSERT  shift 159
	INSTEAD  shift 160
	INT_P  shift 373
	INTEGER  shift 374
	INTERVAL  shift 375
	INVOKER  shift 161
	ISOLATION  shift 162
	JSON  shift 376
	JSON_ARRAY  shift 377
	JSON_ARRAYAGG  shift 378
	JSON_EXISTS  shift 379
	JSON_OBJECT  shift 380
	JSON_OBJECTAGG  shift 381
	JSON_QUERY  shift 382
	JSON_SCALAR  shift 383
	JSON_SERIALIZE  shift 384
	JSON_TABLE  shift 385
	JSON_VALUE  shift 386
	KEEP  shift 163
	KEY  shift 164
	KEYS  shift 165
	LABEL  shift 166
	LANGUAGE  shift 167
	LARGE_P  shift 168
	LAST_P  shift 169
	LATERAL_P  shift 1029
	LEAKPROOF  shift 170
	LEAST  shift 387
	LEVEL  shift 171
	LISTEN  shift 172
	LOAD  shift 173
	LOCAL  shift 174
	LOCATION  shift 175
	LOCK_P  shift 176
	LOCKED  shift 177
	LOGGED  shift 178
	MAPPING  shift 179
	MATCH  shift 180
	MATCHED  shift 181
	MATERIALIZED  shift 182
	MAXVALUE  shift 183
	MERGE  shift 184
	MERGE_ACTION  shift 388
	METHOD  shift 185
	MINUTE_P  shift 186
	MINVALUE  shift 187
	MODE  shift 188
	MONTH_P  shift 189
	MOVE  shift 190
	NAME_P  shift 191
	NAMES  shift 192
	NATIONAL  shift 389
	NCHAR  shift 390
	NESTED  shift 193
	NEW  shift 194
	NEXT  shift 195
	NFC  shift 196
	NFD  shift 197
	NFKC  shift 198
	NFKD  shift 199
	NO  shift 200
	NONE  shift 391
	NORMALIZE  shift 392
	NORMALIZED  shift 201
	NOTHING  shift 202
	NOTIFY  shift 203
	NOWAIT  shift 204
	NULLIF  shift 393
	NULLS_P  shift 205
	NUMERIC  shift 394
	OBJECT_P  shift 206
	OBJECTS_P  shift 207
	OF  shift 208
	OFF  shift 209
	OIDS  shift 210
	OLD  shift 211
	OMIT  shift 212
	ONLY  shift 1027
	OPERATOR  shift 213
	OPTION  shift 214
	OPTIONS  shift 215
	ORDINALITY  shift 216
	OTHERS  shift 217
	OUT_P  shift 395
	OVER  shift 218
	OVERLAY  shift 396
	OVERRIDING  shift 219
	OWNED  shift 220
	OWNER  shift 221
	PARALLEL  shift 222
	PARAMETER  shift 223
	PARSER  shift 224
	PARTIAL  shift 225
	PARTITION  shift 226
	PASSING  shift 227
	PASSWORD  shift 228
	PATH  shift 229
	PERIOD  shift 230
	PLAN  shift 231
	PLANS  shift 232
	POLICY  shift 233
	POSITION  shift 397
	PRECEDING  shift 234
	PRECISION  shift 398
	PREPARE  shift 235
	PREPARED  shift 236
	PRESERVE  shift 237
	PRIOR  shift 238
	PRIVILEGES  shift 239
	PROCEDURAL  shift 240
	PROCEDURE  shift 241
	PROCEDURES  shift 242
	PROGRAM  shift 243
	PUBLICATION  shift 244
	QUOTE  shift 245
	QUOTES  shift 246
	RANGE  shift 247
	READ  shift 248
	REAL  shift 399
	REASSIGN  shift 249
	RECURSIVE  shift 250
	REF_P  shift 251
	REFERENCING  shift 252
	REFRESH  shift 253
	REINDEX  shift 254
	RELATIVE_P  shift 255
	RELEASE  shift 256
	RENAME  shift 257
	REPEATABLE  shift 258
	REPLACE  shift 259
	REPLICA  shift 260
	RESET  shift 261
	RESTART  shift 262
	RESTRICT  shift 263
	RETURN  shift 264
	RETURNS  shift 265
	REVOKE  shift 266
	ROLE  shift 267
	ROLLBACK  shift 268
	ROLLUP  shift 269
	ROUTINE  shift 270
	ROUTINES  shift 271
	ROW  shift 400
	ROWS  shift 1032
	RULE  shift 273
	SAVEPOINT  shift 274
	SCALAR  shift 275
	SCHEMA  shift 276
	SCHEMAS  shift 277
	SCROLL  shift 278
	SEARCH  shift 279
	SECOND_P  shift 280
	SECURITY  shift 281
	SEQUENCE  shift 282
	SEQUENCES  shift 283
	SERIALIZABLE  shift 284
	SERVER  shift 285
	SESSION  shift 286
	SET  shift 287
	SETOF  shift 401
	SETS  shift 288
	SHARE  shift 289
	SHOW  shift 290
	SIMPLE  shift 291
	SKIP  shift 292
	SMALLINT  shift 402
	SNAPSHOT  shift 293
	SOURCE  shift 294
	SQL_P  shift 295
	STABLE  shift 296
	STANDALONE_P  shift 297
	START  shift 298
	STATEMENT  shift 299
	STATISTICS  shift 300
	STDIN  shift 301
	STDOUT  shift 302
	STORAGE  shift 303
	STORED  shift 304
	STRICT_P  shift 305
	STRING_P  shift 306
	STRIP_P  shift 307
	SUBSCRIPTION  shift 308
	SUBSTRING  shift 403
	SUPPORT  shift 309
	SYSID  shift 310
	SYSTEM_P  shift 311
	TABLES  shift 312
	TABLESPACE  shift 313
	TARGET  shift 314
	TEMP  shift 315
	TEMPLATE  shift 316
	TEMPORARY  shift 317
	TEXT_P  shift 318
	TIES  shift 319
	TIME  shift 404
	TIMESTAMP  shift 405
	TRANSACTION  shift 320
	TRANSFORM  shift 321
	TREAT  shift 406
	TRIGGER  shift 322
	TRIM  shift 407
	TRUNCATE  shift 323
	TRUSTED  shift 324
	TYPE_P  shift 325
	TYPES_P  shift 326
	UESCAPE  shift 327
	UNBOUNDED  shift 328
	UNCOMMITTED  shift 329
	UNCONDITIONAL  shift 330
	UNENCRYPTED  shift 331
	UNKNOWN  shift 332
	UNLISTEN  shift 333
	UNLOGGED  shift 334
	UNTIL  shift 335
	UPDATE  shift 336
	VACUUM  shift 337
	VALID  shift 338
	VALIDATE  shift 339
	VALIDATOR  shift 340
	VALUE_P  shift 341
	VALUES  shift 408
	VARCHAR  shift 409
	VARYING  shift 342
	VERSION_P  shift 343
	VIEW  shift 344
	VIEWS  shift 345
	VIRTUAL  shift 346
	VOLATILE  shift 347
	WHITESPACE_P  shift 348
	WITHIN  shift 349
	WITHOUT  shift 350
	WORK  shift 351
	WRAPPER  shift 352
	WRITE  shift 353
	XML_P  shift 354
	XMLATTRIBUTES  shift 410
	XMLCONCAT  shift 411
	XMLELEMENT  shift 412
	XMLEXISTS  shift 413
	XMLFOREST  shift 414
	XMLNAMESPACES  shift 415
	XMLPARSE  shift 416
	XMLPI  shift 417
	XMLROOT  shift 418
	XMLSERIALIZE  shift 419
	XMLTABLE  shift 420
	YEAR_P  shift 355
	YES_P  shift 356
	ZONE  shift 357
	IDENT  shift 25
	'('  shift 1028
	.  error

	unreserved_keyword  goto 26
	col_name_keyword  goto 27
	table_ref  goto 1106
	base_table_ref  goto 1025
	func_table_expr  goto 1030
	relation_expr_opt_alias  goto 1026
	qualified_name  goto 1031
	ColId  goto 24

state 1077
	table_ref:  table_ref join_outer.base_table_ref join_qual_opt 

	ABORT_P  shift 28
	ABSENT  shift 29
	ABSOLUTE_P  shift 30
	ACCESS  shift 31
	ACTION  shift 32
	ADD_P  shift 33
	ADMIN  shift 34
	AFTER  shift 35
	AGGREGATE  shift 36
	ALSO  shift 37
	ALTER  shift 38
	ALWAYS  shift 39
	ASENSITIVE  shift 40
	ASSERTION  shift 41
	ASSIGNMENT  shift 42
	AT  shift 43
	ATOMIC  shift 44
	ATTACH  shift 45
	ATTRIBUTE  shift 46
	BACKWARD  shift 47
	BEFORE  shift 48
	BEGIN_P  shift 49
	BETWEEN  shift 358
	BIGINT  shift 359
	BIT  shift 360
	BOOLEAN_P  shift 361
	BREADTH  shift 50
	BY  shift 51
	CACHE  shift 52
	CALL  shift 53
	CALLED  shift 54
	CASCADE  shift 55
	CASCADED  shift 56
	CATALOG_P  shift 57
	CHAIN  shift 58
	CHAR_P  shift 362
	CHARACTER  shift 363
	CHARACTERISTICS  shift 59
	CHECKPOINT  shift 60
	CLASS  shift 61
	CLOSE  shift 62
	CLUSTER  shift 63
	COALESCE  shift 364
	COLUMNS  shift 64
	COMMENT  shift 65
	COMMENTS  shift 66
	COMMIT  shift 67
	COMMITTED  shift 68
	COMPRESSION  shift 69
	CONDITIONAL  shift 70
	CONFIGURATION  shift 71
	CONFLICT  shift 72
	CONNECTION  shift 73
	CONSTRAINTS  shift 74
	CONTENT_P  shift 75
	CONTINUE_P  shift 76
	CONVERSION_P  shift 77
	COPY  shift 78
	COST  shift 79
	CSV  shift 80
	CUBE  shift 81
	CURRENT_P  shift 82
	CURSOR  shift 83
	CYCLE  shift 84
	DATA_P  shift 85
	DATABASE  shift 86
	DAY_P  shift 87
	DEALLOCATE  shift 88
	DEC  shift 365
	DECIMAL_P  shift 366
	DECLARE  shift 89
	DEFAULTS  shift 90
	DEFERRED  shift 91
	DEFINER  shift 92
	DELETE_P  shift 93
	DELIMITER  shift 94
	DELIMITERS  shift 95
	DEPENDS  shift 96
	DEPTH  shift 97
	DETACH  shift 98
	DICTIONARY  shift 99
	DISABLE_P  shift 100
	DISCARD  shift 101
	DOCUMENT_P  shift 102
	DOMAIN_P  shift 103
	DOUBLE_P  shift 104
	DROP  shift 105
	EACH  shift 106
	EMPTY_P  shift 107
	ENABLE_P  shift 108
	ENCODING  shift 109
	ENCRYPTED  shift 110
	ENFORCED  shift 111
	ENUM_P  shift 112
	ERROR_P  shift 113
	ESCAPE  shift 114
	EVENT  shift 115
	EXCLUDE  shift 116
	EXCLUDING  shift 117
	EXCLUSIVE  shift 118
	EXECUTE  shift 119
	EXISTS  shift 367
	EXPLAIN  shift 120
	EXPRESSION  shift 121
	EXTENSION  shift 122
	EXTERNAL  shift 123
	EXTRACT  shift 368
	FAMILY  shift 124
	FILTER  shift 125
	FINALIZE  shift 126
	FIRST_P  shift 127
	FLOAT_P  shift 369
	FOLLOWING  shift 128
	FORCE  shift 129
	FORMAT  shift 130
	FORWARD  shift 131
	FUNCTION  shift 132
	FUNCTIONS  shift 133
	GENERATED  shift 134
	GLOBAL  shift 135
	GRANTED  shift 136
	GREATEST  shift 370
	GROUPING  shift 371
	GROUPS  shift 137
	HANDLER  shift 138
	HEADER_P  shift 139
	HOLD  shift 140
	HOUR_P  shift 141
	IDENTITY_P  shift 142
	IF_P  shift 143
	IMMEDIATE  shift 144
	IMMUTABLE  shift 145
	IMPLICIT_P  shift 146
	IMPORT_P  shift 147
	INCLUDE  shift 148
	INCLUDING  shift 149
	INCREMENT  shift 150
	INDENT  shift 151
	INDEX  shift 152
	INDEXES  shift 153
	INHERIT  shift 154
	INHERITS  shift 155
	INLINE_P  shift 156
	INOUT  shift 372
	INPUT_P  shift 157
	INSENSITIVE  shift 158
	INSERT  shift 159
	INSTEAD  shift 160
	INT_P  shift 373
	INTEGER  shift 374
	INTERVAL  shift 375
	INVOKER  shift 161
	ISOLATION  shift 162
	JSON  shift 376
	JSON_ARRAY  shift 377
	JSON_ARRAYAGG  shift 378
	JSON_EXISTS  shift 379
	JSON_OBJECT  shift 380
	JSON_OBJECTAGG  shift 381
	JSON_QUERY  shift 382
	JSON_SCALAR  shift 383
	JSON_SERIALIZE  shift 384
	JSON_TABLE  shift 385
	JSON_VALUE  shift 386
	KEEP  shift 163
	KEY  shift 164
	KEYS  shift 165
	LABEL  shift 166
	LANGUAGE  shift 167
	LARGE_P  shift 168
	LAST_P  shift 169
	LATERAL_P  shift 1029
	LEAKPROOF  shift 170
	LEAST  shift 387
	LEVEL  shift 171
	LISTEN  shift 172
	LOAD  shift 173
	LOCAL  shift 174
	LOCATION  shift 175
	LOCK_P  shift 176
	LOCKED  shift 177
	LOGGED  shift 178
	MAPPING  shift 179
	MATCH  shift 180
	MATCHED  shift 181
	MATERIALIZED  shift 182
	MAXVALUE  shift 183
	MERGE  shift 184
	MERGE_ACTION  shift 388
	METHOD  shift 185
	MINUTE_P  shift 186
	MINVALUE  shift 187
	MODE  shift 188
	MONTH_P  shift 189
	MOVE  shift 190
	NAME_P  shift 191
	NAMES  shift 192
	NATIONAL  shift 389
	NCHAR  shift 390
	NESTED  shift 193
	NEW  shift 194
	NEXT  shift 195
	NFC  shift 196
	NFD  shift 197
	NFKC  shift 198
	NFKD  shift 199
	NO  shift 200
	NONE  shift 391
	NORMALIZE  shift 392
	NORMALIZED  shift 201
	NOTHING  shift 202
	NOTIFY  shift 203
	NOWAIT  shift 204
	NULLIF  shift 393
	NULLS_P  shift 205
	NUMERIC  shift 394
	OBJECT_P  shift 206
	OBJECTS_P  shift 207
	OF  shift 208
	OFF  shift 209
	OIDS  shift 210
	OLD  shift 211
	OMIT  shift 212
	ONLY  shift 1027
	OPERATOR  shift 213
	OPTION  shift 214
	OPTIONS  shift 215
	ORDINALITY  shift 216
	OTHERS  shift 217
	OUT_P  shift 395
	OVER  shift 218
	OVERLAY  shift 396
	OVERRIDING  shift 219
	OWNED  shift 220
	OWNER  shift 221
	PARALLEL  shift 222
	PARAMETER  shift 223
	PARSER  shift 224
	PARTIAL  shift 225
	PARTITION  shift 226
	PASSING  shift 227
	PASSWORD  shift 228
	PATH  shift 229
	PERIOD  shift 230
	PLAN  shift 231
	PLANS  shift 232
	POLICY  shift 233
	POSITION  shift 397
	PRECEDING  shift 234
	PRECISION  shift 398
	PREPARE  shift 235
	PREPARED  shift 236
	PRESERVE  shift 237
	PRIOR  shift 238
	PRIVILEGES  shift 239
	PROCEDURAL  shift 240
	PROCEDURE  shift 241
	PROCEDURES  shift 242
	PROGRAM  shift 243
	PUBLICATION  shift 244
	QUOTE  shift 245
	QUOTES  shift 246
	RANGE  shift 247
	READ  shift 248
	REAL  shift 399
	REASSIGN  shift 249
	RECURSIVE  shift 250
	REF_P  shift 251
	REFERENCING  shift 252
	REFRESH  shift 253
	REINDEX  shift 254
	RELATIVE_P  shift 255
	RELEASE  shift 256
	RENAME  shift 257
	REPEATABLE  shift 258
	REPLACE  shift 259
	REPLICA  shift 260
	RESET  shift 261
	RESTART  shift 262
	RESTRICT  shift 263
	RETURN  shift 264
	RETURNS  shift 265
	REVOKE  shift 266
	ROLE  shift 267
	ROLLBACK  shift 268
	ROLLUP  shift 269
	ROUTINE  shift 270
	ROUTINES  shift 271
	ROW  shift 400
	ROWS  shift 1032
	RULE  shift 273
	SAVEPOINT  shift 274
	SCALAR  shift 275
	SCHEMA  shift 276
	SCHEMAS  shift 277
	SCROLL  shift 278
	SEARCH  shift 279
	SECOND_P  shift 280
	SECURITY  shift 281
	SEQUENCE  shift 282
	SEQUENCES  shift 283
	SERIALIZABLE  shift 284
	SERVER  shift 285
	SESSION  shift 286
	SET  shift 287
	SETOF  shift 401
	SETS  shift 288
	SHARE  shift 289
	SHOW  shift 290
	SIMPLE  shift 291
	SKIP  shift 292
	SMALLINT  shift 402
	SNAPSHOT  shift 293
	SOURCE  shift 294
	SQL_P  shift 295
	STABLE  shift 296
	STANDALONE_P  shift 297
	START  shift 298
	STATEMENT  shift 299
	STATISTICS  shift 300
	STDIN  shift 301
	STDOUT  shift 302
	STORAGE  shift 303
	STORED  shift 304
	STRICT_P  shift 305
	STRING_P  shift 306
	STRIP_P  shift 307
	SUBSCRIPTION  shift 308
	SUBSTRING  shift 403
	SUPPORT  shift 309
	SYSID  shift 310
	SYSTEM_P  shift 311
	TABLES  shift 312
	TABLESPACE  shift 313
	TARGET  shift 314
	TEMP  shift 315
	TEMPLATE  shift 316
	TEMPORARY  shift 317
	TEXT_P  shift 318
	TIES  shift 319
	TIME  shift 404
	TIMESTAMP  shift 405
	TRANSACTION  shift 320
	TRANSFORM  shift 321
	TREAT  shift 406
	TRIGGER  shift 322
	TRIM  shift 407
	TRUNCATE  shift 323
	TRUSTED  shift 324
	TYPE_P  shift 325
	TYPES_P  shift 326
	UESCAPE  shift 327
	UNBOUNDED  shift 328
	UNCOMMITTED  shift 329
	UNCONDITIONAL  shift 330
	UNENCRYPTED  shift 331
	UNKNOWN  shift 332
	UNLISTEN  shift 333
	UNLOGGED  shift 334
	UNTIL  shift 335
	UPDATE  shift 336
	VACUUM  shift 337
	VALID  shift 338
	VALIDATE  shift 339
	VALIDATOR  shift 340
	VALUE_P  shift 341
	VALUES  shift 408
	VARCHAR  shift 409
	VARYING  shift 342
	VERSION_P  shift 343
	VIEW  shift 344
	VIEWS  shift 345
	VIRTUAL  shift 346
	VOLATILE  shift 347
	WHITESPACE_P  shift 348
	WITHIN  shift 349
	WITHOUT  shift 350
	WORK  shift 351
	WRAPPER  shift 352
	WRITE  shift 353
	XML_P  shift 354
	XMLATTRIBUTES  shift 410
	XMLCONCAT  shift 411
	XMLELEMENT  shift 412
	XMLEXISTS  shift 413
	XMLFOREST  shift 414
	XMLNAMESPACES  shift 415
	XMLPARSE  shift 416
	XMLPI  shift 417
	XMLROOT  shift 418
	XMLSERIALIZE  shift 419
	XMLTABLE  shift 420
	YEAR_P  shift 355
	YES_P  shift 356
	ZONE  shift 357
	IDENT  shift 25
	'('  shift 1028
	.  error

	unreserved_keyword  goto 26
	col_name_keyword  goto 27
	base_table_ref  goto 1107
	func_table_expr  goto 1030
	relation_expr_opt_alias  goto 1026
	qualified_name  goto 1031
	ColId  goto 24

state 1078
	join_outer:  JOIN.    (82)

	.  reduce 82 (src line 749)


state 1079
	join_outer:  INNER_P.JOIN 

	JOIN  shift 1108
	.  error


state 1080
	join_outer:  NATURAL.JOIN 
	join_outer:  NATURAL.LEFT OUTER_P JOIN 
	join_outer:  NATURAL.LEFT JOIN 
	join_outer:  NATURAL.RIGHT OUTER_P JOIN 
	join_outer:  NATURAL.RIGHT JOIN 
	join_outer:  NATURAL.FULL OUTER_P JOIN 
	join_outer:  NATURAL.FULL JOIN 

	FULL  shift 1112
	JOIN  shift 1109
	LEFT  shift 1110
	RIGHT  shift 1111
	.  error


state 1081
	join_outer:  LEFT.OUTER_P JOIN 
	join_outer:  LEFT.JOIN 

	JOIN  shift 1114
	OUTER_P  shift 1113
	.  error


state 1082
	join_outer:  RIGHT.OUTER_P JOIN 
	join_outer:  RIGHT.JOIN 

	JOIN  shift 1116
	OUTER_P  shift 1115
	.  error


state 1083
	join_outer:  FULL.OUTER_P JOIN 
	join_outer:  FULL.JOIN 

	JOIN  shift 1118
	OUTER_P  shift 1117
	.  error


state 1084
	join_outer:  CROSS.JOIN 

	JOIN  shift 1119
	.  error


state 1085
	base_table_ref:  ONLY qualified_name.opt_alias_ident 
	qualified_name:  qualified_name.'.' ColId 
	opt_alias_ident: .    (131)

	ABORT_P  shift 28
	ABSENT  shift 29
	ABSOLUTE_P  shift 30
	ACCESS  shift 31
	ACTION  shift 32
	ADD_P  shift 33
	ADMIN  shift 34
	AFTER  shift 35
	AGGREGATE  shift 36
	ALSO  shift 37
	ALTER  shift 38
	ALWAYS  shift 39
	AS  shift 1121
	ASENSITIVE  shift 40
	ASSERTION  shift 41
	ASSIGNMENT  shift 42
	AT  shift 43
	ATOMIC  shift 44
	ATTACH  shift 45
	ATTRIBUTE  shift 46
	BACKWARD  shift 47
	BEFORE  shift 48
	BEGIN_P  shift 49
	BETWEEN  shift 358
	BIGINT  shift 359
	BIT  shift 360
	BOOLEAN_P  shift 361
	BREADTH  shift 50
	BY  shift 51
	CACHE  shift 52
	CALL  shift 53
	CALLED  shift 54
	CASCADE  shift 55
	CASCADED  shift 56
	CATALOG_P  shift 57
	CHAIN  shift 58
	CHAR_P  shift 362
	CHARACTER  shift 363
	CHARACTERISTICS  shift 59
	CHECKPOINT  shift 60
	CLASS  shift 61
	CLOSE  shift 62
	CLUSTER  shift 63
	COALESCE  shift 364
	COLUMNS  shift 64
	COMMENT  shift 65
	COMMENTS  shift 66
	COMMIT  shift 67
	COMMITTED  shift 68
	COMPRESSION  shift 69
	CONDITIONAL  shift 70
	CONFIGURATION  shift 71
	CONFLICT  shift 72
	CONNECTION  shift 73
	CONSTRAINTS  shift 74
	CONTENT_P  shift 75
	CONTINUE_P  shift 76
	CONVERSION_P  shift 77
	COPY  shift 78
	COST  shift 79
	CSV  shift 80
	CUBE  shift 81
	CURRENT_P  shift 82
	CURSOR  shift 83
	CYCLE  shift 84
	DATA_P  shift 85
	DATABASE  shift 86
	DAY_P  shift 87
	DEALLOCATE  shift 88
	DEC  shift 365
	DECIMAL_P  shift 366
	DECLARE  shift 89
	DEFAULTS  shift 90
	DEFERRED  shift 91
	DEFINER  shift 92
	DELETE_P  shift 93
	DELIMITER  shift 94
	DELIMITERS  shift 95
	DEPENDS  shift 96
	DEPTH  shift 97
	DETACH  shift 98
	DICTIONARY  shift 99
	DISABLE_P  shift 100
	DISCARD  shift 101
	DOCUMENT_P  shift 102
	DOMAIN_P  shift 103
	DOUBLE_P  shift 104
	DROP  shift 105
	EACH  shift 106
	EMPTY_P  shift 107
	ENABLE_P  shift 108
	ENCODING  shift 109
	ENCRYPTED  shift 110
	ENFORCED  shift 111
	ENUM_P  shift 112
	ERROR_P  shift 113
	ESCAPE  shift 114
	EVENT  shift 115
	EXCLUDE  shift 116
	EXCLUDING  shift 117
	EXCLUSIVE  shift 118
	EXECUTE  shift 119
	EXISTS  shift 367
	EXPLAIN  shift 120
	EXPRESSION  shift 121
	EXTENSION  shift 122
	EXTERNAL  shift 123
	EXTRACT  shift 368
	FAMILY  shift 124
	FILTER  shift 125
	FINALIZE  shift 126
	FIRST_P  shift 127
	FLOAT_P  shift 369
	FOLLOWING  shift 128
	FORCE  shift 129
	FORMAT  shift 130
	FORWARD  shift 131
	FUNCTION  shift 132
	FUNCTIONS  shift 133
	GENERATED  shift 134
	GLOBAL  shift 135
	GRANTED  shift 136
	GREATEST  shift 370
	GROUPING  shift 371
	GROUPS  shift 137
	HANDLER  shift 138
	HEADER_P  shift 139
	HOLD  shift 140
	HOUR_P  shift 141
	IDENTITY_P  shift 142
	IF_P  shift 143
	IMMEDIATE  shift 144
	IMMUTABLE  shift 145
	IMPLICIT_P  shift 146
	IMPORT_P  shift 147
	INCLUDE  shift 148
	INCLUDING  shift 149
	INCREMENT  shift 150
	INDENT  shift 151
	INDEX  shift 152
	INDEXES  shift 153
	INHERIT  shift 154
	INHERITS  shift 155
	INLINE_P  shift 156
	INOUT  shift 372
	INPUT_P  shift 157
	INSENSITIVE  shift 158
	INSERT  shift 159
	INSTEAD  shift 160
	INT_P  shift 373
	INTEGER  shift 374
	INTERVAL  shift 375
	INVOKER  shift 161
	ISOLATION  shift 162
	JSON  shift 376
	JSON_ARRAY  shift 377
	JSON_ARRAYAGG  shift 378
	JSON_EXISTS  shift 379
	JSON_OBJECT  shift 380
	JSON_OBJECTAGG  shift 381
	JSON_QUERY  shift 382
	JSON_SCALAR  shift 383
	JSON_SERIALIZE  shift 384
	JSON_TABLE  shift 385
	JSON_VALUE  shift 386
	KEEP  shift 163
	KEY  shift 164
	KEYS  shift 165
	LABEL  shift 166
	LANGUAGE  shift 167
	LARGE_P  shift 168
	LAST_P  shift 169
	LEAKPROOF  shift 170
	LEAST  shift 387
	LEVEL  shift 171
	LISTEN  shift 172
	LOAD  shift 173
	LOCAL  shift 174
	LOCATION  shift 175
	LOCK_P  shift 176
	LOCKED  shift 177
	LOGGED  shift 178
	MAPPING  shift 179
	MATCH  shift 180
	MATCHED  shift 181
	MATERIALIZED  shift 182
	MAXVALUE  shift 183
	MERGE  shift 184
	MERGE_ACTION  shift 388
	METHOD  shift 185
	MINUTE_P  shift 186
	MINVALUE  shift 187
	MODE  shift 188
	MONTH_P  shift 189
	MOVE  shift 190
	NAME_P  shift 191
	NAMES  shift 192
	NATIONAL  shift 389
	NCHAR  shift 390
	NESTED  shift 193
	NEW  shift 194
	NEXT  shift 195
	NFC  shift 196
	NFD  shift 197
	NFKC  shift 198
	NFKD  shift 199
	NO  shift 200
	NONE  shift 391
	NORMALIZE  shift 392
	NORMALIZED  shift 201
	NOTHING  shift 202
	NOTIFY  shift 203
	NOWAIT  shift 204
	NULLIF  shift 393
	NULLS_P  shift 205
	NUMERIC  shift 394
	OBJECT_P  shift 206
	OBJECTS_P  shift 207
	OF  shift 208
	OFF  shift 209
	OIDS  shift 210
	OLD  shift 211
	OMIT  shift 212
	OPERATOR  shift 213
	OPTION  shift 214
	OPTIONS  shift 215
	ORDINALITY  shift 216
	OTHERS  shift 217
	OUT_P  shift 395
	OVER  shift 218
	OVERLAY  shift 396
	OVERRIDING  shift 219
	OWNED  shift 220
	OWNER  shift 221
	PARALLEL  shift 222
	PARAMETER  shift 223
	PARSER  shift 224
	PARTIAL  shift 225
	PARTITION  shift 226
	PASSING  shift 227
	PASSWORD  shift 228
	PATH  shift 229
	PERIOD  shift 230
	PLAN  shift 231
	PLANS  shift 232
	POLICY  shift 233
	POSITION  shift 397
	PRECEDING  shift 234
	PRECISION  shift 398
	PREPARE  shift 235
	PREPARED  shift 236
	PRESERVE  shift 237
	PRIOR  shift 238
	PRIVILEGES  shift 239
	PROCEDURAL  shift 240
	PROCEDURE  shift 241
	PROCEDURES  shift 242
	PROGRAM  shift 243
	PUBLICATION  shift 244
	QUOTE  shift 245
	QUOTES  shift 246
	RANGE  shift 247
	READ  shift 248
	REAL  shift 399
	REASSIGN  shift 249
	RECURSIVE  shift 250
	REF_P  shift 251
	REFERENCING  shift 252
	REFRESH  shift 253
	REINDEX  shift 254
	RELATIVE_P  shift 255
	RELEASE  shift 256
	RENAME  shift 257
	REPEATABLE  shift 258
	REPLACE  shift 259
	REPLICA  shift 260
	RESET  shift 261
	RESTART  shift 262
	RESTRICT  shift 263
	RETURN  shift 264
	RETURNS  shift 265
	REVOKE  shift 266
	ROLE  shift 267
	ROLLBACK  shift 268
	ROLLUP  shift 269
	ROUTINE  shift 270
	ROUTINES  shift 271
	ROW  shift 400
	ROWS  shift 272
	RULE  shift 273
	SAVEPOINT  shift 274
	SCALAR  shift 275
	SCHEMA  shift 276
	SCHEMAS  shift 277
	SCROLL  shift 278
	SEARCH  shift 279
	SECOND_P  shift 280
	SECURITY  shift 281
	SEQUENCE  shift 282
	SEQUENCES  shift 283
	SERIALIZABLE  shift 284
	SERVER  shift 285
	SESSION  shift 286
	SET  shift 287
	SETOF  shift 401
	SETS  shift 288
	SHARE  shift 289
	SHOW  shift 290
	SIMPLE  shift 291
	SKIP  shift 292
	SMALLINT  shift 402
	SNAPSHOT  shift 293
	SOURCE  shift 294
	SQL_P  shift 295
	STABLE  shift 296
	STANDALONE_P  shift 297
	START  shift 298
	STATEMENT  shift 299
	STATISTICS  shift 300
	STDIN  shift 301
	STDOUT  shift 302
	STORAGE  shift 303
	STORED  shift 304
	STRICT_P  shift 305
	STRING_P  shift 306
	STRIP_P  shift 307
	SUBSCRIPTION  shift 308
	SUBSTRING  shift 403
	SUPPORT  shift 309
	SYSID  shift 310
	SYSTEM_P  shift 311
	TABLES  shift 312
	TABLESPACE  shift 313
	TARGET  shift 314
	TEMP  shift 315
	TEMPLATE  shift 316
	TEMPORARY  shift 317
	TEXT_P  shift 318
	TIES  shift 319
	TIME  shift 404
	TIMESTAMP  shift 405
	TRANSACTION  shift 320
	TRANSFORM  shift 321
	TREAT  shift 406
	TRIGGER  shift 322
	TRIM  shift 407
	TRUNCATE  shift 323
	TRUSTED  shift 324
	TYPE_P  shift 325
	TYPES_P  shift 326
	UESCAPE  shift 327
	UNBOUNDED  shift 328
	UNCOMMITTED  shift 329
	UNCONDITIONAL  shift 330
	UNENCRYPTED  shift 331
	UNKNOWN  shift 332
	UNLISTEN  shift 333
	UNLOGGED  shift 334
	UNTIL  shift 335
	UPDATE  shift 336
	VACUUM  shift 337
	VALID  shift 338
	VALIDATE  shift 339
	VALIDATOR  shift 340
	VALUE_P  shift 341
	VALUES  shift 408
	VARCHAR  shift 409
	VARYING  shift 342
	VERSION_P  shift 343
	VIEW  shift 344
	VIEWS  shift 345
	VIRTUAL  shift 346
	VOLATILE  shift 347
	WHITESPACE_P  shift 348
	WITHIN  shift 349
	WITHOUT  shift 350
	WORK  shift 351
	WRAPPER  shift 352
	WRITE  shift 353
	XML_P  shift 354
	XMLATTRIBUTES  shift 410
	XMLCONCAT  shift 411
	XMLELEMENT  shift 412
	XMLEXISTS  shift 413
	XMLFOREST  shift 414
	XMLNAMESPACES  shift 415
	XMLPARSE  shift 416
	XMLPI  shift 417
	XMLROOT  shift 418
	XMLSERIALIZE  shift 419
	XMLTABLE  shift 420
	YEAR_P  shift 355
	YES_P  shift 356
	ZONE  shift 357
	IDENT  shift 25
	'.'  shift 456
	.  reduce 131 (src line 1071)

	unreserved_keyword  goto 26
	col_name_keyword  goto 27
	ColId  goto 1122
	opt_alias_ident  goto 1120

state 1086
	table_ref:  table_ref.join_outer base_table_ref join_qual_opt 
	base_table_ref:  '(' table_ref.')' opt_derived_alias 

	CROSS  shift 1084
	FULL  shift 1083
	INNER_P  shift 1079
	JOIN  shift 1078
	LEFT  shift 1081
	NATURAL  shift 1080
	RIGHT  shift 1082
	')'  shift 1123
	.  error

	join_outer  goto 1077

state 1087
	base_table_ref:  '(' SelectStmt.')' opt_derived_alias 

	')'  shift 1124
	.  error


1088: shift/reduce conflict (shift 22(18), red'n 576(0)) on '('
state 1088
	base_select:  VALUES.VALUES_row VALUES_rows_tail opt_sort_clause opt_select_limit 
	col_name_keyword:  VALUES.    (576)

	'('  shift 22
	.  reduce 576 (src line 1758)

	VALUES_row  goto 21

state 1089
	base_table_ref:  LATERAL_P '('.SelectStmt ')' opt_derived_alias 

	SELECT  shift 11
	TABLE  shift 9
	VALUES  shift 8
	WITH  shift 10
	.  error

	SelectStmt  goto 1125
	simple_select  goto 7
	base_select  goto 5
	with_clause  goto 6

state 1090
	base_table_ref:  LATERAL_P func_table_expr.opt_derived_alias 
	opt_derived_alias: .    (125)

	ABORT_P  shift 28
	ABSENT  shift 29
	ABSOLUTE_P  shift 30
	ACCESS  shift 31
	ACTION  shift 32
	ADD_P  shift 33
	ADMIN  shift 34
	AFTER  shift 35
	AGGREGATE  shift 36
	ALSO  shift 37
	ALTER  shift 38
	ALWAYS  shift 39
	AS  shift 1093
	ASENSITIVE  shift 40
	ASSERTION  shift 41
	ASSIGNMENT  shift 42
	AT  shift 43
	ATOMIC  shift 44
	ATTACH  shift 45
	ATTRIBUTE  shift 46
	BACKWARD  shift 47
	BEFORE  shift 48
	BEGIN_P  shift 49
	BETWEEN  shift 358
	BIGINT  shift 359
	BIT  shift 360
	BOOLEAN_P  shift 361
	BREADTH  shift 50
	BY  shift 51
	CACHE  shift 52
	CALL  shift 53
	CALLED  shift 54
	CASCADE  shift 55
	CASCADED  shift 56
	CATALOG_P  shift 57
	CHAIN  shift 58
	CHAR_P  shift 362
	CHARACTER  shift 363
	CHARACTERISTICS  shift 59
	CHECKPOINT  shift 60
	CLASS  shift 61
	CLOSE  shift 62
	CLUSTER  shift 63
	COALESCE  shift 364
	COLUMNS  shift 64
	COMMENT  shift 65
	COMMENTS  shift 66
	COMMIT  shift 67
	COMMITTED  shift 68
	COMPRESSION  shift 69
	CONDITIONAL  shift 70
	CONFIGURATION  shift 71
	CONFLICT  shift 72
	CONNECTION  shift 73
	CONSTRAINTS  shift 74
	CONTENT_P  shift 75
	CONTINUE_P  shift 76
	CONVERSION_P  shift 77
	COPY  shift 78
	COST  shift 79
	CSV  shift 80
	CUBE  shift 81
	CURRENT_P  shift 82
	CURSOR  shift 83
	CYCLE  shift 84
	DATA_P  shift 85
	DATABASE  shift 86
	DAY_P  shift 87
	DEALLOCATE  shift 88
	DEC  shift 365
	DECIMAL_P  shift 366
	DECLARE  shift 89
	DEFAULTS  shift 90
	DEFERRED  shift 91
	DEFINER  shift 92
	DELETE_P  shift 93
	DELIMITER  shift 94
	DELIMITERS  shift 95
	DEPENDS  shift 96
	DEPTH  shift 97
	DETACH  shift 98
	DICTIONARY  shift 99
	DISABLE_P  shift 100
	DISCARD  shift 101
	DOCUMENT_P  shift 102
	DOMAIN_P  shift 103
	DOUBLE_P  shift 104
	DROP  shift 105
	EACH  shift 106
	EMPTY_P  shift 107
	ENABLE_P  shift 108
	ENCODING  shift 109
	ENCRYPTED  shift 110
	ENFORCED  shift 111
	ENUM_P  shift 112
	ERROR_P  shift 113
	ESCAPE  shift 114
	EVENT  shift 115
	EXCLUDE  shift 116
	EXCLUDING  shift 117
	EXCLUSIVE  shift 118
	EXECUTE  shift 119
	EXISTS  shift 367
	EXPLAIN  shift 120
	EXPRESSION  shift 121
	EXTENSION  shift 122
	EXTERNAL  shift 123
	EXTRACT  shift 368
	FAMILY  shift 124
	FILTER  shift 125
	FINALIZE  shift 126
	FIRST_P  shift 127
	FLOAT_P  shift 369
	FOLLOWING  shift 128
	FORCE  shift 129
	FORMAT  shift 130
	FORWARD  shift 131
	FUNCTION  shift 132
	FUNCTIONS  shift 133
	GENERATED  shift 134
	GLOBAL  shift 135
	GRANTED  shift 136
	GREATEST  shift 370
	GROUPING  shift 371
	GROUPS  shift 137
	HANDLER  shift 138
	HEADER_P  shift 139
	HOLD  shift 140
	HOUR_P  shift 141
	IDENTITY_P  shift 142
	IF_P  shift 143
	IMMEDIATE  shift 144
	IMMUTABLE  shift 145
	IMPLICIT_P  shift 146
	IMPORT_P  shift 147
	INCLUDE  shift 148
	INCLUDING  shift 149
	INCREMENT  shift 150
	INDENT  shift 151
	INDEX  shift 152
	INDEXES  shift 153
	INHERIT  shift 154
	INHERITS  shift 155
	INLINE_P  shift 156
	INOUT  shift 372
	INPUT_P  shift 157
	INSENSITIVE  shift 158
	INSERT  shift 159
	INSTEAD  shift 160
	INT_P  shift 373
	INTEGER  shift 374
	INTERVAL  shift 375
	INVOKER  shift 161
	ISOLATION  shift 162
	JSON  shift 376
	JSON_ARRAY  shift 377
	JSON_ARRAYAGG  shift 378
	JSON_EXISTS  shift 379
	JSON_OBJECT  shift 380
	JSON_OBJECTAGG  shift 381
	JSON_QUERY  shift 382
	JSON_SCALAR  shift 383
	JSON_SERIALIZE  shift 384
	JSON_TABLE  shift 385
	JSON_VALUE  shift 386
	KEEP  shift 163
	KEY  shift 164
	KEYS  shift 165
	LABEL  shift 166
	LANGUAGE  shift 167
	LARGE_P  shift 168
	LAST_P  shift 169
	LEAKPROOF  shift 170
	LEAST  shift 387
	LEVEL  shift 171
	LISTEN  shift 172
	LOAD  shift 173
	LOCAL  shift 174
	LOCATION  shift 175
	LOCK_P  shift 176
	LOCKED  shift 177
	LOGGED  shift 178
	MAPPING  shift 179
	MATCH  shift 180
	MATCHED  shift 181
	MATERIALIZED  shift 182
	MAXVALUE  shift 183
	MERGE  shift 184
	MERGE_ACTION  shift 388
	METHOD  shift 185
	MINUTE_P  shift 186
	MINVALUE  shift 187
	MODE  shift 188
	MONTH_P  shift 189
	MOVE  shift 190
	NAME_P  shift 191
	NAMES  shift 192
	NATIONAL  shift 389
	NCHAR  shift 390
	NESTED  shift 193
	NEW  shift 194
	NEXT  shift 195
	NFC  shift 196
	NFD  shift 197
	NFKC  shift 198
	NFKD  shift 199
	NO  shift 200
	NONE  shift 391
	NORMALIZE  shift 392
	NORMALIZED  shift 201
	NOTHING  shift 202
	NOTIFY  shift 203
	NOWAIT  shift 204
	NULLIF  shift 393
	NULLS_P  shift 205
	NUMERIC  shift 394
	OBJECT_P  shift 206
	OBJECTS_P  shift 207
	OF  shift 208
	OFF  shift 209
	OIDS  shift 210
	OLD  shift 211
	OMIT  shift 212
	OPERATOR  shift 213
	OPTION  shift 214
	OPTIONS  shift 215
	ORDINALITY  shift 216
	OTHERS  shift 217
	OUT_P  shift 395
	OVER  shift 218
	OVERLAY  shift 396
	OVERRIDING  shift 219
	OWNED  shift 220
	OWNER  shift 221
	PARALLEL  shift 222
	PARAMETER  shift 223
	PARSER  shift 224
	PARTIAL  shift 225
	PARTITION  shift 226
	PASSING  shift 227
	PASSWORD  shift 228
	PATH  shift 229
	PERIOD  shift 230
	PLAN  shift 231
	PLANS  shift 232
	POLICY  shift 233
	POSITION  shift 397
	PRECEDING  shift 234
	PRECISION  shift 398
	PREPARE  shift 235
	PREPARED  shift 236
	PRESERVE  shift 237
	PRIOR  shift 238
	PRIVILEGES  shift 239
	PROCEDURAL  shift 240
	PROCEDURE  shift 241
	PROCEDURES  shift 242
	PROGRAM  shift 243
	PUBLICATION  shift 244
	QUOTE  shift 245
	QUOTES  shift 246
	RANGE  shift 247
	READ  shift 248
	REAL  shift 399
	REASSIGN  shift 249
	RECURSIVE  shift 250
	REF_P  shift 251
	REFERENCING  shift 252
	REFRESH  shift 253
	REINDEX  shift 254
	RELATIVE_P  shift 255
	RELEASE  shift 256
	RENAME  shift 257
	REPEATABLE  shift 258
	REPLACE  shift 259
	REPLICA  shift 260
	RESET  shift 261
	RESTART  shift 262
	RESTRICT  shift 263
	RETURN  shift 264
	RETURNS  shift 265
	REVOKE  shift 266
	ROLE  shift 267
	ROLLBACK  shift 268
	ROLLUP  shift 269
	ROUTINE  shift 270
	ROUTINES  shift 271
	ROW  shift 400
	ROWS  shift 272
	RULE  shift 273
	SAVEPOINT  shift 274
	SCALAR  shift 275
	SCHEMA  shift 276
	SCHEMAS  shift 277
	SCROLL  shift 278
	SEARCH  shift 279
	SECOND_P  shift 280
	SECURITY  shift 281
	SEQUENCE  shift 282
	SEQUENCES  shift 283
	SERIALIZABLE  shift 284
	SERVER  shift 285
	SESSION  shift 286
	SET  shift 287
	SETOF  shift 401
	SETS  shift 288
	SHARE  shift 289
	SHOW  shift 290
	SIMPLE  shift 291
	SKIP  shift 292
	SMALLINT  shift 402
	SNAPSHOT  shift 293
	SOURCE  shift 294
	SQL_P  shift 295
	STABLE  shift 296
	STANDALONE_P  shift 297
	START  shift 298
	STATEMENT  shift 299
	STATISTICS  shift 300
	STDIN  shift 301
	STDOUT  shift 302
	STORAGE  shift 303
	STORED  shift 304
	STRICT_P  shift 305
	STRING_P  shift 306
	STRIP_P  shift 307
	SUBSCRIPTION  shift 308
	SUBSTRING  shift 403
	SUPPORT  shift 309
	SYSID  shift 310
	SYSTEM_P  shift 311
	TABLES  shift 312
	TABLESPACE  shift 313
	TARGET  shift 314
	TEMP  shift 315
	TEMPLATE  shift 316
	TEMPORARY  shift 317
	TEXT_P  shift 318
	TIES  shift 319
	TIME  shift 404
	TIMESTAMP  shift 405
	TRANSACTION  shift 320
	TRANSFORM  shift 321
	TREAT  shift 406
	TRIGGER  shift 322
	TRIM  shift 407
	TRUNCATE  shift 323
	TRUSTED  shift 324
	TYPE_P  shift 325
	TYPES_P  shift 326
	UESCAPE  shift 327
	UNBOUNDED  shift 328
	UNCOMMITTED  shift 329
	UNCONDITIONAL  shift 330
	UNENCRYPTED  shift 331
	UNKNOWN  shift 332
	UNLISTEN  shift 333
	UNLOGGED  shift 334
	UNTIL  shift 335
	UPDATE  shift 336
	VACUUM  shift 337
	VALID  shift 338
	VALIDATE  shift 339
	VALIDATOR  shift 340
	VALUE_P  shift 341
	VALUES  shift 408
	VARCHAR  shift 409
	VARYING  shift 342
	VERSION_P  shift 343
	VIEW  shift 344
	VIEWS  shift 345
	VIRTUAL  shift 346
	VOLATILE  shift 347
	WHITESPACE_P  shift 348
	WITHIN  shift 349
	WITHOUT  shift 350
	WORK  shift 351
	WRAPPER  shift 352
	WRITE  shift 353
	XML_P  shift 354
	XMLATTRIBUTES  shift 410
	XMLCONCAT  shift 411
	XMLELEMENT  shift 412
	XMLEXISTS  shift 413
	XMLFOREST  shift 414
	XMLNAMESPACES  shift 415
	XMLPARSE  shift 416
	XMLPI  shift 417
	XMLROOT  shift 418
	XMLSERIALIZE  shift 419
	XMLTABLE  shift 420
	YEAR_P  shift 355
	YES_P  shift 356
	ZONE  shift 357
	IDENT  shift 1094
	.  reduce 125 (src line 1045)

	unreserved_keyword  goto 26
	col_name_keyword  goto 27
	opt_derived_alias  goto 1126
	ColId  goto 1095

state 1091
	func_table_expr:  qualified_name.'(' opt_func_arg_list ')' 
	func_table_expr:  qualified_name.'(' opt_func_arg_list ')' WITH_LA ORDINALITY 
	qualified_name:  qualified_name.'.' ColId 

	'('  shift 1098
	'.'  shift 456
	.  error


state 1092
	base_table_ref:  func_table_expr opt_derived_alias.    (111)

	.  reduce 111 (src line 942)


state 1093
	opt_derived_alias:  AS.ColId 
	opt_derived_alias:  AS.ColId '(' col_alias_list ')' 

	ABORT_P  shift 28
	ABSENT  shift 29
	ABSOLUTE_P  shift 30
	ACCESS  shift 31
	ACTION  shift 32
	ADD_P  shift 33
	ADMIN  shift 34
	AFTER  shift 35
	AGGREGATE  shift 36
	ALSO  shift 37
	ALTER  shift 38
	ALWAYS  shift 39
	ASENSITIVE  shift 40
	ASSERTION  shift 41
	ASSIGNMENT  shift 42
	AT  shift 43
	ATOMIC  shift 44
	ATTACH  shift 45
	ATTRIBUTE  shift 46
	BACKWARD  shift 47
	BEFORE  shift 48
	BEGIN_P  shift 49
	BETWEEN  shift 358
	BIGINT  shift 359
	BIT  shift 360
	BOOLEAN_P  shift 361
	BREADTH  shift 50
	BY  shift 51
	CACHE  shift 52
	CALL  shift 53
	CALLED  shift 54
	CASCADE  shift 55
	CASCADED  shift 56
	CATALOG_P  shift 57
	CHAIN  shift 58
	CHAR_P  shift 362
	CHARACTER  shift 363
	CHARACTERISTICS  shift 59
	CHECKPOINT  shift 60
	CLASS  shift 61
	CLOSE  shift 62
	CLUSTER  shift 63
	COALESCE  shift 364
	COLUMNS  shift 64
	COMMENT  shift 65
	COMMENTS  shift 66
	COMMIT  shift 67
	COMMITTED  shift 68
	COMPRESSION  shift 69
	CONDITIONAL  shift 70
	CONFIGURATION  shift 71
	CONFLICT  shift 72
	CONNECTION  shift 73
	CONSTRAINTS  shift 74
	CONTENT_P  shift 75
	CONTINUE_P  shift 76
	CONVERSION_P  shift 77
	COPY  shift 78
	COST  shift 79
	CSV  shift 80
	CUBE  shift 81
	CURRENT_P  shift 82
	CURSOR  shift 83
	CYCLE  shift 84
	DATA_P  shift 85
	DATABASE  shift 86
	DAY_P  shift 87
	DEALLOCATE  shift 88
	DEC  shift 365
	DECIMAL_P  shift 366
	DECLARE  shift 89
	DEFAULTS  shift 90
	DEFERRED  shift 91
	DEFINER  shift 92
	DELETE_P  shift 93
	DELIMITER  shift 94
	DELIMITERS  shift 95
	DEPENDS  shift 96
	DEPTH  shift 97
	DETACH  shift 98
	DICTIONARY  shift 99
	DISABLE_P  shift 100
	DISCARD  shift 101
	DOCUMENT_P  shift 102
	DOMAIN_P  shift 103
	DOUBLE_P  shift 104
	DROP  shift 105
	EACH  shift 106
	EMPTY_P  shift 107
	ENABLE_P  shift 108
	ENCODING  shift 109
	ENCRYPTED  shift 110
	ENFORCED  shift 111
	ENUM_P  shift 112
	ERROR_P  shift 113
	ESCAPE  shift 114
	EVENT  shift 115
	EXCLUDE  shift 116
	EXCLUDING  shift 117
	EXCLUSIVE  shift 118
	EXECUTE  shift 119
	EXISTS  shift 367
	EXPLAIN  shift 120
	EXPRESSION  shift 121
	EXTENSION  shift 122
	EXTERNAL  shift 123
	EXTRACT  shift 368
	FAMILY  shift 124
	FILTER  shift 125
	FINALIZE  shift 126
	FIRST_P  shift 127
	FLOAT_P  shift 369
	FOLLOWING  shift 128
	FORCE  shift 129
	FORMAT  shift 130
	FORWARD  shift 131
	FUNCTION  shift 132
	FUNCTIONS  shift 133
	GENERATED  shift 134
	GLOBAL  shift 135
	GRANTED  shift 136
	GREATEST  shift 370
	GROUPING  shift 371
	GROUPS  shift 137
	HANDLER  shift 138
	HEADER_P  shift 139
	HOLD  shift 140
	HOUR_P  shift 141
	IDENTITY_P  shift 142
	IF_P  shift 143
	IMMEDIATE  shift 144
	IMMUTABLE  shift 145
	IMPLICIT_P  shift 146
	IMPORT_P  shift 147
	INCLUDE  shift 148
	INCLUDING  shift 149
	INCREMENT  shift 150
	INDENT  shift 151
	INDEX  shift 152
	INDEXES  shift 153
	INHERIT  shift 154
	INHERITS  shift 155
	INLINE_P  shift 156
	INOUT  shift 372
	INPUT_P  shift 157
	INSENSITIVE  shift 158
	INSERT  shift 159
	INSTEAD  shift 160
	INT_P  shift 373
	INTEGER  shift 374
	INTERVAL  shift 375
	INVOKER  shift 161
	ISOLATION  shift 162
	JSON  shift 376
	JSON_ARRAY  shift 377
	JSON_ARRAYAGG  shift 378
	JSON_EXISTS  shift 379
	JSON_OBJECT  shift 380
	JSON_OBJECTAGG  shift 381
	JSON_QUERY  shift 382
	JSON_SCALAR  shift 383
	JSON_SERIALIZE  shift 384
	JSON_TABLE  shift 385
	JSON_VALUE  shift 386
	KEEP  shift 163
	KEY  shift 164
	KEYS  shift 165
	LABEL  shift 166
	LANGUAGE  shift 167
	LARGE_P  shift 168
	LAST_P  shift 169
	LEAKPROOF  shift 170
	LEAST  shift 387
	LEVEL  shift 171
	LISTEN  shift 172
	LOAD  shift 173
	LOCAL  shift 174
	LOCATION  shift 175
	LOCK_P  shift 176
	LOCKED  shift 177
	LOGGED  shift 178
	MAPPING  shift 179
	MATCH  shift 180
	MATCHED  shift 181
	MATERIALIZED  shift 182
	MAXVALUE  shift 183
	MERGE  shift 184
	MERGE_ACTION  shift 388
	METHOD  shift 185
	MINUTE_P  shift 186
	MINVALUE  shift 187
	MODE  shift 188
	MONTH_P  shift 189
	MOVE  shift 190
	NAME_P  shift 191
	NAMES  shift 192
	NATIONAL  shift 389
	NCHAR  shift 390
	NESTED  shift 193
	NEW  shift 194
	NEXT  shift 195
	NFC  shift 196
	NFD  shift 197
	NFKC  shift 198
	NFKD  shift 199
	NO  shift 200
	NONE  shift 391
	NORMALIZE  shift 392
	NORMALIZED  shift 201
	NOTHING  shift 202
	NOTIFY  shift 203
	NOWAIT  shift 204
	NULLIF  shift 393
	NULLS_P  shift 205
	NUMERIC  shift 394
	OBJECT_P  shift 206
	OBJECTS_P  shift 207
	OF  shift 208
	OFF  shift 209
	OIDS  shift 210
	OLD  shift 211
	OMIT  shift 212
	OPERATOR  shift 213
	OPTION  shift 214
	OPTIONS  shift 215
	ORDINALITY  shift 216
	OTHERS  shift 217
	OUT_P  shift 395
	OVER  shift 218
	OVERLAY  shift 396
	OVERRIDING  shift 219
	OWNED  shift 220
	OWNER  shift 221
	PARALLEL  shift 222
	PARAMETER  shift 223
	PARSER  shift 224
	PARTIAL  shift 225
	PARTITION  shift 226
	PASSING  shift 227
	PASSWORD  shift 228
	PATH  shift 229
	PERIOD  shift 230
	PLAN  shift 231
	PLANS  shift 232
	POLICY  shift 233
	POSITION  shift 397
	PRECEDING  shift 234
	PRECISION  shift 398
	PREPARE  shift 235
	PREPARED  shift 236
	PRESERVE  shift 237
	PRIOR  shift 238
	PRIVILEGES  shift 239
	PROCEDURAL  shift 240
	PROCEDURE  shift 241
	PROCEDURES  shift 242
	PROGRAM  shift 243
	PUBLICATION  shift 244
	QUOTE  shift 245
	QUOTES  shift 246
	RANGE  shift 247
	READ  shift 248
	REAL  shift 399
	REASSIGN  shift 249
	RECURSIVE  shift 250
	REF_P  shift 251
	REFERENCING  shift 252
	REFRESH  shift 253
	REINDEX  shift 254
	RELATIVE_P  shift 255
	RELEASE  shift 256
	RENAME  shift 257
	REPEATABLE  shift 258
	REPLACE  shift 259
	REPLICA  shift 260
	RESET  shift 261
	RESTART  shift 262
	RESTRICT  shift 263
	RETURN  shift 264
	RETURNS  shift 265
	REVOKE  shift 266
	ROLE  shift 267
	ROLLBACK  shift 268
	ROLLUP  shift 269
	ROUTINE  shift 270
	ROUTINES  shift 271
	ROW  shift 400
	ROWS  shift 272
	RULE  shift 273
	SAVEPOINT  shift 274
	SCALAR  shift 275
	SCHEMA  shift 276
	SCHEMAS  shift 277
	SCROLL  shift 278
	SEARCH  shift 279
	SECOND_P  shift 280
	SECURITY  shift 281
	SEQUENCE  shift 282
	SEQUENCES  shift 283
	SERIALIZABLE  shift 284
	SERVER  shift 285
	SESSION  shift 286
	SET  shift 287
	SETOF  shift 401
	SETS  shift 288
	SHARE  shift 289
	SHOW  shift 290
	SIMPLE  shift 291
	SKIP  shift 292
	SMALLINT  shift 402
	SNAPSHOT  shift 293
	SOURCE  shift 294
	SQL_P  shift 295
	STABLE  shift 296
	STANDALONE_P  shift 297
	START  shift 298
	STATEMENT  shift 299
	STATISTICS  shift 300
	STDIN  shift 301
	STDOUT  shift 302
	STORAGE  shift 303
	STORED  shift 304
	STRICT_P  shift 305
	STRING_P  shift 306
	STRIP_P  shift 307
	SUBSCRIPTION  shift 308
	SUBSTRING  shift 403
	SUPPORT  shift 309
	SYSID  shift 310
	SYSTEM_P  shift 311
	TABLES  shift 312
	TABLESPACE  shift 313
	TARGET  shift 314
	TEMP  shift 315
	TEMPLATE  shift 316
	TEMPORARY  shift 317
	TEXT_P  shift 318
	TIES  shift 319
	TIME  shift 404
	TIMESTAMP  shift 405
	TRANSACTION  shift 320
	TRANSFORM  shift 321
	TREAT  shift 406
	TRIGGER  shift 322
	TRIM  shift 407
	TRUNCATE  shift 323
	TRUSTED  shift 324
	TYPE_P  shift 325
	TYPES_P  shift 326
	UESCAPE  shift 327
	UNBOUNDED  shift 328
	UNCOMMITTED  shift 329
	UNCONDITIONAL  shift 330
	UNENCRYPTED  shift 331
	UNKNOWN  shift 332
	UNLISTEN  shift 333
	UNLOGGED  shift 334
	UNTIL  shift 335
	UPDATE  shift 336
	VACUUM  shift 337
	VALID  shift 338
	VALIDATE  shift 339
	VALIDATOR  shift 340
	VALUE_P  shift 341
	VALUES  shift 408
	VARCHAR  shift 409
	VARYING  shift 342
	VERSION_P  shift 343
	VIEW  shift 344
	VIEWS  shift 345
	VIRTUAL  shift 346
	VOLATILE  shift 347
	WHITESPACE_P  shift 348
	WITHIN  shift 349
	WITHOUT  shift 350
	WORK  shift 351
	WRAPPER  shift 352
	WRITE  shift 353
	XML_P  shift 354
	XMLATTRIBUTES  shift 410
	XMLCONCAT  shift 411
	XMLELEMENT  shift 412
	XMLEXISTS  shift 413
	XMLFOREST  shift 414
	XMLNAMESPACES  shift 415
	XMLPARSE  shift 416
	XMLPI  shift 417
	XMLROOT  shift 418
	XMLSERIALIZE  shift 419
	XMLTABLE  shift 420
	YEAR_P  shift 355
	YES_P  shift 356
	ZONE  shift 357
	IDENT  shift 25
	.  error

	unreserved_keyword  goto 26
	col_name_keyword  goto 27
	ColId  goto 1127

state 1094
	opt_derived_alias:  IDENT.    (127)
	opt_derived_alias:  IDENT.'(' col_alias_list ')' 
	ColId:  IDENT.    (187)

	'('  shift 1128
	.  reduce 127 (src line 1054)


state 1095
	opt_derived_alias:  ColId.'(' col_alias_list ')' 

	'('  shift 1129
	.  error


state 1096
	relation_expr_opt_alias:  qualified_name ColId.    (104)

	.  reduce 104 (src line 861)


state 1097
	relation_expr_opt_alias:  qualified_name AS.ColId 

	ABORT_P  shift 28
	ABSENT  shift 29
	ABSOLUTE_P  shift 30
	ACCESS  shift 31
	ACTION  shift 32
	ADD_P  shift 33
	ADMIN  shift 34
	AFTER  shift 35
	AGGREGATE  shift 36
	ALSO  shift 37
	ALTER  shift 38
	ALWAYS  shift 39
	ASENSITIVE  shift 40
	ASSERTION  shift 41
	ASSIGNMENT  shift 42
	AT  shift 43
	ATOMIC  shift 44
	ATTACH  shift 45
	ATTRIBUTE  shift 46
	BACKWARD  shift 47
	BEFORE  shift 48
	BEGIN_P  shift 49
	BETWEEN  shift 358
	BIGINT  shift 359
	BIT  shift 360
	BOOLEAN_P  shift 361
	BREADTH  shift 50
	BY  shift 51
	CACHE  shift 52
	CALL  shift 53
	CALLED  shift 54
	CASCADE  shift 55
	CASCADED  shift 56
	CATALOG_P  shift 57
	CHAIN  shift 58
	CHAR_P  shift 362
	CHARACTER  shift 363
	CHARACTERISTICS  shift 59
	CHECKPOINT  shift 60
	CLASS  shift 61
	CLOSE  shift 62
	CLUSTER  shift 63
	COALESCE  shift 364
	COLUMNS  shift 64
	COMMENT  shift 65
	COMMENTS  shift 66
	COMMIT  shift 67
	COMMITTED  shift 68
	COMPRESSION  shift 69
	CONDITIONAL  shift 70
	CONFIGURATION  shift 71
	CONFLICT  shift 72
	CONNECTION  shift 73
	CONSTRAINTS  shift 74
	CONTENT_P  shift 75
	CONTINUE_P  shift 76
	CONVERSION_P  shift 77
	COPY  shift 78
	COST  shift 79
	CSV  shift 80
	CUBE  shift 81
	CURRENT_P  shift 82
	CURSOR  shift 83
	CYCLE  shift 84
	DATA_P  shift 85
	DATABASE  shift 86
	DAY_P  shift 87
	DEALLOCATE  shift 88
	DEC  shift 365
	DECIMAL_P  shift 366
	DECLARE  shift 89
	DEFAULTS  shift 90
	DEFERRED  shift 91
	DEFINER  shift 92
	DELETE_P  shift 93
	DELIMITER  shift 94
	DELIMITERS  shift 95
	DEPENDS  shift 96
	DEPTH  shift 97
	DETACH  shift 98
	DICTIONARY  shift 99
	DISABLE_P  shift 100
	DISCARD  shift 101
	DOCUMENT_P  shift 102
	DOMAIN_P  shift 103
	DOUBLE_P  shift 104
	DROP  shift 105
	EACH  shift 106
	EMPTY_P  shift 107
	ENABLE_P  shift 108
	ENCODING  shift 109
	ENCRYPTED  shift 110
	ENFORCED  shift 111
	ENUM_P  shift 112
	ERROR_P  shift 113
	ESCAPE  shift 114
	EVENT  shift 115
	EXCLUDE  shift 116
	EXCLUDING  shift 117
	EXCLUSIVE  shift 118
	EXECUTE  shift 119
	EXISTS  shift 367
	EXPLAIN  shift 120
	EXPRESSION  shift 121
	EXTENSION  shift 122
	EXTERNAL  shift 123
	EXTRACT  shift 368
	FAMILY  shift 124
	FILTER  shift 125
	FINALIZE  shift 126
	FIRST_P  shift 127
	FLOAT_P  shift 369
	FOLLOWING  shift 128
	FORCE  shift 129
	FORMAT  shift 130
	FORWARD  shift 131
	FUNCTION  shift 132
	FUNCTIONS  shift 133
	GENERATED  shift 134
	GLOBAL  shift 135
	GRANTED  shift 136
	GREATEST  shift 370
	GROUPING  shift 371
	GROUPS  shift 137
	HANDLER  shift 138
	HEADER_P  shift 139
	HOLD  shift 140
	HOUR_P  shift 141
	IDENTITY_P  shift 142
	IF_P  shift 143
	IMMEDIATE  shift 144
	IMMUTABLE  shift 145
	IMPLICIT_P  shift 146
	IMPORT_P  shift 147
	INCLUDE  shift 148
	INCLUDING  shift 149
	INCREMENT  shift 150
	INDENT  shift 151
	INDEX  shift 152
	INDEXES  shift 153
	INHERIT  shift 154
	INHERITS  shift 155
	INLINE_P  shift 156
	INOUT  shift 372
	INPUT_P  shift 157
	INSENSITIVE  shift 158
	INSERT  shift 159
	INSTEAD  shift 160
	INT_P  shift 373
	INTEGER  shift 374
	INTERVAL  shift 375
	INVOKER  shift 161
	ISOLATION  shift 162
	JSON  shift 376
	JSON_ARRAY  shift 377
	JSON_ARRAYAGG  shift 378
	JSON_EXISTS  shift 379
	JSON_OBJECT  shift 380
	JSON_OBJECTAGG  shift 381
	JSON_QUERY  shift 382
	JSON_SCALAR  shift 383
	JSON_SERIALIZE  shift 384
	JSON_TABLE  shift 385
	JSON_VALUE  shift 386
	KEEP  shift 163
	KEY  shift 164
	KEYS  shift 165
	LABEL  shift 166
	LANGUAGE  shift 167
	LARGE_P  shift 168
	LAST_P  shift 169
	LEAKPROOF  shift 170
	LEAST  shift 387
	LEVEL  shift 171
	LISTEN  shift 172
	LOAD  shift 173
	LOCAL  shift 174
	LOCATION  shift 175
	LOCK_P  shift 176
	LOCKED  shift 177
	LOGGED  shift 178
	MAPPING  shift 179
	MATCH  shift 180
	MATCHED  shift 181
	MATERIALIZED  shift 182
	MAXVALUE  shift 183
	MERGE  shift 184
	MERGE_ACTION  shift 388
	METHOD  shift 185
	MINUTE_P  shift 186
	MINVALUE  shift 187
	MODE  shift 188
	MONTH_P  shift 189
	MOVE  shift 190
	NAME_P  shift 191
	NAMES  shift 192
	NATIONAL  shift 389
	NCHAR  shift 390
	NESTED  shift 193
	NEW  shift 194
	NEXT  shift 195
	NFC  shift 196
	NFD  shift 197
	NFKC  shift 198
	NFKD  shift 199
	NO  shift 200
	NONE  shift 391
	NORMALIZE  shift 392
	NORMALIZED  shift 201
	NOTHING  shift 202
	NOTIFY  shift 203
	NOWAIT  shift 204
	NULLIF  shift 393
	NULLS_P  shift 205
	NUMERIC  shift 394
	OBJECT_P  shift 206
	OBJECTS_P  shift 207
	OF  shift 208
	OFF  shift 209
	OIDS  shift 210
	OLD  shift 211
	OMIT  shift 212
	OPERATOR  shift 213
	OPTION  shift 214
	OPTIONS  shift 215
	ORDINALITY  shift 216
	OTHERS  shift 217
	OUT_P  shift 395
	OVER  shift 218
	OVERLAY  shift 396
	OVERRIDING  shift 219
	OWNED  shift 220
	OWNER  shift 221
	PARALLEL  shift 222
	PARAMETER  shift 223
	PARSER  shift 224
	PARTIAL  shift 225
	PARTITION  shift 226
	PASSING  shift 227
	PASSWORD  shift 228
	PATH  shift 229
	PERIOD  shift 230
	PLAN  shift 231
	PLANS  shift 232
	POLICY  shift 233
	POSITION  shift 397
	PRECEDING  shift 234
	PRECISION  shift 398
	PREPARE  shift 235
	PREPARED  shift 236
	PRESERVE  shift 237
	PRIOR  shift 238
	PRIVILEGES  shift 239
	PROCEDURAL  shift 240
	PROCEDURE  shift 241
	PROCEDURES  shift 242
	PROGRAM  shift 243
	PUBLICATION  shift 244
	QUOTE  shift 245
	QUOTES  shift 246
	RANGE  shift 247
	READ  shift 248
	REAL  shift 399
	REASSIGN  shift 249
	RECURSIVE  shift 250
	REF_P  shift 251
	REFERENCING  shift 252
	REFRESH  shift 253
	REINDEX  shift 254
	RELATIVE_P  shift 255
	RELEASE  shift 256
	RENAME  shift 257
	REPEATABLE  shift 258
	REPLACE  shift 259
	REPLICA  shift 260
	RESET  shift 261
	RESTART  shift 262
	RESTRICT  shift 263
	RETURN  shift 264
	RETURNS  shift 265
	REVOKE  shift 266
	ROLE  shift 267
	ROLLBACK  shift 268
	ROLLUP  shift 269
	ROUTINE  shift 270
	ROUTINES  shift 271
	ROW  shift 400
	ROWS  shift 272
	RULE  shift 273
	SAVEPOINT  shift 274
	SCALAR  shift 275
	SCHEMA  shift 276
	SCHEMAS  shift 277
	SCROLL  shift 278
	SEARCH  shift 279
	SECOND_P  shift 280
	SECURITY  shift 281
	SEQUENCE  shift 282
	SEQUENCES  shift 283
	SERIALIZABLE  shift 284
	SERVER  shift 285
	SESSION  shift 286
	SET  shift 287
	SETOF  shift 401
	SETS  shift 288
	SHARE  shift 289
	SHOW  shift 290
	SIMPLE  shift 291
	SKIP  shift 292
	SMALLINT  shift 402
	SNAPSHOT  shift 293
	SOURCE  shift 294
	SQL_P  shift 295
	STABLE  shift 296
	STANDALONE_P  shift 297
	START  shift 298
	STATEMENT  shift 299
	STATISTICS  shift 300
	STDIN  shift 301
	STDOUT  shift 302
	STORAGE  shift 303
	STORED  shift 304
	STRICT_P  shift 305
	STRING_P  shift 306
	STRIP_P  shift 307
	SUBSCRIPTION  shift 308
	SUBSTRING  shift 403
	SUPPORT  shift 309
	SYSID  shift 310
	SYSTEM_P  shift 311
	TABLES  shift 312
	TABLESPACE  shift 313
	TARGET  shift 314
	TEMP  shift 315
	TEMPLATE  shift 316
	TEMPORARY  shift 317
	TEXT_P  shift 318
	TIES  shift 319
	TIME  shift 404
	TIMESTAMP  shift 405
	TRANSACTION  shift 320
	TRANSFORM  shift 321
	TREAT  shift 406
	TRIGGER  shift 322
	TRIM  shift 407
	TRUNCATE  shift 323
	TRUSTED  shift 324
	TYPE_P  shift 325
	TYPES_P  shift 326
	UESCAPE  shift 327
	UNBOUNDED  shift 328
	UNCOMMITTED  shift 329
	UNCONDITIONAL  shift 330
	UNENCRYPTED  shift 331
	UNKNOWN  shift 332
	UNLISTEN  shift 333
	UNLOGGED  shift 334
	UNTIL  shift 335
	UPDATE  shift 336
	VACUUM  shift 337
	VALID  shift 338
	VALIDATE  shift 339
	VALIDATOR  shift 340
	VALUE_P  shift 341
	VALUES  shift 408
	VARCHAR  shift 409
	VARYING  shift 342
	VERSION_P  shift 343
	VIEW  shift 344
	VIEWS  shift 345
	VIRTUAL  shift 346
	VOLATILE  shift 347
	WHITESPACE_P  shift 348
	WITHIN  shift 349
	WITHOUT  shift 350
	WORK  shift 351
	WRAPPER  shift 352
	WRITE  shift 353
	XML_P  shift 354
	XMLATTRIBUTES  shift 410
	XMLCONCAT  shift 411
	XMLELEMENT  shift 412
	XMLEXISTS  shift 413
	XMLFOREST  shift 414
	XMLNAMESPACES  shift 415
	XMLPARSE  shift 416
	XMLPI  shift 417
	XMLROOT  shift 418
	XMLSERIALIZE  shift 419
	XMLTABLE  shift 420
	YEAR_P  shift 355
	YES_P  shift 356
	ZONE  shift 357
	IDENT  shift 25
	.  error

	unreserved_keyword  goto 26
	col_name_keyword  goto 27
	ColId  goto 1130

state 1098
	func_table_expr:  qualified_name '('.opt_func_arg_list ')' 
	func_table_expr:  qualified_name '('.opt_func_arg_list ')' WITH_LA ORDINALITY 
	opt_func_arg_list: .    (121)

	ABORT_P  shift 28
	ABSENT  shift 29
	ABSOLUTE_P  shift 30
	ACCESS  shift 31
	ACTION  shift 32
	ADD_P  shift 33
	ADMIN  shift 34
	AFTER  shift 35
	AGGREGATE  shift 36
	ALSO  shift 37
	ALTER  shift 38
	ALWAYS  shift 39
	ASENSITIVE  shift 40
	ASSERTION  shift 41
	ASSIGNMENT  shift 42
	AT  shift 43
	ATOMIC  shift 44
	ATTACH  shift 45
	ATTRIBUTE  shift 46
	BACKWARD  shift 47
	BEFORE  shift 48
	BEGIN_P  shift 49
	BETWEEN  shift 358
	BIGINT  shift 359
	BIT  shift 360
	BOOLEAN_P  shift 361
	BREADTH  shift 50
	BY  shift 51
	CACHE  shift 52
	CALL  shift 53
	CALLED  shift 54
	CASCADE  shift 55
	CASCADED  shift 56
	CATALOG_P  shift 57
	CHAIN  shift 58
	CHAR_P  shift 362
	CHARACTER  shift 363
	CHARACTERISTICS  shift 59
	CHECKPOINT  shift 60
	CLASS  shift 61
	CLOSE  shift 62
	CLUSTER  shift 63
	COALESCE  shift 364
	COLUMNS  shift 64
	COMMENT  shift 65
	COMMENTS  shift 66
	COMMIT  shift 67
	COMMITTED  shift 68
	COMPRESSION  shift 69
	CONDITIONAL  shift 70
	CONFIGURATION  shift 71
	CONFLICT  shift 72
	CONNECTION  shift 73
	CONSTRAINTS  shift 74
	CONTENT_P  shift 75
	CONTINUE_P  shift 76
	CONVERSION_P  shift 77
	COPY  shift 78
	COST  shift 79
	CSV  shift 80
	CUBE  shift 81
	CURRENT_P  shift 82
	CURSOR  shift 83
	CYCLE  shift 84
	DATA_P  shift 85
	DATABASE  shift 86
	DAY_P  shift 87
	DEALLOCATE  shift 88
	DEC  shift 365
	DECIMAL_P  shift 366
	DECLARE  shift 89
	DEFAULTS  shift 90
	DEFERRED  shift 91
	DEFINER  shift 92
	DELETE_P  shift 93
	DELIMITER  shift 94
	DELIMITERS  shift 95
	DEPENDS  shift 96
	DEPTH  shift 97
	DETACH  shift 98
	DICTIONARY  shift 99
	DISABLE_P  shift 100
	DISCARD  shift 101
	DOCUMENT_P  shift 102
	DOMAIN_P  shift 103
	DOUBLE_P  shift 104
	DROP  shift 105
	EACH  shift 106
	EMPTY_P  shift 107
	ENABLE_P  shift 108
	ENCODING  shift 109
	ENCRYPTED  shift 110
	ENFORCED  shift 111
	ENUM_P  shift 112
	ERROR_P  shift 113
	ESCAPE  shift 114
	EVENT  shift 115
	EXCLUDE  shift 116
	EXCLUDING  shift 117
	EXCLUSIVE  shift 118
	EXECUTE  shift 119
	EXISTS  shift 367
	EXPLAIN  shift 120
	EXPRESSION  shift 121
	EXTENSION  shift 122
	EXTERNAL  shift 123
	EXTRACT  shift 368
	FALSE_P  shift 451
	FAMILY  shift 124
	FILTER  shift 125
	FINALIZE  shift 126
	FIRST_P  shift 127
	FLOAT_P  shift 369
	FOLLOWING  shift 128
	FORCE  shift 129
	FORMAT  shift 130
	FORWARD  shift 131
	FUNCTION  shift 132
	FUNCTIONS  shift 133
	GENERATED  shift 134
	GLOBAL  shift 135
	GRANTED  shift 136
	GREATEST  shift 370
	GROUPING  shift 371
	GROUPS  shift 137
	HANDLER  shift 138
	HEADER_P  shift 139
	HOLD  shift 140
	HOUR_P  shift 141
	IDENTITY_P  shift 142
	IF_P  shift 143
	IMMEDIATE  shift 144
	IMMUTABLE  shift 145
	IMPLICIT_P  shift 146
	IMPORT_P  shift 147
	INCLUDE  shift 148
	INCLUDING  shift 149
	INCREMENT  shift 150
	INDENT  shift 151
	INDEX  shift 152
	INDEXES  shift 153
	INHERIT  shift 154
	INHERITS  shift 155
	INLINE_P  shift 156
	INOUT  shift 372
	INPUT_P  shift 157
	INSENSITIVE  shift 158
	INSERT  shift 159
	INSTEAD  shift 160
	INT_P  shift 373
	INTEGER  shift 374
	INTERVAL  shift 375
	INVOKER  shift 161
	ISOLATION  shift 162
	JSON  shift 376
	JSON_ARRAY  shift 377
	JSON_ARRAYAGG  shift 378
	JSON_EXISTS  shift 379
	JSON_OBJECT  shift 380
	JSON_OBJECTAGG  shift 381
	JSON_QUERY  shift 382
	JSON_SCALAR  shift 383
	JSON_SERIALIZE  shift 384
	JSON_TABLE  shift 385
	JSON_VALUE  shift 386
	KEEP  shift 163
	KEY  shift 164
	KEYS  shift 165
	LABEL  shift 166
	LANGUAGE  shift 167
	LARGE_P  shift 168
	LAST_P  shift 169
	LEAKPROOF  shift 170
	LEAST  shift 387
	LEVEL  shift 171
	LISTEN  shift 172
	LOAD  shift 173
	LOCAL  shift 174
	LOCATION  shift 175
	LOCK_P  shift 176
	LOCKED  shift 177
	LOGGED  shift 178
	MAPPING  shift 179
	MATCH  shift 180
	MATCHED  shift 181
	MATERIALIZED  shift 182
	MAXVALUE  shift 183
	MERGE  shift 184
	MERGE_ACTION  shift 388
	METHOD  shift 185
	MINUTE_P  shift 186
	MINVALUE  shift 187
	MODE  shift 188
	MONTH_P  shift 189
	MOVE  shift 190
	NAME_P  shift 191
	NAMES  shift 192
	NATIONAL  shift 389
	NCHAR  shift 390
	NESTED  shift 193
	NEW  shift 194
	NEXT  shift 195
	NFC  shift 196
	NFD  shift 197
	NFKC  shift 198
	NFKD  shift 199
	NO  shift 200
	NONE  shift 391
	NORMALIZE  shift 392
	NORMALIZED  shift 201
	NOT  shift 443
	NOTHING  shift 202
	NOTIFY  shift 203
	NOWAIT  shift 204
	NULL_P  shift 452
	NULLIF  shift 393
	NULLS_P  shift 205
	NUMERIC  shift 394
	OBJECT_P  shift 206
	OBJECTS_P  shift 207
	OF  shift 208
	OFF  shift 209
	OIDS  shift 210
	OLD  shift 211
	OMIT  shift 212
	OPERATOR  shift 213
	OPTION  shift 214
	OPTIONS  shift 215
	ORDINALITY  shift 216
	OTHERS  shift 217
	OUT_P  shift 395
	OVER  shift 218
	OVERLAY  shift 396
	OVERRIDING  shift 219
	OWNED  shift 220
	OWNER  shift 221
	PARALLEL  shift 222
	PARAMETER  shift 223
	PARSER  shift 224
	PARTIAL  shift 225
	PARTITION  shift 226
	PASSING  shift 227
	PASSWORD  shift 228
	PATH  shift 229
	PERIOD  shift 230
	PLAN  shift 231
	PLANS  shift 232
	POLICY  shift 233
	POSITION  shift 397
	PRECEDING  shift 234
	PRECISION  shift 398
	PREPARE  shift 235
	PREPARED  shift 236
	PRESERVE  shift 237
	PRIOR  shift 238
	PRIVILEGES  shift 239
	PROCEDURAL  shift 240
	PROCEDURE  shift 241
	PROCEDURES  shift 242
	PROGRAM  shift 243
	PUBLICATION  shift 244
	QUOTE  shift 245
	QUOTES  shift 246
	RANGE  shift 247
	READ  shift 248
	REAL  shift 399
	REASSIGN  shift 249
	RECURSIVE  shift 250
	REF_P  shift 251
	REFERENCING  shift 252
	REFRESH  shift 253
	REINDEX  shift 254
	RELATIVE_P  shift 255
	RELEASE  shift 256
	RENAME  shift 257
	REPEATABLE  shift 258
	REPLACE  shift 259
	REPLICA  shift 260
	RESET  shift 261
	RESTART  shift 262
	RESTRICT  shift 263
	RETURN  shift 264
	RETURNS  shift 265
	REVOKE  shift 266
	ROLE  shift 267
	ROLLBACK  shift 268
	ROLLUP  shift 269
	ROUTINE  shift 270
	ROUTINES  shift 271
	ROW  shift 400
	ROWS  shift 272
	RULE  shift 273
	SAVEPOINT  shift 274
	SCALAR  shift 275
	SCHEMA  shift 276
	SCHEMAS  shift 277
	SCROLL  shift 278
	SEARCH  shift 279
	SECOND_P  shift 280
	SECURITY  shift 281
	SEQUENCE  shift 282
	SEQUENCES  shift 283
	SERIALIZABLE  shift 284
	SERVER  shift 285
	SESSION  shift 286
	SET  shift 287
	SETOF  shift 401
	SETS  shift 288
	SHARE  shift 289
	SHOW  shift 290
	SIMPLE  shift 291
	SKIP  shift 292
	SMALLINT  shift 402
	SNAPSHOT  shift 293
	SOURCE  shift 294
	SQL_P  shift 295
	STABLE  shift 296
	STANDALONE_P  shift 297
	START  shift 298
	STATEMENT  shift 299
	STATISTICS  shift 300
	STDIN  shift 301
	STDOUT  shift 302
	STORAGE  shift 303
	STORED  shift 304
	STRICT_P  shift 305
	STRING_P  shift 306
	STRIP_P  shift 307
	SUBSCRIPTION  shift 308
	SUBSTRING  shift 403
	SUPPORT  shift 309
	SYSID  shift 310
	SYSTEM_P  shift 311
	TABLES  shift 312
	TABLESPACE  shift 313
	TARGET  shift 314
	TEMP  shift 315
	TEMPLATE  shift 316
	TEMPORARY  shift 317
	TEXT_P  shift 318
	TIES  shift 319
	TIME  shift 404
	TIMESTAMP  shift 405
	TRANSACTION  shift 320
	TRANSFORM  shift 321
	TREAT  shift 406
	TRIGGER  shift 322
	TRIM  shift 407
	TRUE_P  shift 450
	TRUNCATE  shift 323
	TRUSTED  shift 324
	TYPE_P  shift 325
	TYPES_P  shift 326
	UESCAPE  shift 327
	UNBOUNDED  shift 328
	UNCOMMITTED  shift 329
	UNCONDITIONAL  shift 330
	UNENCRYPTED  shift 331
	UNKNOWN  shift 332
	UNLISTEN  shift 333
	UNLOGGED  shift 334
	UNTIL  shift 335
	UPDATE  shift 336
	VACUUM  shift 337
	VALID  shift 338
	VALIDATE  shift 339
	VALIDATOR  shift 340
	VALUE_P  shift 341
	VALUES  shift 408
	VARCHAR  shift 409
	VARYING  shift 342
	VERSION_P  shift 343
	VIEW  shift 344
	VIEWS  shift 345
	VIRTUAL  shift 346
	VOLATILE  shift 347
	WHITESPACE_P  shift 348
	WITHIN  shift 349
	WITHOUT  shift 350
	WORK  shift 351
	WRAPPER  shift 352
	WRITE  shift 353
	XML_P  shift 354
	XMLATTRIBUTES  shift 410
	XMLCONCAT  shift 411
	XMLELEMENT  shift 412
	XMLEXISTS  shift 413
	XMLFOREST  shift 414
	XMLNAMESPACES  shift 415
	XMLPARSE  shift 416
	XMLPI  shift 417
	XMLROOT  shift 418
	XMLSERIALIZE  shift 419
	XMLTABLE  shift 420
	YEAR_P  shift 355
	YES_P  shift 356
	ZONE  shift 357
	IDENT  shift 25
	FCONST  shift 448
	SCONST  shift 449
	ICONST  shift 447
	PARAM  shift 453
	'+'  shift 445
	'-'  shift 444
	'('  shift 446
	.  reduce 121 (src line 1026)

	unreserved_keyword  goto 26
	col_name_keyword  goto 27
	opt_func_arg_list  goto 1131
	func_arg_list  goto 1132
	qualified_name  goto 454
	a_expr  goto 1133
	c_expr  goto 442
	ColId  goto 24

state 1099
	func_table_expr:  ROWS FROM.'(' row_from_list ')' opt_with_ordinality 

	'('  shift 1134
	.  error


state 1100
	opt_all_distinct:  DISTINCT ON '(' expr_list ')'.    (67)

	.  reduce 67 (src line 642)


state 1101
	limit_clause:  FETCH first_or_next select_fetch_first_value row_or_rows WITH TIES.    (50)

	.  reduce 50 (src line 573)


state 1102
	cte_item:  ColId cte_col_list AS opt_materialized '(' SelectStmt.')' 

	')'  shift 1135
	.  error


state 1103
	simple_select:  SELECT select_pos opt_all_distinct opt_target_list opt_from_clause where_clause group_clause having_clause.    (28)

	.  reduce 28 (src line 427)


state 1104
	having_clause:  HAVING.a_expr 

	ABORT_P  shift 28
	ABSENT  shift 29
	ABSOLUTE_P  shift 30
	ACCESS  shift 31
	ACTION  shift 32
	ADD_P  shift 33
	ADMIN  shift 34
	AFTER  shift 35
	AGGREGATE  shift 36
	ALSO  shift 37
	ALTER  shift 38
	ALWAYS  shift 39
	ASENSITIVE  shift 40
	ASSERTION  shift 41
	ASSIGNMENT  shift 42
	AT  shift 43
	ATOMIC  shift 44
	ATTACH  shift 45
	ATTRIBUTE  shift 46
	BACKWARD  shift 47
	BEFORE  shift 48
	BEGIN_P  shift 49
	BETWEEN  shift 358
	BIGINT  shift 359
	BIT  shift 360
	BOOLEAN_P  shift 361
	BREADTH  shift 50
	BY  shift 51
	CACHE  shift 52
	CALL  shift 53
	CALLED  shift 54
	CASCADE  shift 55
	CASCADED  shift 56
	CATALOG_P  shift 57
	CHAIN  shift 58
	CHAR_P  shift 362
	CHARACTER  shift 363
	CHARACTERISTICS  shift 59
	CHECKPOINT  shift 60
	CLASS  shift 61
	CLOSE  shift 62
	CLUSTER  shift 63
	COALESCE  shift 364
	COLUMNS  shift 64
	COMMENT  shift 65
	COMMENTS  shift 66
	COMMIT  shift 67
	COMMITTED  shift 68
	COMPRESSION  shift 69
	CONDITIONAL  shift 70
	CONFIGURATION  shift 71
	CONFLICT  shift 72
	CONNECTION  shift 73
	CONSTRAINTS  shift 74
	CONTENT_P  shift 75
	CONTINUE_P  shift 76
	CONVERSION_P  shift 77
	COPY  shift 78
	COST  shift 79
	CSV  shift 80
	CUBE  shift 81
	CURRENT_P  shift 82
	CURSOR  shift 83
	CYCLE  shift 84
	DATA_P  shift 85
	DATABASE  shift 86
	DAY_P  shift 87
	DEALLOCATE  shift 88
	DEC  shift 365
	DECIMAL_P  shift 366
	DECLARE  shift 89
	DEFAULTS  shift 90
	DEFERRED  shift 91
	DEFINER  shift 92
	DELETE_P  shift 93
	DELIMITER  shift 94
	DELIMITERS  shift 95
	DEPENDS  shift 96
	DEPTH  shift 97
	DETACH  shift 98
	DICTIONARY  shift 99
	DISABLE_P  shift 100
	DISCARD  shift 101
	DOCUMENT_P  shift 102
	DOMAIN_P  shift 103
	DOUBLE_P  shift 104
	DROP  shift 105
	EACH  shift 106
	EMPTY_P  shift 107
	ENABLE_P  shift 108
	ENCODING  shift 109
	ENCRYPTED  shift 110
	ENFORCED  shift 111
	ENUM_P  shift 112
	ERROR_P  shift 113
	ESCAPE  shift 114
	EVENT  shift 115
	EXCLUDE  shift 116
	EXCLUDING  shift 117
	EXCLUSIVE  shift 118
	EXECUTE  shift 119
	EXISTS  shift 367
	EXPLAIN  shift 120
	EXPRESSION  shift 121
	EXTENSION  shift 122
	EXTERNAL  shift 123
	EXTRACT  shift 368
	FALSE_P  shift 451
	FAMILY  shift 124
	FILTER  shift 125
	FINALIZE  shift 126
	FIRST_P  shift 127
	FLOAT_P  shift 369
	FOLLOWING  shift 128
	FORCE  shift 129
	FORMAT  shift 130
	FORWARD  shift 131
	FUNCTION  shift 132
	FUNCTIONS  shift 133
	GENERATED  shift 134
	GLOBAL  shift 135
	GRANTED  shift 136
	GREATEST  shift 370
	GROUPING  shift 371
	GROUPS  shift 137
	HANDLER  shift 138
	HEADER_P  shift 139
	HOLD  shift 140
	HOUR_P  shift 141
	IDENTITY_P  shift 142
	IF_P  shift 143
	IMMEDIATE  shift 144
	IMMUTABLE  shift 145
	IMPLICIT_P  shift 146
	IMPORT_P  shift 147
	INCLUDE  shift 148
	INCLUDING  shift 149
	INCREMENT  shift 150
	INDENT  shift 151
	INDEX  shift 152
	INDEXES  shift 153
	INHERIT  shift 154
	INHERITS  shift 155
	INLINE_P  shift 156
	INOUT  shift 372
	INPUT_P  shift 157
	INSENSITIVE  shift 158
	INSERT  shift 159
	INSTEAD  shift 160
	INT_P  shift 373
	INTEGER  shift 374
	INTERVAL  shift 375
	INVOKER  shift 161
	ISOLATION  shift 162
	JSON  shift 376
	JSON_ARRAY  shift 377
	JSON_ARRAYAGG  shift 378
	JSON_EXISTS  shift 379
	JSON_OBJECT  shift 380
	JSON_OBJECTAGG  shift 381
	JSON_QUERY  shift 382
	JSON_SCALAR  shift 383
	JSON_SERIALIZE  shift 384
	JSON_TABLE  shift 385
	JSON_VALUE  shift 386
	KEEP  shift 163
	KEY  shift 164
	KEYS  shift 165
	LABEL  shift 166
	LANGUAGE  shift 167
	LARGE_P  shift 168
	LAST_P  shift 169
	LEAKPROOF  shift 170
	LEAST  shift 387
	LEVEL  shift 171
	LISTEN  shift 172
	LOAD  shift 173
	LOCAL  shift 174
	LOCATION  shift 175
	LOCK_P  shift 176
	LOCKED  shift 177
	LOGGED  shift 178
	MAPPING  shift 179
	MATCH  shift 180
	MATCHED  shift 181
	MATERIALIZED  shift 182
	MAXVALUE  shift 183
	MERGE  shift 184
	MERGE_ACTION  shift 388
	METHOD  shift 185
	MINUTE_P  shift 186
	MINVALUE  shift 187
	MODE  shift 188
	MONTH_P  shift 189
	MOVE  shift 190
	NAME_P  shift 191
	NAMES  shift 192
	NATIONAL  shift 389
	NCHAR  shift 390
	NESTED  shift 193
	NEW  shift 194
	NEXT  shift 195
	NFC  shift 196
	NFD  shift 197
	NFKC  shift 198
	NFKD  shift 199
	NO  shift 200
	NONE  shift 391
	NORMALIZE  shift 392
	NORMALIZED  shift 201
	NOT  shift 443
	NOTHING  shift 202
	NOTIFY  shift 203
	NOWAIT  shift 204
	NULL_P  shift 452
	NULLIF  shift 393
	NULLS_P  shift 205
	NUMERIC  shift 394
	OBJECT_P  shift 206
	OBJECTS_P  shift 207
	OF  shift 208
	OFF  shift 209
	OIDS  shift 210
	OLD  shift 211
	OMIT  shift 212
	OPERATOR  shift 213
	OPTION  shift 214
	OPTIONS  shift 215
	ORDINALITY  shift 216
	OTHERS  shift 217
	OUT_P  shift 395
	OVER  shift 218
	OVERLAY  shift 396
	OVERRIDING  shift 219
	OWNED  shift 220
	OWNER  shift 221
	PARALLEL  shift 222
	PARAMETER  shift 223
	PARSER  shift 224
	PARTIAL  shift 225
	PARTITION  shift 226
	PASSING  shift 227
	PASSWORD  shift 228
	PATH  shift 229
	PERIOD  shift 230
	PLAN  shift 231
	PLANS  shift 232
	POLICY  shift 233
	POSITION  shift 397
	PRECEDING  shift 234
	PRECISION  shift 398
	PREPARE  shift 235
	PREPARED  shift 236
	PRESERVE  shift 237
	PRIOR  shift 238
	PRIVILEGES  shift 239
	PROCEDURAL  shift 240
	PROCEDURE  shift 241
	PROCEDURES  shift 242
	PROGRAM  shift 243
	PUBLICATION  shift 244
	QUOTE  shift 245
	QUOTES  shift 246
	RANGE  shift 247
	READ  shift 248
	REAL  shift 399
	REASSIGN  shift 249
	RECURSIVE  shift 250
	REF_P  shift 251
	REFERENCING  shift 252
	REFRESH  shift 253
	REINDEX  shift 254
	RELATIVE_P  shift 255
	RELEASE  shift 256
	RENAME  shift 257
	REPEATABLE  shift 258
	REPLACE  shift 259
	REPLICA  shift 260
	RESET  shift 261
	RESTART  shift 262
	RESTRICT  shift 263
	RETURN  shift 264
	RETURNS  shift 265
	REVOKE  shift 266
	ROLE  shift 267
	ROLLBACK  shift 268
	ROLLUP  shift 269
	ROUTINE  shift 270
	ROUTINES  shift 271
	ROW  shift 400
	ROWS  shift 272
	RULE  shift 273
	SAVEPOINT  shift 274
	SCALAR  shift 275
	SCHEMA  shift 276
	SCHEMAS  shift 277
	SCROLL  shift 278
	SEARCH  shift 279
	SECOND_P  shift 280
	SECURITY  shift 281
	SEQUENCE  shift 282
	SEQUENCES  shift 283
	SERIALIZABLE  shift 284
	SERVER  shift 285
	SESSION  shift 286
	SET  shift 287
	SETOF  shift 401
	SETS  shift 288
	SHARE  shift 289
	SHOW  shift 290
	SIMPLE  shift 291
	SKIP  shift 292
	SMALLINT  shift 402
	SNAPSHOT  shift 293
	SOURCE  shift 294
	SQL_P  shift 295
	STABLE  shift 296
	STANDALONE_P  shift 297
	START  shift 298
	STATEMENT  shift 299
	STATISTICS  shift 300
	STDIN  shift 301
	STDOUT  shift 302
	STORAGE  shift 303
	STORED  shift 304
	STRICT_P  shift 305
	STRING_P  shift 306
	STRIP_P  shift 307
	SUBSCRIPTION  shift 308
	SUBSTRING  shift 403
	SUPPORT  shift 309
	SYSID  shift 310
	SYSTEM_P  shift 311
	TABLES  shift 312
	TABLESPACE  shift 313
	TARGET  shift 314
	TEMP  shift 315
	TEMPLATE  shift 316
	TEMPORARY  shift 317
	TEXT_P  shift 318
	TIES  shift 319
	TIME  shift 404
	TIMESTAMP  shift 405
	TRANSACTION  shift 320
	TRANSFORM  shift 321
	TREAT  shift 406
	TRIGGER  shift 322
	TRIM  shift 407
	TRUE_P  shift 450
	TRUNCATE  shift 323
	TRUSTED  shift 324
	TYPE_P  shift 325
	TYPES_P  shift 326
	UESCAPE  shift 327
	UNBOUNDED  shift 328
	UNCOMMITTED  shift 329
	UNCONDITIONAL  shift 330
	UNENCRYPTED  shift 331
	UNKNOWN  shift 332
	UNLISTEN  shift 333
	UNLOGGED  shift 334
	UNTIL  shift 335
	UPDATE  shift 336
	VACUUM  shift 337
	VALID  shift 338
	VALIDATE  shift 339
	VALIDATOR  shift 340
	VALUE_P  shift 341
	VALUES  shift 408
	VARCHAR  shift 409
	VARYING  shift 342
	VERSION_P  shift 343
	VIEW  shift 344
	VIEWS  shift 345
	VIRTUAL  shift 346
	VOLATILE  shift 347
	WHITESPACE_P  shift 348
	WITHIN  shift 349
	WITHOUT  shift 350
	WORK  shift 351
	WRAPPER  shift 352
	WRITE  shift 353
	XML_P  shift 354
	XMLATTRIBUTES  shift 410
	XMLCONCAT  shift 411
	XMLELEMENT  shift 412
	XMLEXISTS  shift 413
	XMLFOREST  shift 414
	XMLNAMESPACES  shift 415
	XMLPARSE  shift 416
	XMLPI  shift 417
	XMLROOT  shift 418
	XMLSERIALIZE  shift 419
	XMLTABLE  shift 420
	YEAR_P  shift 355
	YES_P  shift 356
	ZONE  shift 357
	IDENT  shift 25
	FCONST  shift 448
	SCONST  shift 449
	ICONST  shift 447
	PARAM  shift 453
	'+'  shift 445
	'-'  shift 444
	'('  shift 446
	.  error

	unreserved_keyword  goto 26
	col_name_keyword  goto 27
	qualified_name  goto 454
	a_expr  goto 1136
	c_expr  goto 442
	ColId  goto 24

state 1105
	group_clause:  GROUP_P BY.group_by_list 

	ABORT_P  shift 28
	ABSENT  shift 29
	ABSOLUTE_P  shift 30
	ACCESS  shift 31
	ACTION  shift 32
	ADD_P  shift 33
	ADMIN  shift 34
	AFTER  shift 35
	AGGREGATE  shift 36
	ALSO  shift 37
	ALTER  shift 38
	ALWAYS  shift 39
	ASENSITIVE  shift 40
	ASSERTION  shift 41
	ASSIGNMENT  shift 42
	AT  shift 43
	ATOMIC  shift 44
	ATTACH  shift 45
	ATTRIBUTE  shift 46
	BACKWARD  shift 47
	BEFORE  shift 48
	BEGIN_P  shift 49
	BETWEEN  shift 358
	BIGINT  shift 359
	BIT  shift 360
	BOOLEAN_P  shift 361
	BREADTH  shift 50
	BY  shift 51
	CACHE  shift 52
	CALL  shift 53
	CALLED  shift 54
	CASCADE  shift 55
	CASCADED  shift 56
	CATALOG_P  shift 57
	CHAIN  shift 58
	CHAR_P  shift 362
	CHARACTER  shift 363
	CHARACTERISTICS  shift 59
	CHECKPOINT  shift 60
	CLASS  shift 61
	CLOSE  shift 62
	CLUSTER  shift 63
	COALESCE  shift 364
	COLUMNS  shift 64
	COMMENT  shift 65
	COMMENTS  shift 66
	COMMIT  shift 67
	COMMITTED  shift 68
	COMPRESSION  shift 69
	CONDITIONAL  shift 70
	CONFIGURATION  shift 71
	CONFLICT  shift 72
	CONNECTION  shift 73
	CONSTRAINTS  shift 74
	CONTENT_P  shift 75
	CONTINUE_P  shift 76
	CONVERSION_P  shift 77
	COPY  shift 78
	COST  shift 79
	CSV  shift 80
	CUBE  shift 81
	CURRENT_P  shift 82
	CURSOR  shift 83
	CYCLE  shift 84
	DATA_P  shift 85
	DATABASE  shift 86
	DAY_P  shift 87
	DEALLOCATE  shift 88
	DEC  shift 365
	DECIMAL_P  shift 366
	DECLARE  shift 89
	DEFAULTS  shift 90
	DEFERRED  shift 91
	DEFINER  shift 92
	DELETE_P  shift 93
	DELIMITER  shift 94
	DELIMITERS  shift 95
	DEPENDS  shift 96
	DEPTH  shift 97
	DETACH  shift 98
	DICTIONARY  shift 99
	DISABLE_P  shift 100
	DISCARD  shift 101
	DOCUMENT_P  shift 102
	DOMAIN_P  shift 103
	DOUBLE_P  shift 104
	DROP  shift 105
	EACH  shift 106
	EMPTY_P  shift 107
	ENABLE_P  shift 108
	ENCODING  shift 109
	ENCRYPTED  shift 110
	ENFORCED  shift 111
	ENUM_P  shift 112
	ERROR_P  shift 113
	ESCAPE  shift 114
	EVENT  shift 115
	EXCLUDE  shift 116
	EXCLUDING  shift 117
	EXCLUSIVE  shift 118
	EXECUTE  shift 119
	EXISTS  shift 367
	EXPLAIN  shift 120
	EXPRESSION  shift 121
	EXTENSION  shift 122
	EXTERNAL  shift 123
	EXTRACT  shift 368
	FALSE_P  shift 451
	FAMILY  shift 124
	FILTER  shift 125
	FINALIZE  shift 126
	FIRST_P  shift 127
	FLOAT_P  shift 369
	FOLLOWING  shift 128
	FORCE  shift 129
	FORMAT  shift 130
	FORWARD  shift 131
	FUNCTION  shift 132
	FUNCTIONS  shift 133
	GENERATED  shift 134
	GLOBAL  shift 135
	GRANTED  shift 136
	GREATEST  shift 370
	GROUPING  shift 371
	GROUPS  shift 137
	HANDLER  shift 138
	HEADER_P  shift 139
	HOLD  shift 140
	HOUR_P  shift 141
	IDENTITY_P  shift 142
	IF_P  shift 143
	IMMEDIATE  shift 144
	IMMUTABLE  shift 145
	IMPLICIT_P  shift 146
	IMPORT_P  shift 147
	INCLUDE  shift 148
	INCLUDING  shift 149
	INCREMENT  shift 150
	INDENT  shift 151
	INDEX  shift 152
	INDEXES  shift 153
	INHERIT  shift 154
	INHERITS  shift 155
	INLINE_P  shift 156
	INOUT  shift 372
	INPUT_P  shift 157
	INSENSITIVE  shift 158
	INSERT  shift 159
	INSTEAD  shift 160
	INT_P  shift 373
	INTEGER  shift 374
	INTERVAL  shift 375
	INVOKER  shift 161
	ISOLATION  shift 162
	JSON  shift 376
	JSON_ARRAY  shift 377
	JSON_ARRAYAGG  shift 378
	JSON_EXISTS  shift 379
	JSON_OBJECT  shift 380
	JSON_OBJECTAGG  shift 381
	JSON_QUERY  shift 382
	JSON_SCALAR  shift 383
	JSON_SERIALIZE  shift 384
	JSON_TABLE  shift 385
	JSON_VALUE  shift 386
	KEEP  shift 163
	KEY  shift 164
	KEYS  shift 165
	LABEL  shift 166
	LANGUAGE  shift 167
	LARGE_P  shift 168
	LAST_P  shift 169
	LEAKPROOF  shift 170
	LEAST  shift 387
	LEVEL  shift 171
	LISTEN  shift 172
	LOAD  shift 173
	LOCAL  shift 174
	LOCATION  shift 175
	LOCK_P  shift 176
	LOCKED  shift 177
	LOGGED  shift 178
	MAPPING  shift 179
	MATCH  shift 180
	MATCHED  shift 181
	MATERIALIZED  shift 182
	MAXVALUE  shift 183
	MERGE  shift 184
	MERGE_ACTION  shift 388
	METHOD  shift 185
	MINUTE_P  shift 186
	MINVALUE  shift 187
	MODE  shift 188
	MONTH_P  shift 189
	MOVE  shift 190
	NAME_P  shift 191
	NAMES  shift 192
	NATIONAL  shift 389
	NCHAR  shift 390
	NESTED  shift 193
	NEW  shift 194
	NEXT  shift 195
	NFC  shift 196
	NFD  shift 197
	NFKC  shift 198
	NFKD  shift 199
	NO  shift 200
	NONE  shift 391
	NORMALIZE  shift 392
	NORMALIZED  shift 201
	NOT  shift 443
	NOTHING  shift 202
	NOTIFY  shift 203
	NOWAIT  shift 204
	NULL_P  shift 452
	NULLIF  shift 393
	NULLS_P  shift 205
	NUMERIC  shift 394
	OBJECT_P  shift 206
	OBJECTS_P  shift 207
	OF  shift 208
	OFF  shift 209
	OIDS  shift 210
	OLD  shift 211
	OMIT  shift 212
	OPERATOR  shift 213
	OPTION  shift 214
	OPTIONS  shift 215
	ORDINALITY  shift 216
	OTHERS  shift 217
	OUT_P  shift 395
	OVER  shift 218
	OVERLAY  shift 396
	OVERRIDING  shift 219
	OWNED  shift 220
	OWNER  shift 221
	PARALLEL  shift 222
	PARAMETER  shift 223
	PARSER  shift 224
	PARTIAL  shift 225
	PARTITION  shift 226
	PASSING  shift 227
	PASSWORD  shift 228
	PATH  shift 229
	PERIOD  shift 230
	PLAN  shift 231
	PLANS  shift 232
	POLICY  shift 233
	POSITION  shift 397
	PRECEDING  shift 234
	PRECISION  shift 398
	PREPARE  shift 235
	PREPARED  shift 236
	PRESERVE  shift 237
	PRIOR  shift 238
	PRIVILEGES  shift 239
	PROCEDURAL  shift 240
	PROCEDURE  shift 241
	PROCEDURES  shift 242
	PROGRAM  shift 243
	PUBLICATION  shift 244
	QUOTE  shift 245
	QUOTES  shift 246
	RANGE  shift 247
	READ  shift 248
	REAL  shift 399
	REASSIGN  shift 249
	RECURSIVE  shift 250
	REF_P  shift 251
	REFERENCING  shift 252
	REFRESH  shift 253
	REINDEX  shift 254
	RELATIVE_P  shift 255
	RELEASE  shift 256
	RENAME  shift 257
	REPEATABLE  shift 258
	REPLACE  shift 259
	REPLICA  shift 260
	RESET  shift 261
	RESTART  shift 262
	RESTRICT  shift 263
	RETURN  shift 264
	RETURNS  shift 265
	REVOKE  shift 266
	ROLE  shift 267
	ROLLBACK  shift 268
	ROLLUP  shift 269
	ROUTINE  shift 270
	ROUTINES  shift 271
	ROW  shift 400
	ROWS  shift 272
	RULE  shift 273
	SAVEPOINT  shift 274
	SCALAR  shift 275
	SCHEMA  shift 276
	SCHEMAS  shift 277
	SCROLL  shift 278
	SEARCH  shift 279
	SECOND_P  shift 280
	SECURITY  shift 281
	SEQUENCE  shift 282
	SEQUENCES  shift 283
	SERIALIZABLE  shift 284
	SERVER  shift 285
	SESSION  shift 286
	SET  shift 287
	SETOF  shift 401
	SETS  shift 288
	SHARE  shift 289
	SHOW  shift 290
	SIMPLE  shift 291
	SKIP  shift 292
	SMALLINT  shift 402
	SNAPSHOT  shift 293
	SOURCE  shift 294
	SQL_P  shift 295
	STABLE  shift 296
	STANDALONE_P  shift 297
	START  shift 298
	STATEMENT  shift 299
	STATISTICS  shift 300
	STDIN  shift 301
	STDOUT  shift 302
	STORAGE  shift 303
	STORED  shift 304
	STRICT_P  shift 305
	STRING_P  shift 306
	STRIP_P  shift 307
	SUBSCRIPTION  shift 308
	SUBSTRING  shift 403
	SUPPORT  shift 309
	SYSID  shift 310
	SYSTEM_P  shift 311
	TABLES  shift 312
	TABLESPACE  shift 313
	TARGET  shift 314
	TEMP  shift 315
	TEMPLATE  shift 316
	TEMPORARY  shift 317
	TEXT_P  shift 318
	TIES  shift 319
	TIME  shift 404
	TIMESTAMP  shift 405
	TRANSACTION  shift 320
	TRANSFORM  shift 321
	TREAT  shift 406
	TRIGGER  shift 322
	TRIM  shift 407
	TRUE_P  shift 450
	TRUNCATE  shift 323
	TRUSTED  shift 324
	TYPE_P  shift 325
	TYPES_P  shift 326
	UESCAPE  shift 327
	UNBOUNDED  shift 328
	UNCOMMITTED  shift 329
	UNCONDITIONAL  shift 330
	UNENCRYPTED  shift 331
	UNKNOWN  shift 332
	UNLISTEN  shift 333
	UNLOGGED  shift 334
	UNTIL  shift 335
	UPDATE  shift 336
	VACUUM  shift 337
	VALID  shift 338
	VALIDATE  shift 339
	VALIDATOR  shift 340
	VALUE_P  shift 341
	VALUES  shift 408
	VARCHAR  shift 409
	VARYING  shift 342
	VERSION_P  shift 343
	VIEW  shift 344
	VIEWS  shift 345
	VIRTUAL  shift 346
	VOLATILE  shift 347
	WHITESPACE_P  shift 348
	WITHIN  shift 349
	WITHOUT  shift 350
	WORK  shift 351
	WRAPPER  shift 352
	WRITE  shift 353
	XML_P  shift 354
	XMLATTRIBUTES  shift 410
	XMLCONCAT  shift 411
	XMLELEMENT  shift 412
	XMLEXISTS  shift 413
	XMLFOREST  shift 414
	XMLNAMESPACES  shift 415
	XMLPARSE  shift 416
	XMLPI  shift 417
	XMLROOT  shift 418
	XMLSERIALIZE  shift 419
	XMLTABLE  shift 420
	YEAR_P  shift 355
	YES_P  shift 356
	ZONE  shift 357
	IDENT  shift 25
	FCONST  shift 448
	SCONST  shift 449
	ICONST  shift 447
	PARAM  shift 453
	'+'  shift 445
	'-'  shift 444
	'('  shift 446
	.  error

	unreserved_keyword  goto 26
	col_name_keyword  goto 27
	qualified_name  goto 454
	a_expr  goto 1139
	c_expr  goto 442
	group_by_list  goto 1137
	group_by_item  goto 1138
	ColId  goto 24

state 1106
	from_list:  from_list ',' table_ref.    (79)
	table_ref:  table_ref.join_outer base_table_ref join_qual_opt 

	CROSS  shift 1084
	FULL  shift 1083
	INNER_P  shift 1079
	JOIN  shift 1078
	LEFT  shift 1081
	NATURAL  shift 1080
	RIGHT  shift 1082
	.  reduce 79 (src line 718)

	join_outer  goto 1077

state 1107
	table_ref:  table_ref join_outer base_table_ref.join_qual_opt 
	join_qual_opt: .    (98)

	ON  shift 1141
	USING  shift 1142
	.  reduce 98 (src line 832)

	join_qual_opt  goto 1140

state 1108
	join_outer:  INNER_P JOIN.    (83)

	.  reduce 83 (src line 755)


state 1109
	join_outer:  NATURAL JOIN.    (84)

	.  reduce 84 (src line 760)


state 1110
	join_outer:  NATURAL LEFT.OUTER_P JOIN 
	join_outer:  NATURAL LEFT.JOIN 

	JOIN  shift 1144
	OUTER_P  shift 1143
	.  error


state 1111
	join_outer:  NATURAL RIGHT.OUTER_P JOIN 
	join_outer:  NATURAL RIGHT.JOIN 

	JOIN  shift 1146
	OUTER_P  shift 1145
	.  error


state 1112
	join_outer:  NATURAL FULL.OUTER_P JOIN 
	join_outer:  NATURAL FULL.JOIN 

	JOIN  shift 1148
	OUTER_P  shift 1147
	.  error


state 1113
	join_outer:  LEFT OUTER_P.JOIN 

	JOIN  shift 1149
	.  error


state 1114
	join_outer:  LEFT JOIN.    (86)

	.  reduce 86 (src line 770)


state 1115
	join_outer:  RIGHT OUTER_P.JOIN 

	JOIN  shift 1150
	.  error


state 1116
	join_outer:  RIGHT JOIN.    (88)

	.  reduce 88 (src line 780)


state 1117
	join_outer:  FULL OUTER_P.JOIN 

	JOIN  shift 1151
	.  error


state 1118
	join_outer:  FULL JOIN.    (90)

	.  reduce 90 (src line 790)


state 1119
	join_outer:  CROSS JOIN.    (97)

	.  reduce 97 (src line 825)


state 1120
	base_table_ref:  ONLY qualified_name opt_alias_ident.    (107)

	.  reduce 107 (src line 879)


state 1121
	opt_alias_ident:  AS.ColId 

	ABORT_P  shift 28
	ABSENT  shift 29
	ABSOLUTE_P  shift 30
	ACCESS  shift 31
	ACTION  shift 32
	ADD_P  shift 33
	ADMIN  shift 34
	AFTER  shift 35
	AGGREGATE  shift 36
	ALSO  shift 37
	ALTER  shift 38
	ALWAYS  shift 39
	ASENSITIVE  shift 40
	ASSERTION  shift 41
	ASSIGNMENT  shift 42
	AT  shift 43
	ATOMIC  shift 44
	ATTACH  shift 45
	ATTRIBUTE  shift 46
	BACKWARD  shift 47
	BEFORE  shift 48
	BEGIN_P  shift 49
	BETWEEN  shift 358
	BIGINT  shift 359
	BIT  shift 360
	BOOLEAN_P  shift 361
	BREADTH  shift 50
	BY  shift 51
	CACHE  shift 52
	CALL  shift 53
	CALLED  shift 54
	CASCADE  shift 55
	CASCADED  shift 56
	CATALOG_P  shift 57
	CHAIN  shift 58
	CHAR_P  shift 362
	CHARACTER  shift 363
	CHARACTERISTICS  shift 59
	CHECKPOINT  shift 60
	CLASS  shift 61
	CLOSE  shift 62
	CLUSTER  shift 63
	COALESCE  shift 364
	COLUMNS  shift 64
	COMMENT  shift 65
	COMMENTS  shift 66
	COMMIT  shift 67
	COMMITTED  shift 68
	COMPRESSION  shift 69
	CONDITIONAL  shift 70
	CONFIGURATION  shift 71
	CONFLICT  shift 72
	CONNECTION  shift 73
	CONSTRAINTS  shift 74
	CONTENT_P  shift 75
	CONTINUE_P  shift 76
	CONVERSION_P  shift 77
	COPY  shift 78
	COST  shift 79
	CSV  shift 80
	CUBE  shift 81
	CURRENT_P  shift 82
	CURSOR  shift 83
	CYCLE  shift 84
	DATA_P  shift 85
	DATABASE  shift 86
	DAY_P  shift 87
	DEALLOCATE  shift 88
	DEC  shift 365
	DECIMAL_P  shift 366
	DECLARE  shift 89
	DEFAULTS  shift 90
	DEFERRED  shift 91
	DEFINER  shift 92
	DELETE_P  shift 93
	DELIMITER  shift 94
	DELIMITERS  shift 95
	DEPENDS  shift 96
	DEPTH  shift 97
	DETACH  shift 98
	DICTIONARY  shift 99
	DISABLE_P  shift 100
	DISCARD  shift 101
	DOCUMENT_P  shift 102
	DOMAIN_P  shift 103
	DOUBLE_P  shift 104
	DROP  shift 105
	EACH  shift 106
	EMPTY_P  shift 107
	ENABLE_P  shift 108
	ENCODING  shift 109
	ENCRYPTED  shift 110
	ENFORCED  shift 111
	ENUM_P  shift 112
	ERROR_P  shift 113
	ESCAPE  shift 114
	EVENT  shift 115
	EXCLUDE  shift 116
	EXCLUDING  shift 117
	EXCLUSIVE  shift 118
	EXECUTE  shift 119
	EXISTS  shift 367
	EXPLAIN  shift 120
	EXPRESSION  shift 121
	EXTENSION  shift 122
	EXTERNAL  shift 123
	EXTRACT  shift 368
	FAMILY  shift 124
	FILTER  shift 125
	FINALIZE  shift 126
	FIRST_P  shift 127
	FLOAT_P  shift 369
	FOLLOWING  shift 128
	FORCE  shift 129
	FORMAT  shift 130
	FORWARD  shift 131
	FUNCTION  shift 132
	FUNCTIONS  shift 133
	GENERATED  shift 134
	GLOBAL  shift 135
	GRANTED  shift 136
	GREATEST  shift 370
	GROUPING  shift 371
	GROUPS  shift 137
	HANDLER  shift 138
	HEADER_P  shift 139
	HOLD  shift 140
	HOUR_P  shift 141
	IDENTITY_P  shift 142
	IF_P  shift 143
	IMMEDIATE  shift 144
	IMMUTABLE  shift 145
	IMPLICIT_P  shift 146
	IMPORT_P  shift 147
	INCLUDE  shift 148
	INCLUDING  shift 149
	INCREMENT  shift 150
	INDENT  shift 151
	INDEX  shift 152
	INDEXES  shift 153
	INHERIT  shift 154
	INHERITS  shift 155
	INLINE_P  shift 156
	INOUT  shift 372
	INPUT_P  shift 157
	INSENSITIVE  shift 158
	INSERT  shift 159
	INSTEAD  shift 160
	INT_P  shift 373
	INTEGER  shift 374
	INTERVAL  shift 375
	INVOKER  shift 161
	ISOLATION  shift 162
	JSON  shift 376
	JSON_ARRAY  shift 377
	JSON_ARRAYAGG  shift 378
	JSON_EXISTS  shift 379
	JSON_OBJECT  shift 380
	JSON_OBJECTAGG  shift 381
	JSON_QUERY  shift 382
	JSON_SCALAR  shift 383
	JSON_SERIALIZE  shift 384
	JSON_TABLE  shift 385
	JSON_VALUE  shift 386
	KEEP  shift 163
	KEY  shift 164
	KEYS  shift 165
	LABEL  shift 166
	LANGUAGE  shift 167
	LARGE_P  shift 168
	LAST_P  shift 169
	LEAKPROOF  shift 170
	LEAST  shift 387
	LEVEL  shift 171
	LISTEN  shift 172
	LOAD  shift 173
	LOCAL  shift 174
	LOCATION  shift 175
	LOCK_P  shift 176
	LOCKED  shift 177
	LOGGED  shift 178
	MAPPING  shift 179
	MATCH  shift 180
	MATCHED  shift 181
	MATERIALIZED  shift 182
	MAXVALUE  shift 183
	MERGE  shift 184
	MERGE_ACTION  shift 388
	METHOD  shift 185
	MINUTE_P  shift 186
	MINVALUE  shift 187
	MODE  shift 188
	MONTH_P  shift 189
	MOVE  shift 190
	NAME_P  shift 191
	NAMES  shift 192
	NATIONAL  shift 389
	NCHAR  shift 390
	NESTED  shift 193
	NEW  shift 194
	NEXT  shift 195
	NFC  shift 196
	NFD  shift 197
	NFKC  shift 198
	NFKD  shift 199
	NO  shift 200
	NONE  shift 391
	NORMALIZE  shift 392
	NORMALIZED  shift 201
	NOTHING  shift 202
	NOTIFY  shift 203
	NOWAIT  shift 204
	NULLIF  shift 393
	NULLS_P  shift 205
	NUMERIC  shift 394
	OBJECT_P  shift 206
	OBJECTS_P  shift 207
	OF  shift 208
	OFF  shift 209
	OIDS  shift 210
	OLD  shift 211
	OMIT  shift 212
	OPERATOR  shift 213
	OPTION  shift 214
	OPTIONS  shift 215
	ORDINALITY  shift 216
	OTHERS  shift 217
	OUT_P  shift 395
	OVER  shift 218
	OVERLAY  shift 396
	OVERRIDING  shift 219
	OWNED  shift 220
	OWNER  shift 221
	PARALLEL  shift 222
	PARAMETER  shift 223
	PARSER  shift 224
	PARTIAL  shift 225
	PARTITION  shift 226
	PASSING  shift 227
	PASSWORD  shift 228
	PATH  shift 229
	PERIOD  shift 230
	PLAN  shift 231
	PLANS  shift 232
	POLICY  shift 233
	POSITION  shift 397
	PRECEDING  shift 234
	PRECISION  shift 398
	PREPARE  shift 235
	PREPARED  shift 236
	PRESERVE  shift 237
	PRIOR  shift 238
	PRIVILEGES  shift 239
	PROCEDURAL  shift 240
	PROCEDURE  shift 241
	PROCEDURES  shift 242
	PROGRAM  shift 243
	PUBLICATION  shift 244
	QUOTE  shift 245
	QUOTES  shift 246
	RANGE  shift 247
	READ  shift 248
	REAL  shift 399
	REASSIGN  shift 249
	RECURSIVE  shift 250
	REF_P  shift 251
	REFERENCING  shift 252
	REFRESH  shift 253
	REINDEX  shift 254
	RELATIVE_P  shift 255
	RELEASE  shift 256
	RENAME  shift 257
	REPEATABLE  shift 258
	REPLACE  shift 259
	REPLICA  shift 260
	RESET  shift 261
	RESTART  shift 262
	RESTRICT  shift 263
	RETURN  shift 264
	RETURNS  shift 265
	REVOKE  shift 266
	ROLE  shift 267
	ROLLBACK  shift 268
	ROLLUP  shift 269
	ROUTINE  shift 270
	ROUTINES  shift 271
	ROW  shift 400
	ROWS  shift 272
	RULE  shift 273
	SAVEPOINT  shift 274
	SCALAR  shift 275
	SCHEMA  shift 276
	SCHEMAS  shift 277
	SCROLL  shift 278
	SEARCH  shift 279
	SECOND_P  shift 280
	SECURITY  shift 281
	SEQUENCE  shift 282
	SEQUENCES  shift 283
	SERIALIZABLE  shift 284
	SERVER  shift 285
	SESSION  shift 286
	SET  shift 287
	SETOF  shift 401
	SETS  shift 288
	SHARE  shift 289
	SHOW  shift 290
	SIMPLE  shift 291
	SKIP  shift 292
	SMALLINT  shift 402
	SNAPSHOT  shift 293
	SOURCE  shift 294
	SQL_P  shift 295
	STABLE  shift 296
	STANDALONE_P  shift 297
	START  shift 298
	STATEMENT  shift 299
	STATISTICS  shift 300
	STDIN  shift 301
	STDOUT  shift 302
	STORAGE  shift 303
	STORED  shift 304
	STRICT_P  shift 305
	STRING_P  shift 306
	STRIP_P  shift 307
	SUBSCRIPTION  shift 308
	SUBSTRING  shift 403
	SUPPORT  shift 309
	SYSID  shift 310
	SYSTEM_P  shift 311
	TABLES  shift 312
	TABLESPACE  shift 313
	TARGET  shift 314
	TEMP  shift 315
	TEMPLATE  shift 316
	TEMPORARY  shift 317
	TEXT_P  shift 318
	TIES  shift 319
	TIME  shift 404
	TIMESTAMP  shift 405
	TRANSACTION  shift 320
	TRANSFORM  shift 321
	TREAT  shift 406
	TRIGGER  shift 322
	TRIM  shift 407
	TRUNCATE  shift 323
	TRUSTED  shift 324
	TYPE_P  shift 325
	TYPES_P  shift 326
	UESCAPE  shift 327
	UNBOUNDED  shift 328
	UNCOMMITTED  shift 329
	UNCONDITIONAL  shift 330
	UNENCRYPTED  shift 331
	UNKNOWN  shift 332
	UNLISTEN  shift 333
	UNLOGGED  shift 334
	UNTIL  shift 335
	UPDATE  shift 336
	VACUUM  shift 337
	VALID  shift 338
	VALIDATE  shift 339
	VALIDATOR  shift 340
	VALUE_P  shift 341
	VALUES  shift 408
	VARCHAR  shift 409
	VARYING  shift 342
	VERSION_P  shift 343
	VIEW  shift 344
	VIEWS  shift 345
	VIRTUAL  shift 346
	VOLATILE  shift 347
	WHITESPACE_P  shift 348
	WITHIN  shift 349
	WITHOUT  shift 350
	WORK  shift 351
	WRAPPER  shift 352
	WRITE  shift 353
	XML_P  shift 354
	XMLATTRIBUTES  shift 410
	XMLCONCAT  shift 411
	XMLELEMENT  shift 412
	XMLEXISTS  shift 413
	XMLFOREST  shift 414
	XMLNAMESPACES  shift 415
	XMLPARSE  shift 416
	XMLPI  shift 417
	XMLROOT  shift 418
	XMLSERIALIZE  shift 419
	XMLTABLE  shift 420
	YEAR_P  shift 355
	YES_P  shift 356
	ZONE  shift 357
	IDENT  shift 25
	.  error

	unreserved_keyword  goto 26
	col_name_keyword  goto 27
	ColId  goto 1152

state 1122
	opt_alias_ident:  ColId.    (133)

	.  reduce 133 (src line 1074)


state 1123
	base_table_ref:  '(' table_ref ')'.opt_derived_alias 
	opt_derived_alias: .    (125)

	ABORT_P  shift 28
	ABSENT  shift 29
	ABSOLUTE_P  shift 30
	ACCESS  shift 31
	ACTION  shift 32
	ADD_P  shift 33
	ADMIN  shift 34
	AFTER  shift 35
	AGGREGATE  shift 36
	ALSO  shift 37
	ALTER  shift 38
	ALWAYS  shift 39
	AS  shift 1093
	ASENSITIVE  shift 40
	ASSERTION  shift 41
	ASSIGNMENT  shift 42
	AT  shift 43
	ATOMIC  shift 44
	ATTACH  shift 45
	ATTRIBUTE  shift 46
	BACKWARD  shift 47
	BEFORE  shift 48
	BEGIN_P  shift 49
	BETWEEN  shift 358
	BIGINT  shift 359
	BIT  shift 360
	BOOLEAN_P  shift 361
	BREADTH  shift 50
	BY  shift 51
	CACHE  shift 52
	CALL  shift 53
	CALLED  shift 54
	CASCADE  shift 55
	CASCADED  shift 56
	CATALOG_P  shift 57
	CHAIN  shift 58
	CHAR_P  shift 362
	CHARACTER  shift 363
	CHARACTERISTICS  shift 59
	CHECKPOINT  shift 60
	CLASS  shift 61
	CLOSE  shift 62
	CLUSTER  shift 63
	COALESCE  shift 364
	COLUMNS  shift 64
	COMMENT  shift 65
	COMMENTS  shift 66
	COMMIT  shift 67
	COMMITTED  shift 68
	COMPRESSION  shift 69
	CONDITIONAL  shift 70
	CONFIGURATION  shift 71
	CONFLICT  shift 72
	CONNECTION  shift 73
	CONSTRAINTS  shift 74
	CONTENT_P  shift 75
	CONTINUE_P  shift 76
	CONVERSION_P  shift 77
	COPY  shift 78
	COST  shift 79
	CSV  shift 80
	CUBE  shift 81
	CURRENT_P  shift 82
	CURSOR  shift 83
	CYCLE  shift 84
	DATA_P  shift 85
	DATABASE  shift 86
	DAY_P  shift 87
	DEALLOCATE  shift 88
	DEC  shift 365
	DECIMAL_P  shift 366
	DECLARE  shift 89
	DEFAULTS  shift 90
	DEFERRED  shift 91
	DEFINER  shift 92
	DELETE_P  shift 93
	DELIMITER  shift 94
	DELIMITERS  shift 95
	DEPENDS  shift 96
	DEPTH  shift 97
	DETACH  shift 98
	DICTIONARY  shift 99
	DISABLE_P  shift 100
	DISCARD  shift 101
	DOCUMENT_P  shift 102
	DOMAIN_P  shift 103
	DOUBLE_P  shift 104
	DROP  shift 105
	EACH  shift 106
	EMPTY_P  shift 107
	ENABLE_P  shift 108
	ENCODING  shift 109
	ENCRYPTED  shift 110
	ENFORCED  shift 111
	ENUM_P  shift 112
	ERROR_P  shift 113
	ESCAPE  shift 114
	EVENT  shift 115
	EXCLUDE  shift 116
	EXCLUDING  shift 117
	EXCLUSIVE  shift 118
	EXECUTE  shift 119
	EXISTS  shift 367
	EXPLAIN  shift 120
	EXPRESSION  shift 121
	EXTENSION  shift 122
	EXTERNAL  shift 123
	EXTRACT  shift 368
	FAMILY  shift 124
	FILTER  shift 125
	FINALIZE  shift 126
	FIRST_P  shift 127
	FLOAT_P  shift 369
	FOLLOWING  shift 128
	FORCE  shift 129
	FORMAT  shift 130
	FORWARD  shift 131
	FUNCTION  shift 132
	FUNCTIONS  shift 133
	GENERATED  shift 134
	GLOBAL  shift 135
	GRANTED  shift 136
	GREATEST  shift 370
	GROUPING  shift 371
	GROUPS  shift 137
	HANDLER  shift 138
	HEADER_P  shift 139
	HOLD  shift 140
	HOUR_P  shift 141
	IDENTITY_P  shift 142
	IF_P  shift 143
	IMMEDIATE  shift 144
	IMMUTABLE  shift 145
	IMPLICIT_P  shift 146
	IMPORT_P  shift 147
	INCLUDE  shift 148
	INCLUDING  shift 149
	INCREMENT  shift 150
	INDENT  shift 151
	INDEX  shift 152
	INDEXES  shift 153
	INHERIT  shift 154
	INHERITS  shift 155
	INLINE_P  shift 156
	INOUT  shift 372
	INPUT_P  shift 157
	INSENSITIVE  shift 158
	INSERT  shift 159
	INSTEAD  shift 160
	INT_P  shift 373
	INTEGER  shift 374
	INTERVAL  shift 375
	INVOKER  shift 161
	ISOLATION  shift 162
	JSON  shift 376
	JSON_ARRAY  shift 377
	JSON_ARRAYAGG  shift 378
	JSON_EXISTS  shift 379
	JSON_OBJECT  shift 380
	JSON_OBJECTAGG  shift 381
	JSON_QUERY  shift 382
	JSON_SCALAR  shift 383
	JSON_SERIALIZE  shift 384
	JSON_TABLE  shift 385
	JSON_VALUE  shift 386
	KEEP  shift 163
	KEY  shift 164
	KEYS  shift 165
	LABEL  shift 166
	LANGUAGE  shift 167
	LARGE_P  shift 168
	LAST_P  shift 169
	LEAKPROOF  shift 170
	LEAST  shift 387
	LEVEL  shift 171
	LISTEN  shift 172
	LOAD  shift 173
	LOCAL  shift 174
	LOCATION  shift 175
	LOCK_P  shift 176
	LOCKED  shift 177
	LOGGED  shift 178
	MAPPING  shift 179
	MATCH  shift 180
	MATCHED  shift 181
	MATERIALIZED  shift 182
	MAXVALUE  shift 183
	MERGE  shift 184
	MERGE_ACTION  shift 388
	METHOD  shift 185
	MINUTE_P  shift 186
	MINVALUE  shift 187
	MODE  shift 188
	MONTH_P  shift 189
	MOVE  shift 190
	NAME_P  shift 191
	NAMES  shift 192
	NATIONAL  shift 389
	NCHAR  shift 390
	NESTED  shift 193
	NEW  shift 194
	NEXT  shift 195
	NFC  shift 196
	NFD  shift 197
	NFKC  shift 198
	NFKD  shift 199
	NO  shift 200
	NONE  shift 391
	NORMALIZE  shift 392
	NORMALIZED  shift 201
	NOTHING  shift 202
	NOTIFY  shift 203
	NOWAIT  shift 204
	NULLIF  shift 393
	NULLS_P  shift 205
	NUMERIC  shift 394
	OBJECT_P  shift 206
	OBJECTS_P  shift 207
	OF  shift 208
	OFF  shift 209
	OIDS  shift 210
	OLD  shift 211
	OMIT  shift 212
	OPERATOR  shift 213
	OPTION  shift 214
	OPTIONS  shift 215
	ORDINALITY  shift 216
	OTHERS  shift 217
	OUT_P  shift 395
	OVER  shift 218
	OVERLAY  shift 396
	OVERRIDING  shift 219
	OWNED  shift 220
	OWNER  shift 221
	PARALLEL  shift 222
	PARAMETER  shift 223
	PARSER  shift 224
	PARTIAL  shift 225
	PARTITION  shift 226
	PASSING  shift 227
	PASSWORD  shift 228
	PATH  shift 229
	PERIOD  shift 230
	PLAN  shift 231
	PLANS  shift 232
	POLICY  shift 233
	POSITION  shift 397
	PRECEDING  shift 234
	PRECISION  shift 398
	PREPARE  shift 235
	PREPARED  shift 236
	PRESERVE  shift 237
	PRIOR  shift 238
	PRIVILEGES  shift 239
	PROCEDURAL  shift 240
	PROCEDURE  shift 241
	PROCEDURES  shift 242
	PROGRAM  shift 243
	PUBLICATION  shift 244
	QUOTE  shift 245
	QUOTES  shift 246
	RANGE  shift 247
	READ  shift 248
	REAL  shift 399
	REASSIGN  shift 249
	RECURSIVE  shift 250
	REF_P  shift 251
	REFERENCING  shift 252
	REFRESH  shift 253
	REINDEX  shift 254
	RELATIVE_P  shift 255
	RELEASE  shift 256
	RENAME  shift 257
	REPEATABLE  shift 258
	REPLACE  shift 259
	REPLICA  shift 260
	RESET  shift 261
	RESTART  shift 262
	RESTRICT  shift 263
	RETURN  shift 264
	RETURNS  shift 265
	REVOKE  shift 266
	ROLE  shift 267
	ROLLBACK  shift 268
	ROLLUP  shift 269
	ROUTINE  shift 270
	ROUTINES  shift 271
	ROW  shift 400
	ROWS  shift 272
	RULE  shift 273
	SAVEPOINT  shift 274
	SCALAR  shift 275
	SCHEMA  shift 276
	SCHEMAS  shift 277
	SCROLL  shift 278
	SEARCH  shift 279
	SECOND_P  shift 280
	SECURITY  shift 281
	SEQUENCE  shift 282
	SEQUENCES  shift 283
	SERIALIZABLE  shift 284
	SERVER  shift 285
	SESSION  shift 286
	SET  shift 287
	SETOF  shift 401
	SETS  shift 288
	SHARE  shift 289
	SHOW  shift 290
	SIMPLE  shift 291
	SKIP  shift 292
	SMALLINT  shift 402
	SNAPSHOT  shift 293
	SOURCE  shift 294
	SQL_P  shift 295
	STABLE  shift 296
	STANDALONE_P  shift 297
	START  shift 298
	STATEMENT  shift 299
	STATISTICS  shift 300
	STDIN  shift 301
	STDOUT  shift 302
	STORAGE  shift 303
	STORED  shift 304
	STRICT_P  shift 305
	STRING_P  shift 306
	STRIP_P  shift 307
	SUBSCRIPTION  shift 308
	SUBSTRING  shift 403
	SUPPORT  shift 309
	SYSID  shift 310
	SYSTEM_P  shift 311
	TABLES  shift 312
	TABLESPACE  shift 313
	TARGET  shift 314
	TEMP  shift 315
	TEMPLATE  shift 316
	TEMPORARY  shift 317
	TEXT_P  shift 318
	TIES  shift 319
	TIME  shift 404
	TIMESTAMP  shift 405
	TRANSACTION  shift 320
	TRANSFORM  shift 321
	TREAT  shift 406
	TRIGGER  shift 322
	TRIM  shift 407
	TRUNCATE  shift 323
	TRUSTED  shift 324
	TYPE_P  shift 325
	TYPES_P  shift 326
	UESCAPE  shift 327
	UNBOUNDED  shift 328
	UNCOMMITTED  shift 329
	UNCONDITIONAL  shift 330
	UNENCRYPTED  shift 331
	UNKNOWN  shift 332
	UNLISTEN  shift 333
	UNLOGGED  shift 334
	UNTIL  shift 335
	UPDATE  shift 336
	VACUUM  shift 337
	VALID  shift 338
	VALIDATE  shift 339
	VALIDATOR  shift 340
	VALUE_P  shift 341
	VALUES  shift 408
	VARCHAR  shift 409
	VARYING  shift 342
	VERSION_P  shift 343
	VIEW  shift 344
	VIEWS  shift 345
	VIRTUAL  shift 346
	VOLATILE  shift 347
	WHITESPACE_P  shift 348
	WITHIN  shift 349
	WITHOUT  shift 350
	WORK  shift 351
	WRAPPER  shift 352
	WRITE  shift 353
	XML_P  shift 354
	XMLATTRIBUTES  shift 410
	XMLCONCAT  shift 411
	XMLELEMENT  shift 412
	XMLEXISTS  shift 413
	XMLFOREST  shift 414
	XMLNAMESPACES  shift 415
	XMLPARSE  shift 416
	XMLPI  shift 417
	XMLROOT  shift 418
	XMLSERIALIZE  shift 419
	XMLTABLE  shift 420
	YEAR_P  shift 355
	YES_P  shift 356
	ZONE  shift 357
	IDENT  shift 1094
	.  reduce 125 (src line 1045)

	unreserved_keyword  goto 26
	col_name_keyword  goto 27
	opt_derived_alias  goto 1153
	ColId  goto 1095

state 1124
	base_table_ref:  '(' SelectStmt ')'.opt_derived_alias 
	opt_derived_alias: .    (125)

	ABORT_P  shift 28
	ABSENT  shift 29
	ABSOLUTE_P  shift 30
	ACCESS  shift 31
	ACTION  shift 32
	ADD_P  shift 33
	ADMIN  shift 34
	AFTER  shift 35
	AGGREGATE  shift 36
	ALSO  shift 37
	ALTER  shift 38
	ALWAYS  shift 39
	AS  shift 1093
	ASENSITIVE  shift 40
	ASSERTION  shift 41
	ASSIGNMENT  shift 42
	AT  shift 43
	ATOMIC  shift 44
	ATTACH  shift 45
	ATTRIBUTE  shift 46
	BACKWARD  shift 47
	BEFORE  shift 48
	BEGIN_P  shift 49
	BETWEEN  shift 358
	BIGINT  shift 359
	BIT  shift 360
	BOOLEAN_P  shift 361
	BREADTH  shift 50
	BY  shift 51
	CACHE  shift 52
	CALL  shift 53
	CALLED  shift 54
	CASCADE  shift 55
	CASCADED  shift 56
	CATALOG_P  shift 57
	CHAIN  shift 58
	CHAR_P  shift 362
	CHARACTER  shift 363
	CHARACTERISTICS  shift 59
	CHECKPOINT  shift 60
	CLASS  shift 61
	CLOSE  shift 62
	CLUSTER  shift 63
	COALESCE  shift 364
	COLUMNS  shift 64
	COMMENT  shift 65
	COMMENTS  shift 66
	COMMIT  shift 67
	COMMITTED  shift 68
	COMPRESSION  shift 69
	CONDITIONAL  shift 70
	CONFIGURATION  shift 71
	CONFLICT  shift 72
	CONNECTION  shift 73
	CONSTRAINTS  shift 74
	CONTENT_P  shift 75
	CONTINUE_P  shift 76
	CONVERSION_P  shift 77
	COPY  shift 78
	COST  shift 79
	CSV  shift 80
	CUBE  shift 81
	CURRENT_P  shift 82
	CURSOR  shift 83
	CYCLE  shift 84
	DATA_P  shift 85
	DATABASE  shift 86
	DAY_P  shift 87
	DEALLOCATE  shift 88
	DEC  shift 365
	DECIMAL_P  shift 366
	DECLARE  shift 89
	DEFAULTS  shift 90
	DEFERRED  shift 91
	DEFINER  shift 92
	DELETE_P  shift 93
	DELIMITER  shift 94
	DELIMITERS  shift 95
	DEPENDS  shift 96
	DEPTH  shift 97
	DETACH  shift 98
	DICTIONARY  shift 99
	DISABLE_P  shift 100
	DISCARD  shift 101
	DOCUMENT_P  shift 102
	DOMAIN_P  shift 103
	DOUBLE_P  shift 104
	DROP  shift 105
	EACH  shift 106
	EMPTY_P  shift 107
	ENABLE_P  shift 108
	ENCODING  shift 109
	ENCRYPTED  shift 110
	ENFORCED  shift 111
	ENUM_P  shift 112
	ERROR_P  shift 113
	ESCAPE  shift 114
	EVENT  shift 115
	EXCLUDE  shift 116
	EXCLUDING  shift 117
	EXCLUSIVE  shift 118
	EXECUTE  shift 119
	EXISTS  shift 367
	EXPLAIN  shift 120
	EXPRESSION  shift 121
	EXTENSION  shift 122
	EXTERNAL  shift 123
	EXTRACT  shift 368
	FAMILY  shift 124
	FILTER  shift 125
	FINALIZE  shift 126
	FIRST_P  shift 127
	FLOAT_P  shift 369
	FOLLOWING  shift 128
	FORCE  shift 129
	FORMAT  shift 130
	FORWARD  shift 131
	FUNCTION  shift 132
	FUNCTIONS  shift 133
	GENERATED  shift 134
	GLOBAL  shift 135
	GRANTED  shift 136
	GREATEST  shift 370
	GROUPING  shift 371
	GROUPS  shift 137
	HANDLER  shift 138
	HEADER_P  shift 139
	HOLD  shift 140
	HOUR_P  shift 141
	IDENTITY_P  shift 142
	IF_P  shift 143
	IMMEDIATE  shift 144
	IMMUTABLE  shift 145
	IMPLICIT_P  shift 146
	IMPORT_P  shift 147
	INCLUDE  shift 148
	INCLUDING  shift 149
	INCREMENT  shift 150
	INDENT  shift 151
	INDEX  shift 152
	INDEXES  shift 153
	INHERIT  shift 154
	INHERITS  shift 155
	INLINE_P  shift 156
	INOUT  shift 372
	INPUT_P  shift 157
	INSENSITIVE  shift 158
	INSERT  shift 159
	INSTEAD  shift 160
	INT_P  shift 373
	INTEGER  shift 374
	INTERVAL  shift 375
	INVOKER  shift 161
	ISOLATION  shift 162
	JSON  shift 376
	JSON_ARRAY  shift 377
	JSON_ARRAYAGG  shift 378
	JSON_EXISTS  shift 379
	JSON_OBJECT  shift 380
	JSON_OBJECTAGG  shift 381
	JSON_QUERY  shift 382
	JSON_SCALAR  shift 383
	JSON_SERIALIZE  shift 384
	JSON_TABLE  shift 385
	JSON_VALUE  shift 386
	KEEP  shift 163
	KEY  shift 164
	KEYS  shift 165
	LABEL  shift 166
	LANGUAGE  shift 167
	LARGE_P  shift 168
	LAST_P  shift 169
	LEAKPROOF  shift 170
	LEAST  shift 387
	LEVEL  shift 171
	LISTEN  shift 172
	LOAD  shift 173
	LOCAL  shift 174
	LOCATION  shift 175
	LOCK_P  shift 176
	LOCKED  shift 177
	LOGGED  shift 178
	MAPPING  shift 179
	MATCH  shift 180
	MATCHED  shift 181
	MATERIALIZED  shift 182
	MAXVALUE  shift 183
	MERGE  shift 184
	MERGE_ACTION  shift 388
	METHOD  shift 185
	MINUTE_P  shift 186
	MINVALUE  shift 187
	MODE  shift 188
	MONTH_P  shift 189
	MOVE  shift 190
	NAME_P  shift 191
	NAMES  shift 192
	NATIONAL  shift 389
	NCHAR  shift 390
	NESTED  shift 193
	NEW  shift 194
	NEXT  shift 195
	NFC  shift 196
	NFD  shift 197
	NFKC  shift 198
	NFKD  shift 199
	NO  shift 200
	NONE  shift 391
	NORMALIZE  shift 392
	NORMALIZED  shift 201
	NOTHING  shift 202
	NOTIFY  shift 203
	NOWAIT  shift 204
	NULLIF  shift 393
	NULLS_P  shift 205
	NUMERIC  shift 394
	OBJECT_P  shift 206
	OBJECTS_P  shift 207
	OF  shift 208
	OFF  shift 209
	OIDS  shift 210
	OLD  shift 211
	OMIT  shift 212
	OPERATOR  shift 213
	OPTION  shift 214
	OPTIONS  shift 215
	ORDINALITY  shift 216
	OTHERS  shift 217
	OUT_P  shift 395
	OVER  shift 218
	OVERLAY  shift 396
	OVERRIDING  shift 219
	OWNED  shift 220
	OWNER  shift 221
	PARALLEL  shift 222
	PARAMETER  shift 223
	PARSER  shift 224
	PARTIAL  shift 225
	PARTITION  shift 226
	PASSING  shift 227
	PASSWORD  shift 228
	PATH  shift 229
	PERIOD  shift 230
	PLAN  shift 231
	PLANS  shift 232
	POLICY  shift 233
	POSITION  shift 397
	PRECEDING  shift 234
	PRECISION  shift 398
	PREPARE  shift 235
	PREPARED  shift 236
	PRESERVE  shift 237
	PRIOR  shift 238
	PRIVILEGES  shift 239
	PROCEDURAL  shift 240
	PROCEDURE  shift 241
	PROCEDURES  shift 242
	PROGRAM  shift 243
	PUBLICATION  shift 244
	QUOTE  shift 245
	QUOTES  shift 246
	RANGE  shift 247
	READ  shift 248
	REAL  shift 399
	REASSIGN  shift 249
	RECURSIVE  shift 250
	REF_P  shift 251
	REFERENCING  shift 252
	REFRESH  shift 253
	REINDEX  shift 254
	RELATIVE_P  shift 255
	RELEASE  shift 256
	RENAME  shift 257
	REPEATABLE  shift 258
	REPLACE  shift 259
	REPLICA  shift 260
	RESET  shift 261
	RESTART  shift 262
	RESTRICT  shift 263
	RETURN  shift 264
	RETURNS  shift 265
	REVOKE  shift 266
	ROLE  shift 267
	ROLLBACK  shift 268
	ROLLUP  shift 269
	ROUTINE  shift 270
	ROUTINES  shift 271
	ROW  shift 400
	ROWS  shift 272
	RULE  shift 273
	SAVEPOINT  shift 274
	SCALAR  shift 275
	SCHEMA  shift 276
	SCHEMAS  shift 277
	SCROLL  shift 278
	SEARCH  shift 279
	SECOND_P  shift 280
	SECURITY  shift 281
	SEQUENCE  shift 282
	SEQUENCES  shift 283
	SERIALIZABLE  shift 284
	SERVER  shift 285
	SESSION  shift 286
	SET  shift 287
	SETOF  shift 401
	SETS  shift 288
	SHARE  shift 289
	SHOW  shift 290
	SIMPLE  shift 291
	SKIP  shift 292
	SMALLINT  shift 402
	SNAPSHOT  shift 293
	SOURCE  shift 294
	SQL_P  shift 295
	STABLE  shift 296
	STANDALONE_P  shift 297
	START  shift 298
	STATEMENT  shift 299
	STATISTICS  shift 300
	STDIN  shift 301
	STDOUT  shift 302
	STORAGE  shift 303
	STORED  shift 304
	STRICT_P  shift 305
	STRING_P  shift 306
	STRIP_P  shift 307
	SUBSCRIPTION  shift 308
	SUBSTRING  shift 403
	SUPPORT  shift 309
	SYSID  shift 310
	SYSTEM_P  shift 311
	TABLES  shift 312
	TABLESPACE  shift 313
	TARGET  shift 314
	TEMP  shift 315
	TEMPLATE  shift 316
	TEMPORARY  shift 317
	TEXT_P  shift 318
	TIES  shift 319
	TIME  shift 404
	TIMESTAMP  shift 405
	TRANSACTION  shift 320
	TRANSFORM  shift 321
	TREAT  shift 406
	TRIGGER  shift 322
	TRIM  shift 407
	TRUNCATE  shift 323
	TRUSTED  shift 324
	TYPE_P  shift 325
	TYPES_P  shift 326
	UESCAPE  shift 327
	UNBOUNDED  shift 328
	UNCOMMITTED  shift 329
	UNCONDITIONAL  shift 330
	UNENCRYPTED  shift 331
	UNKNOWN  shift 332
	UNLISTEN  shift 333
	UNLOGGED  shift 334
	UNTIL  shift 335
	UPDATE  shift 336
	VACUUM  shift 337
	VALID  shift 338
	VALIDATE  shift 339
	VALIDATOR  shift 340
	VALUE_P  shift 341
	VALUES  shift 408
	VARCHAR  shift 409
	VARYING  shift 342
	VERSION_P  shift 343
	VIEW  shift 344
	VIEWS  shift 345
	VIRTUAL  shift 346
	VOLATILE  shift 347
	WHITESPACE_P  shift 348
	WITHIN  shift 349
	WITHOUT  shift 350
	WORK  shift 351
	WRAPPER  shift 352
	WRITE  shift 353
	XML_P  shift 354
	XMLATTRIBUTES  shift 410
	XMLCONCAT  shift 411
	XMLELEMENT  shift 412
	XMLEXISTS  shift 413
	XMLFOREST  shift 414
	XMLNAMESPACES  shift 415
	XMLPARSE  shift 416
	XMLPI  shift 417
	XMLROOT  shift 418
	XMLSERIALIZE  shift 419
	XMLTABLE  shift 420
	YEAR_P  shift 355
	YES_P  shift 356
	ZONE  shift 357
	IDENT  shift 1094
	.  reduce 125 (src line 1045)

	unreserved_keyword  goto 26
	col_name_keyword  goto 27
	opt_derived_alias  goto 1154
	ColId  goto 1095

state 1125
	base_table_ref:  LATERAL_P '(' SelectStmt.')' opt_derived_alias 

	')'  shift 1155
	.  error


state 1126
	base_table_ref:  LATERAL_P func_table_expr opt_derived_alias.    (112)

	.  reduce 112 (src line 961)


state 1127
	opt_derived_alias:  AS ColId.    (126)
	opt_derived_alias:  AS ColId.'(' col_alias_list ')' 

	'('  shift 1156
	.  reduce 126 (src line 1050)


state 1128
	opt_derived_alias:  IDENT '('.col_alias_list ')' 

	ABORT_P  shift 28
	ABSENT  shift 29
	ABSOLUTE_P  shift 30
	ACCESS  shift 31
	ACTION  shift 32
	ADD_P  shift 33
	ADMIN  shift 34
	AFTER  shift 35
	AGGREGATE  shift 36
	ALSO  shift 37
	ALTER  shift 38
	ALWAYS  shift 39
	ASENSITIVE  shift 40
	ASSERTION  shift 41
	ASSIGNMENT  shift 42
	AT  shift 43
	ATOMIC  shift 44
	ATTACH  shift 45
	ATTRIBUTE  shift 46
	BACKWARD  shift 47
	BEFORE  shift 48
	BEGIN_P  shift 49
	BETWEEN  shift 358
	BIGINT  shift 359
	BIT  shift 360
	BOOLEAN_P  shift 361
	BREADTH  shift 50
	BY  shift 51
	CACHE  shift 52
	CALL  shift 53
	CALLED  shift 54
	CASCADE  shift 55
	CASCADED  shift 56
	CATALOG_P  shift 57
	CHAIN  shift 58
	CHAR_P  shift 362
	CHARACTER  shift 363
	CHARACTERISTICS  shift 59
	CHECKPOINT  shift 60
	CLASS  shift 61
	CLOSE  shift 62
	CLUSTER  shift 63
	COALESCE  shift 364
	COLUMNS  shift 64
	COMMENT  shift 65
	COMMENTS  shift 66
	COMMIT  shift 67
	COMMITTED  shift 68
	COMPRESSION  shift 69
	CONDITIONAL  shift 70
	CONFIGURATION  shift 71
	CONFLICT  shift 72
	CONNECTION  shift 73
	CONSTRAINTS  shift 74
	CONTENT_P  shift 75
	CONTINUE_P  shift 76
	CONVERSION_P  shift 77
	COPY  shift 78
	COST  shift 79
	CSV  shift 80
	CUBE  shift 81
	CURRENT_P  shift 82
	CURSOR  shift 83
	CYCLE  shift 84
	DATA_P  shift 85
	DATABASE  shift 86
	DAY_P  shift 87
	DEALLOCATE  shift 88
	DEC  shift 365
	DECIMAL_P  shift 366
	DECLARE  shift 89
	DEFAULTS  shift 90
	DEFERRED  shift 91
	DEFINER  shift 92
	DELETE_P  shift 93
	DELIMITER  shift 94
	DELIMITERS  shift 95
	DEPENDS  shift 96
	DEPTH  shift 97
	DETACH  shift 98
	DICTIONARY  shift 99
	DISABLE_P  shift 100
	DISCARD  shift 101
	DOCUMENT_P  shift 102
	DOMAIN_P  shift 103
	DOUBLE_P  shift 104
	DROP  shift 105
	EACH  shift 106
	EMPTY_P  shift 107
	ENABLE_P  shift 108
	ENCODING  shift 109
	ENCRYPTED  shift 110
	ENFORCED  shift 111
	ENUM_P  shift 112
	ERROR_P  shift 113
	ESCAPE  shift 114
	EVENT  shift 115
	EXCLUDE  shift 116
	EXCLUDING  shift 117
	EXCLUSIVE  shift 118
	EXECUTE  shift 119
	EXISTS  shift 367
	EXPLAIN  shift 120
	EXPRESSION  shift 121
	EXTENSION  shift 122
	EXTERNAL  shift 123
	EXTRACT  shift 368
	FAMILY  shift 124
	FILTER  shift 125
	FINALIZE  shift 126
	FIRST_P  shift 127
	FLOAT_P  shift 369
	FOLLOWING  shift 128
	FORCE  shift 129
	FORMAT  shift 130
	FORWARD  shift 131
	FUNCTION  shift 132
	FUNCTIONS  shift 133
	GENERATED  shift 134
	GLOBAL  shift 135
	GRANTED  shift 136
	GREATEST  shift 370
	GROUPING  shift 371
	GROUPS  shift 137
	HANDLER  shift 138
	HEADER_P  shift 139
	HOLD  shift 140
	HOUR_P  shift 141
	IDENTITY_P  shift 142
	IF_P  shift 143
	IMMEDIATE  shift 144
	IMMUTABLE  shift 145
	IMPLICIT_P  shift 146
	IMPORT_P  shift 147
	INCLUDE  shift 148
	INCLUDING  shift 149
	INCREMENT  shift 150
	INDENT  shift 151
	INDEX  shift 152
	INDEXES  shift 153
	INHERIT  shift 154
	INHERITS  shift 155
	INLINE_P  shift 156
	INOUT  shift 372
	INPUT_P  shift 157
	INSENSITIVE  shift 158
	INSERT  shift 159
	INSTEAD  shift 160
	INT_P  shift 373
	INTEGER  shift 374
	INTERVAL  shift 375
	INVOKER  shift 161
	ISOLATION  shift 162
	JSON  shift 376
	JSON_ARRAY  shift 377
	JSON_ARRAYAGG  shift 378
	JSON_EXISTS  shift 379
	JSON_OBJECT  shift 380
	JSON_OBJECTAGG  shift 381
	JSON_QUERY  shift 382
	JSON_SCALAR  shift 383
	JSON_SERIALIZE  shift 384
	JSON_TABLE  shift 385
	JSON_VALUE  shift 386
	KEEP  shift 163
	KEY  shift 164
	KEYS  shift 165
	LABEL  shift 166
	LANGUAGE  shift 167
	LARGE_P  shift 168
	LAST_P  shift 169
	LEAKPROOF  shift 170
	LEAST  shift 387
	LEVEL  shift 171
	LISTEN  shift 172
	LOAD  shift 173
	LOCAL  shift 174
	LOCATION  shift 175
	LOCK_P  shift 176
	LOCKED  shift 177
	LOGGED  shift 178
	MAPPING  shift 179
	MATCH  shift 180
	MATCHED  shift 181
	MATERIALIZED  shift 182
	MAXVALUE  shift 183
	MERGE  shift 184
	MERGE_ACTION  shift 388
	METHOD  shift 185
	MINUTE_P  shift 186
	MINVALUE  shift 187
	MODE  shift 188
	MONTH_P  shift 189
	MOVE  shift 190
	NAME_P  shift 191
	NAMES  shift 192
	NATIONAL  shift 389
	NCHAR  shift 390
	NESTED  shift 193
	NEW  shift 194
	NEXT  shift 195
	NFC  shift 196
	NFD  shift 197
	NFKC  shift 198
	NFKD  shift 199
	NO  shift 200
	NONE  shift 391
	NORMALIZE  shift 392
	NORMALIZED  shift 201
	NOTHING  shift 202
	NOTIFY  shift 203
	NOWAIT  shift 204
	NULLIF  shift 393
	NULLS_P  shift 205
	NUMERIC  shift 394
	OBJECT_P  shift 206
	OBJECTS_P  shift 207
	OF  shift 208
	OFF  shift 209
	OIDS  shift 210
	OLD  shift 211
	OMIT  shift 212
	OPERATOR  shift 213
	OPTION  shift 214
	OPTIONS  shift 215
	ORDINALITY  shift 216
	OTHERS  shift 217
	OUT_P  shift 395
	OVER  shift 218
	OVERLAY  shift 396
	OVERRIDING  shift 219
	OWNED  shift 220
	OWNER  shift 221
	PARALLEL  shift 222
	PARAMETER  shift 223
	PARSER  shift 224
	PARTIAL  shift 225
	PARTITION  shift 226
	PASSING  shift 227
	PASSWORD  shift 228
	PATH  shift 229
	PERIOD  shift 230
	PLAN  shift 231
	PLANS  shift 232
	POLICY  shift 233
	POSITION  shift 397
	PRECEDING  shift 234
	PRECISION  shift 398
	PREPARE  shift 235
	PREPARED  shift 236
	PRESERVE  shift 237
	PRIOR  shift 238
	PRIVILEGES  shift 239
	PROCEDURAL  shift 240
	PROCEDURE  shift 241
	PROCEDURES  shift 242
	PROGRAM  shift 243
	PUBLICATION  shift 244
	QUOTE  shift 245
	QUOTES  shift 246
	RANGE  shift 247
	READ  shift 248
	REAL  shift 399
	REASSIGN  shift 249
	RECURSIVE  shift 250
	REF_P  shift 251
	REFERENCING  shift 252
	REFRESH  shift 253
	REINDEX  shift 254
	RELATIVE_P  shift 255
	RELEASE  shift 256
	RENAME  shift 257
	REPEATABLE  shift 258
	REPLACE  shift 259
	REPLICA  shift 260
	RESET  shift 261
	RESTART  shift 262
	RESTRICT  shift 263
	RETURN  shift 264
	RETURNS  shift 265
	REVOKE  shift 266
	ROLE  shift 267
	ROLLBACK  shift 268
	ROLLUP  shift 269
	ROUTINE  shift 270
	ROUTINES  shift 271
	ROW  shift 400
	ROWS  shift 272
	RULE  shift 273
	SAVEPOINT  shift 274
	SCALAR  shift 275
	SCHEMA  shift 276
	SCHEMAS  shift 277
	SCROLL  shift 278
	SEARCH  shift 279
	SECOND_P  shift 280
	SECURITY  shift 281
	SEQUENCE  shift 282
	SEQUENCES  shift 283
	SERIALIZABLE  shift 284
	SERVER  shift 285
	SESSION  shift 286
	SET  shift 287
	SETOF  shift 401
	SETS  shift 288
	SHARE  shift 289
	SHOW  shift 290
	SIMPLE  shift 291
	SKIP  shift 292
	SMALLINT  shift 402
	SNAPSHOT  shift 293
	SOURCE  shift 294
	SQL_P  shift 295
	STABLE  shift 296
	STANDALONE_P  shift 297
	START  shift 298
	STATEMENT  shift 299
	STATISTICS  shift 300
	STDIN  shift 301
	STDOUT  shift 302
	STORAGE  shift 303
	STORED  shift 304
	STRICT_P  shift 305
	STRING_P  shift 306
	STRIP_P  shift 307
	SUBSCRIPTION  shift 308
	SUBSTRING  shift 403
	SUPPORT  shift 309
	SYSID  shift 310
	SYSTEM_P  shift 311
	TABLES  shift 312
	TABLESPACE  shift 313
	TARGET  shift 314
	TEMP  shift 315
	TEMPLATE  shift 316
	TEMPORARY  shift 317
	TEXT_P  shift 318
	TIES  shift 319
	TIME  shift 404
	TIMESTAMP  shift 405
	TRANSACTION  shift 320
	TRANSFORM  shift 321
	TREAT  shift 406
	TRIGGER  shift 322
	TRIM  shift 407
	TRUNCATE  shift 323
	TRUSTED  shift 324
	TYPE_P  shift 325
	TYPES_P  shift 326
	UESCAPE  shift 327
	UNBOUNDED  shift 328
	UNCOMMITTED  shift 329
	UNCONDITIONAL  shift 330
	UNENCRYPTED  shift 331
	UNKNOWN  shift 332
	UNLISTEN  shift 333
	UNLOGGED  shift 334
	UNTIL  shift 335
	UPDATE  shift 336
	VACUUM  shift 337
	VALID  shift 338
	VALIDATE  shift 339
	VALIDATOR  shift 340
	VALUE_P  shift 341
	VALUES  shift 408
	VARCHAR  shift 409
	VARYING  shift 342
	VERSION_P  shift 343
	VIEW  shift 344
	VIEWS  shift 345
	VIRTUAL  shift 346
	VOLATILE  shift 347
	WHITESPACE_P  shift 348
	WITHIN  shift 349
	WITHOUT  shift 350
	WORK  shift 351
	WRAPPER  shift 352
	WRITE  shift 353
	XML_P  shift 354
	XMLATTRIBUTES  shift 410
	XMLCONCAT  shift 411
	XMLELEMENT  shift 412
	XMLEXISTS  shift 413
	XMLFOREST  shift 414
	XMLNAMESPACES  shift 415
	XMLPARSE  shift 416
	XMLPI  shift 417
	XMLROOT  shift 418
	XMLSERIALIZE  shift 419
	XMLTABLE  shift 420
	YEAR_P  shift 355
	YES_P  shift 356
	ZONE  shift 357
	IDENT  shift 25
	.  error

	unreserved_keyword  goto 26
	col_name_keyword  goto 27
	col_alias_list  goto 1157
	ColId  goto 541

state 1129
	opt_derived_alias:  ColId '('.col_alias_list ')' 

	ABORT_P  shift 28
	ABSENT  shift 29
	ABSOLUTE_P  shift 30
	ACCESS  shift 31
	ACTION  shift 32
	ADD_P  shift 33
	ADMIN  shift 34
	AFTER  shift 35
	AGGREGATE  shift 36
	ALSO  shift 37
	ALTER  shift 38
	ALWAYS  shift 39
	ASENSITIVE  shift 40
	ASSERTION  shift 41
	ASSIGNMENT  shift 42
	AT  shift 43
	ATOMIC  shift 44
	ATTACH  shift 45
	ATTRIBUTE  shift 46
	BACKWARD  shift 47
	BEFORE  shift 48
	BEGIN_P  shift 49
	BETWEEN  shift 358
	BIGINT  shift 359
	BIT  shift 360
	BOOLEAN_P  shift 361
	BREADTH  shift 50
	BY  shift 51
	CACHE  shift 52
	CALL  shift 53
	CALLED  shift 54
	CASCADE  shift 55
	CASCADED  shift 56
	CATALOG_P  shift 57
	CHAIN  shift 58
	CHAR_P  shift 362
	CHARACTER  shift 363
	CHARACTERISTICS  shift 59
	CHECKPOINT  shift 60
	CLASS  shift 61
	CLOSE  shift 62
	CLUSTER  shift 63
	COALESCE  shift 364
	COLUMNS  shift 64
	COMMENT  shift 65
	COMMENTS  shift 66
	COMMIT  shift 67
	COMMITTED  shift 68
	COMPRESSION  shift 69
	CONDITIONAL  shift 70
	CONFIGURATION  shift 71
	CONFLICT  shift 72
	CONNECTION  shift 73
	CONSTRAINTS  shift 74
	CONTENT_P  shift 75
	CONTINUE_P  shift 76
	CONVERSION_P  shift 77
	COPY  shift 78
	COST  shift 79
	CSV  shift 80
	CUBE  shift 81
	CURRENT_P  shift 82
	CURSOR  shift 83
	CYCLE  shift 84
	DATA_P  shift 85
	DATABASE  shift 86
	DAY_P  shift 87
	DEALLOCATE  shift 88
	DEC  shift 365
	DECIMAL_P  shift 366
	DECLARE  shift 89
	DEFAULTS  shift 90
	DEFERRED  shift 91
	DEFINER  shift 92
	DELETE_P  shift 93
	DELIMITER  shift 94
	DELIMITERS  shift 95
	DEPENDS  shift 96
	DEPTH  shift 97
	DETACH  shift 98
	DICTIONARY  shift 99
	DISABLE_P  shift 100
	DISCARD  shift 101
	DOCUMENT_P  shift 102
	DOMAIN_P  shift 103
	DOUBLE_P  shift 104
	DROP  shift 105
	EACH  shift 106
	EMPTY_P  shift 107
	ENABLE_P  shift 108
	ENCODING  shift 109
	ENCRYPTED  shift 110
	ENFORCED  shift 111
	ENUM_P  shift 112
	ERROR_P  shift 113
	ESCAPE  shift 114
	EVENT  shift 115
	EXCLUDE  shift 116
	EXCLUDING  shift 117
	EXCLUSIVE  shift 118
	EXECUTE  shift 119
	EXISTS  shift 367
	EXPLAIN  shift 120
	EXPRESSION  shift 121
	EXTENSION  shift 122
	EXTERNAL  shift 123
	EXTRACT  shift 368
	FAMILY  shift 124
	FILTER  shift 125
	FINALIZE  shift 126
	FIRST_P  shift 127
	FLOAT_P  shift 369
	FOLLOWING  shift 128
	FORCE  shift 129
	FORMAT  shift 130
	FORWARD  shift 131
	FUNCTION  shift 132
	FUNCTIONS  shift 133
	GENERATED  shift 134
	GLOBAL  shift 135
	GRANTED  shift 136
	GREATEST  shift 370
	GROUPING  shift 371
	GROUPS  shift 137
	HANDLER  shift 138
	HEADER_P  shift 139
	HOLD  shift 140
	HOUR_P  shift 141
	IDENTITY_P  shift 142
	IF_P  shift 143
	IMMEDIATE  shift 144
	IMMUTABLE  shift 145
	IMPLICIT_P  shift 146
	IMPORT_P  shift 147
	INCLUDE  shift 148
	INCLUDING  shift 149
	INCREMENT  shift 150
	INDENT  shift 151
	INDEX  shift 152
	INDEXES  shift 153
	INHERIT  shift 154
	INHERITS  shift 155
	INLINE_P  shift 156
	INOUT  shift 372
	INPUT_P  shift 157
	INSENSITIVE  shift 158
	INSERT  shift 159
	INSTEAD  shift 160
	INT_P  shift 373
	INTEGER  shift 374
	INTERVAL  shift 375
	INVOKER  shift 161
	ISOLATION  shift 162
	JSON  shift 376
	JSON_ARRAY  shift 377
	JSON_ARRAYAGG  shift 378
	JSON_EXISTS  shift 379
	JSON_OBJECT  shift 380
	JSON_OBJECTAGG  shift 381
	JSON_QUERY  shift 382
	JSON_SCALAR  shift 383
	JSON_SERIALIZE  shift 384
	JSON_TABLE  shift 385
	JSON_VALUE  shift 386
	KEEP  shift 163
	KEY  shift 164
	KEYS  shift 165
	LABEL  shift 166
	LANGUAGE  shift 167
	LARGE_P  shift 168
	LAST_P  shift 169
	LEAKPROOF  shift 170
	LEAST  shift 387
	LEVEL  shift 171
	LISTEN  shift 172
	LOAD  shift 173
	LOCAL  shift 174
	LOCATION  shift 175
	LOCK_P  shift 176
	LOCKED  shift 177
	LOGGED  shift 178
	MAPPING  shift 179
	MATCH  shift 180
	MATCHED  shift 181
	MATERIALIZED  shift 182
	MAXVALUE  shift 183
	MERGE  shift 184
	MERGE_ACTION  shift 388
	METHOD  shift 185
	MINUTE_P  shift 186
	MINVALUE  shift 187
	MODE  shift 188
	MONTH_P  shift 189
	MOVE  shift 190
	NAME_P  shift 191
	NAMES  shift 192
	NATIONAL  shift 389
	NCHAR  shift 390
	NESTED  shift 193
	NEW  shift 194
	NEXT  shift 195
	NFC  shift 196
	NFD  shift 197
	NFKC  shift 198
	NFKD  shift 199
	NO  shift 200
	NONE  shift 391
	NORMALIZE  shift 392
	NORMALIZED  shift 201
	NOTHING  shift 202
	NOTIFY  shift 203
	NOWAIT  shift 204
	NULLIF  shift 393
	NULLS_P  shift 205
	NUMERIC  shift 394
	OBJECT_P  shift 206
	OBJECTS_P  shift 207
	OF  shift 208
	OFF  shift 209
	OIDS  shift 210
	OLD  shift 211
	OMIT  shift 212
	OPERATOR  shift 213
	OPTION  shift 214
	OPTIONS  shift 215
	ORDINALITY  shift 216
	OTHERS  shift 217
	OUT_P  shift 395
	OVER  shift 218
	OVERLAY  shift 396
	OVERRIDING  shift 219
	OWNED  shift 220
	OWNER  shift 221
	PARALLEL  shift 222
	PARAMETER  shift 223
	PARSER  shift 224
	PARTIAL  shift 225
	PARTITION  shift 226
	PASSING  shift 227
	PASSWORD  shift 228
	PATH  shift 229
	PERIOD  shift 230
	PLAN  shift 231
	PLANS  shift 232
	POLICY  shift 233
	POSITION  shift 397
	PRECEDING  shift 234
	PRECISION  shift 398
	PREPARE  shift 235
	PREPARED  shift 236
	PRESERVE  shift 237
	PRIOR  shift 238
	PRIVILEGES  shift 239
	PROCEDURAL  shift 240
	PROCEDURE  shift 241
	PROCEDURES  shift 242
	PROGRAM  shift 243
	PUBLICATION  shift 244
	QUOTE  shift 245
	QUOTES  shift 246
	RANGE  shift 247
	READ  shift 248
	REAL  shift 399
	REASSIGN  shift 249
	RECURSIVE  shift 250
	REF_P  shift 251
	REFERENCING  shift 252
	REFRESH  shift 253
	REINDEX  shift 254
	RELATIVE_P  shift 255
	RELEASE  shift 256
	RENAME  shift 257
	REPEATABLE  shift 258
	REPLACE  shift 259
	REPLICA  shift 260
	RESET  shift 261
	RESTART  shift 262
	RESTRICT  shift 263
	RETURN  shift 264
	RETURNS  shift 265
	REVOKE  shift 266
	ROLE  shift 267
	ROLLBACK  shift 268
	ROLLUP  shift 269
	ROUTINE  shift 270
	ROUTINES  shift 271
	ROW  shift 400
	ROWS  shift 272
	RULE  shift 273
	SAVEPOINT  shift 274
	SCALAR  shift 275
	SCHEMA  shift 276
	SCHEMAS  shift 277
	SCROLL  shift 278
	SEARCH  shift 279
	SECOND_P  shift 280
	SECURITY  shift 281
	SEQUENCE  shift 282
	SEQUENCES  shift 283
	SERIALIZABLE  shift 284
	SERVER  shift 285
	SESSION  shift 286
	SET  shift 287
	SETOF  shift 401
	SETS  shift 288
	SHARE  shift 289
	SHOW  shift 290
	SIMPLE  shift 291
	SKIP  shift 292
	SMALLINT  shift 402
	SNAPSHOT  shift 293
	SOURCE  shift 294
	SQL_P  shift 295
	STABLE  shift 296
	STANDALONE_P  shift 297
	START  shift 298
	STATEMENT  shift 299
	STATISTICS  shift 300
	STDIN  shift 301
	STDOUT  shift 302
	STORAGE  shift 303
	STORED  shift 304
	STRICT_P  shift 305
	STRING_P  shift 306
	STRIP_P  shift 307
	SUBSCRIPTION  shift 308
	SUBSTRING  shift 403
	SUPPORT  shift 309
	SYSID  shift 310
	SYSTEM_P  shift 311
	TABLES  shift 312
	TABLESPACE  shift 313
	TARGET  shift 314
	TEMP  shift 315
	TEMPLATE  shift 316
	TEMPORARY  shift 317
	TEXT_P  shift 318
	TIES  shift 319
	TIME  shift 404
	TIMESTAMP  shift 405
	TRANSACTION  shift 320
	TRANSFORM  shift 321
	TREAT  shift 406
	TRIGGER  shift 322
	TRIM  shift 407
	TRUNCATE  shift 323
	TRUSTED  shift 324
	TYPE_P  shift 325
	TYPES_P  shift 326
	UESCAPE  shift 327
	UNBOUNDED  shift 328
	UNCOMMITTED  shift 329
	UNCONDITIONAL  shift 330
	UNENCRYPTED  shift 331
	UNKNOWN  shift 332
	UNLISTEN  shift 333
	UNLOGGED  shift 334
	UNTIL  shift 335
	UPDATE  shift 336
	VACUUM  shift 337
	VALID  shift 338
	VALIDATE  shift 339
	VALIDATOR  shift 340
	VALUE_P  shift 341
	VALUES  shift 408
	VARCHAR  shift 409
	VARYING  shift 342
	VERSION_P  shift 343
	VIEW  shift 344
	VIEWS  shift 345
	VIRTUAL  shift 346
	VOLATILE  shift 347
	WHITESPACE_P  shift 348
	WITHIN  shift 349
	WITHOUT  shift 350
	WORK  shift 351
	WRAPPER  shift 352
	WRITE  shift 353
	XML_P  shift 354
	XMLATTRIBUTES  shift 410
	XMLCONCAT  shift 411
	XMLELEMENT  shift 412
	XMLEXISTS  shift 413
	XMLFOREST  shift 414
	XMLNAMESPACES  shift 415
	XMLPARSE  shift 416
	XMLPI  shift 417
	XMLROOT  shift 418
	XMLSERIALIZE  shift 419
	XMLTABLE  shift 420
	YEAR_P  shift 355
	YES_P  shift 356
	ZONE  shift 357
	IDENT  shift 25
	.  error

	unreserved_keyword  goto 26
	col_name_keyword  goto 27
	col_alias_list  goto 1158
	ColId  goto 541

state 1130
	relation_expr_opt_alias:  qualified_name AS ColId.    (105)

	.  reduce 105 (src line 865)


state 1131
	func_table_expr:  qualified_name '(' opt_func_arg_list.')' 
	func_table_expr:  qualified_name '(' opt_func_arg_list.')' WITH_LA ORDINALITY 

	')'  shift 1159
	.  error


state 1132
	opt_func_arg_list:  func_arg_list.    (122)
	func_arg_list:  func_arg_list.',' a_expr 

	','  shift 1160
	.  reduce 122 (src line 1028)


state 1133
	func_arg_list:  a_expr.    (123)
	a_expr:  a_expr.'+' a_expr 
	a_expr:  a_expr.'-' a_expr 
	a_expr:  a_expr.'*' a_expr 
	a_expr:  a_expr.'/' a_expr 
	a_expr:  a_expr.'%' a_expr 
	a_expr:  a_expr.'<' a_expr 
	a_expr:  a_expr.'>' a_expr 
	a_expr:  a_expr.'=' a_expr 
	a_expr:  a_expr.LESS_EQUALS a_expr 
	a_expr:  a_expr.GREATER_EQUALS a_expr 
	a_expr:  a_expr.NOT_EQUALS a_expr 
	a_expr:  a_expr.AND a_expr 
	a_expr:  a_expr.OR a_expr 

	AND  shift 490
	OR  shift 491
	LESS_EQUALS  shift 487
	GREATER_EQUALS  shift 488
	NOT_EQUALS  shift 489
	'<'  shift 484
	'>'  shift 485
	'='  shift 486
	'+'  shift 479
	'-'  shift 480
	'*'  shift 481
	'/'  shift 482
	'%'  shift 483
	.  reduce 123 (src line 1030)


state 1134
	func_table_expr:  ROWS FROM '('.row_from_list ')' opt_with_ordinality 

	ABORT_P  shift 28
	ABSENT  shift 29
	ABSOLUTE_P  shift 30
	ACCESS  shift 31
	ACTION  shift 32
	ADD_P  shift 33
	ADMIN  shift 34
	AFTER  shift 35
	AGGREGATE  shift 36
	ALSO  shift 37
	ALTER  shift 38
	ALWAYS  shift 39
	ASENSITIVE  shift 40
	ASSERTION  shift 41
	ASSIGNMENT  shift 42
	AT  shift 43
	ATOMIC  shift 44
	ATTACH  shift 45
	ATTRIBUTE  shift 46
	BACKWARD  shift 47
	BEFORE  shift 48
	BEGIN_P  shift 49
	BETWEEN  shift 358
	BIGINT  shift 359
	BIT  shift 360
	BOOLEAN_P  shift 361
	BREADTH  shift 50
	BY  shift 51
	CACHE  shift 52
	CALL  shift 53
	CALLED  shift 54
	CASCADE  shift 55
	CASCADED  shift 56
	CATALOG_P  shift 57
	CHAIN  shift 58
	CHAR_P  shift 362
	CHARACTER  shift 363
	CHARACTERISTICS  shift 59
	CHECKPOINT  shift 60
	CLASS  shift 61
	CLOSE  shift 62
	CLUSTER  shift 63
	COALESCE  shift 364
	COLUMNS  shift 64
	COMMENT  shift 65
	COMMENTS  shift 66
	COMMIT  shift 67
	COMMITTED  shift 68
	COMPRESSION  shift 69
	CONDITIONAL  shift 70
	CONFIGURATION  shift 71
	CONFLICT  shift 72
	CONNECTION  shift 73
	CONSTRAINTS  shift 74
	CONTENT_P  shift 75
	CONTINUE_P  shift 76
	CONVERSION_P  shift 77
	COPY  shift 78
	COST  shift 79
	CSV  shift 80
	CUBE  shift 81
	CURRENT_P  shift 82
	CURSOR  shift 83
	CYCLE  shift 84
	DATA_P  shift 85
	DATABASE  shift 86
	DAY_P  shift 87
	DEALLOCATE  shift 88
	DEC  shift 365
	DECIMAL_P  shift 366
	DECLARE  shift 89
	DEFAULTS  shift 90
	DEFERRED  shift 91
	DEFINER  shift 92
	DELETE_P  shift 93
	DELIMITER  shift 94
	DELIMITERS  shift 95
	DEPENDS  shift 96
	DEPTH  shift 97
	DETACH  shift 98
	DICTIONARY  shift 99
	DISABLE_P  shift 100
	DISCARD  shift 101
	DOCUMENT_P  shift 102
	DOMAIN_P  shift 103
	DOUBLE_P  shift 104
	DROP  shift 105
	EACH  shift 106
	EMPTY_P  shift 107
	ENABLE_P  shift 108
	ENCODING  shift 109
	ENCRYPTED  shift 110
	ENFORCED  shift 111
	ENUM_P  shift 112
	ERROR_P  shift 113
	ESCAPE  shift 114
	EVENT  shift 115
	EXCLUDE  shift 116
	EXCLUDING  shift 117
	EXCLUSIVE  shift 118
	EXECUTE  shift 119
	EXISTS  shift 367
	EXPLAIN  shift 120
	EXPRESSION  shift 121
	EXTENSION  shift 122
	EXTERNAL  shift 123
	EXTRACT  shift 368
	FAMILY  shift 124
	FILTER  shift 125
	FINALIZE  shift 126
	FIRST_P  shift 127
	FLOAT_P  shift 369
	FOLLOWING  shift 128
	FORCE  shift 129
	FORMAT  shift 130
	FORWARD  shift 131
	FUNCTION  shift 132
	FUNCTIONS  shift 133
	GENERATED  shift 134
	GLOBAL  shift 135
	GRANTED  shift 136
	GREATEST  shift 370
	GROUPING  shift 371
	GROUPS  shift 137
	HANDLER  shift 138
	HEADER_P  shift 139
	HOLD  shift 140
	HOUR_P  shift 141
	IDENTITY_P  shift 142
	IF_P  shift 143
	IMMEDIATE  shift 144
	IMMUTABLE  shift 145
	IMPLICIT_P  shift 146
	IMPORT_P  shift 147
	INCLUDE  shift 148
	INCLUDING  shift 149
	INCREMENT  shift 150
	INDENT  shift 151
	INDEX  shift 152
	INDEXES  shift 153
	INHERIT  shift 154
	INHERITS  shift 155
	INLINE_P  shift 156
	INOUT  shift 372
	INPUT_P  shift 157
	INSENSITIVE  shift 158
	INSERT  shift 159
	INSTEAD  shift 160
	INT_P  shift 373
	INTEGER  shift 374
	INTERVAL  shift 375
	INVOKER  shift 161
	ISOLATION  shift 162
	JSON  shift 376
	JSON_ARRAY  shift 377
	JSON_ARRAYAGG  shift 378
	JSON_EXISTS  shift 379
	JSON_OBJECT  shift 380
	JSON_OBJECTAGG  shift 381
	JSON_QUERY  shift 382
	JSON_SCALAR  shift 383
	JSON_SERIALIZE  shift 384
	JSON_TABLE  shift 385
	JSON_VALUE  shift 386
	KEEP  shift 163
	KEY  shift 164
	KEYS  shift 165
	LABEL  shift 166
	LANGUAGE  shift 167
	LARGE_P  shift 168
	LAST_P  shift 169
	LEAKPROOF  shift 170
	LEAST  shift 387
	LEVEL  shift 171
	LISTEN  shift 172
	LOAD  shift 173
	LOCAL  shift 174
	LOCATION  shift 175
	LOCK_P  shift 176
	LOCKED  shift 177
	LOGGED  shift 178
	MAPPING  shift 179
	MATCH  shift 180
	MATCHED  shift 181
	MATERIALIZED  shift 182
	MAXVALUE  shift 183
	MERGE  shift 184
	MERGE_ACTION  shift 388
	METHOD  shift 185
	MINUTE_P  shift 186
	MINVALUE  shift 187
	MODE  shift 188
	MONTH_P  shift 189
	MOVE  shift 190
	NAME_P  shift 191
	NAMES  shift 192
	NATIONAL  shift 389
	NCHAR  shift 390
	NESTED  shift 193
	NEW  shift 194
	NEXT  shift 195
	NFC  shift 196
	NFD  shift 197
	NFKC  shift 198
	NFKD  shift 199
	NO  shift 200
	NONE  shift 391
	NORMALIZE  shift 392
	NORMALIZED  shift 201
	NOTHING  shift 202
	NOTIFY  shift 203
	NOWAIT  shift 204
	NULLIF  shift 393
	NULLS_P  shift 205
	NUMERIC  shift 394
	OBJECT_P  shift 206
	OBJECTS_P  shift 207
	OF  shift 208
	OFF  shift 209
	OIDS  shift 210
	OLD  shift 211
	OMIT  shift 212
	OPERATOR  shift 213
	OPTION  shift 214
	OPTIONS  shift 215
	ORDINALITY  shift 216
	OTHERS  shift 217
	OUT_P  shift 395
	OVER  shift 218
	OVERLAY  shift 396
	OVERRIDING  shift 219
	OWNED  shift 220
	OWNER  shift 221
	PARALLEL  shift 222
	PARAMETER  shift 223
	PARSER  shift 224
	PARTIAL  shift 225
	PARTITION  shift 226
	PASSING  shift 227
	PASSWORD  shift 228
	PATH  shift 229
	PERIOD  shift 230
	PLAN  shift 231
	PLANS  shift 232
	POLICY  shift 233
	POSITION  shift 397
	PRECEDING  shift 234
	PRECISION  shift 398
	PREPARE  shift 235
	PREPARED  shift 236
	PRESERVE  shift 237
	PRIOR  shift 238
	PRIVILEGES  shift 239
	PROCEDURAL  shift 240
	PROCEDURE  shift 241
	PROCEDURES  shift 242
	PROGRAM  shift 243
	PUBLICATION  shift 244
	QUOTE  shift 245
	QUOTES  shift 246
	RANGE  shift 247
	READ  shift 248
	REAL  shift 399
	REASSIGN  shift 249
	RECURSIVE  shift 250
	REF_P  shift 251
	REFERENCING  shift 252
	REFRESH  shift 253
	REINDEX  shift 254
	RELATIVE_P  shift 255
	RELEASE  shift 256
	RENAME  shift 257
	REPEATABLE  shift 258
	REPLACE  shift 259
	REPLICA  shift 260
	RESET  shift 261
	RESTART  shift 262
	RESTRICT  shift 263
	RETURN  shift 264
	RETURNS  shift 265
	REVOKE  shift 266
	ROLE  shift 267
	ROLLBACK  shift 268
	ROLLUP  shift 269
	ROUTINE  shift 270
	ROUTINES  shift 271
	ROW  shift 400
	ROWS  shift 272
	RULE  shift 273
	SAVEPOINT  shift 274
	SCALAR  shift 275
	SCHEMA  shift 276
	SCHEMAS  shift 277
	SCROLL  shift 278
	SEARCH  shift 279
	SECOND_P  shift 280
	SECURITY  shift 281
	SEQUENCE  shift 282
	SEQUENCES  shift 283
	SERIALIZABLE  shift 284
	SERVER  shift 285
	SESSION  shift 286
	SET  shift 287
	SETOF  shift 401
	SETS  shift 288
	SHARE  shift 289
	SHOW  shift 290
	SIMPLE  shift 291
	SKIP  shift 292
	SMALLINT  shift 402
	SNAPSHOT  shift 293
	SOURCE  shift 294
	SQL_P  shift 295
	STABLE  shift 296
	STANDALONE_P  shift 297
	START  shift 298
	STATEMENT  shift 299
	STATISTICS  shift 300
	STDIN  shift 301
	STDOUT  shift 302
	STORAGE  shift 303
	STORED  shift 304
	STRICT_P  shift 305
	STRING_P  shift 306
	STRIP_P  shift 307
	SUBSCRIPTION  shift 308
	SUBSTRING  shift 403
	SUPPORT  shift 309
	SYSID  shift 310
	SYSTEM_P  shift 311
	TABLES  shift 312
	TABLESPACE  shift 313
	TARGET  shift 314
	TEMP  shift 315
	TEMPLATE  shift 316
	TEMPORARY  shift 317
	TEXT_P  shift 318
	TIES  shift 319
	TIME  shift 404
	TIMESTAMP  shift 405
	TRANSACTION  shift 320
	TRANSFORM  shift 321
	TREAT  shift 406
	TRIGGER  shift 322
	TRIM  shift 407
	TRUNCATE  shift 323
	TRUSTED  shift 324
	TYPE_P  shift 325
	TYPES_P  shift 326
	UESCAPE  shift 327
	UNBOUNDED  shift 328
	UNCOMMITTED  shift 329
	UNCONDITIONAL  shift 330
	UNENCRYPTED  shift 331
	UNKNOWN  shift 332
	UNLISTEN  shift 333
	UNLOGGED  shift 334
	UNTIL  shift 335
	UPDATE  shift 336
	VACUUM  shift 337
	VALID  shift 338
	VALIDATE  shift 339
	VALIDATOR  shift 340
	VALUE_P  shift 341
	VALUES  shift 408
	VARCHAR  shift 409
	VARYING  shift 342
	VERSION_P  shift 343
	VIEW  shift 344
	VIEWS  shift 345
	VIRTUAL  shift 346
	VOLATILE  shift 347
	WHITESPACE_P  shift 348
	WITHIN  shift 349
	WITHOUT  shift 350
	WORK  shift 351
	WRAPPER  shift 352
	WRITE  shift 353
	XML_P  shift 354
	XMLATTRIBUTES  shift 410
	XMLCONCAT  shift 411
	XMLELEMENT  shift 412
	XMLEXISTS  shift 413
	XMLFOREST  shift 414
	XMLNAMESPACES  shift 415
	XMLPARSE  shift 416
	XMLPI  shift 417
	XMLROOT  shift 418
	XMLSERIALIZE  shift 419
	XMLTABLE  shift 420
	YEAR_P  shift 355
	YES_P  shift 356
	ZONE  shift 357
	IDENT  shift 25
	.  error

	unreserved_keyword  goto 26
	col_name_keyword  goto 27
	row_from_list  goto 1161
	row_from_entry_one  goto 1162
	qualified_name  goto 1163
	ColId  goto 24

state 1135
	cte_item:  ColId cte_col_list AS opt_materialized '(' SelectStmt ')'.    (147)

	.  reduce 147 (src line 1149)


state 1136
	having_clause:  HAVING a_expr.    (154)
	a_expr:  a_expr.'+' a_expr 
	a_expr:  a_expr.'-' a_expr 
	a_expr:  a_expr.'*' a_expr 
	a_expr:  a_expr.'/' a_expr 
	a_expr:  a_expr.'%' a_expr 
	a_expr:  a_expr.'<' a_expr 
	a_expr:  a_expr.'>' a_expr 
	a_expr:  a_expr.'=' a_expr 
	a_expr:  a_expr.LESS_EQUALS a_expr 
	a_expr:  a_expr.GREATER_EQUALS a_expr 
	a_expr:  a_expr.NOT_EQUALS a_expr 
	a_expr:  a_expr.AND a_expr 
	a_expr:  a_expr.OR a_expr 

	AND  shift 490
	OR  shift 491
	LESS_EQUALS  shift 487
	GREATER_EQUALS  shift 488
	NOT_EQUALS  shift 489
	'<'  shift 484
	'>'  shift 485
	'='  shift 486
	'+'  shift 479
	'-'  shift 480
	'*'  shift 481
	'/'  shift 482
	'%'  shift 483
	.  reduce 154 (src line 1176)


state 1137
	group_clause:  GROUP_P BY group_by_list.    (135)
	group_by_list:  group_by_list.',' group_by_item 

	','  shift 1164
	.  reduce 135 (src line 1086)


state 1138
	group_by_list:  group_by_item.    (136)

	.  reduce 136 (src line 1091)


state 1139
	group_by_item:  a_expr.    (138)
	a_expr:  a_expr.'+' a_expr 
	a_expr:  a_expr.'-' a_expr 
	a_expr:  a_expr.'*' a_expr 
	a_expr:  a_expr.'/' a_expr 
	a_expr:  a_expr.'%' a_expr 
	a_expr:  a_expr.'<' a_expr 
	a_expr:  a_expr.'>' a_expr 
	a_expr:  a_expr.'=' a_expr 
	a_expr:  a_expr.LESS_EQUALS a_expr 
	a_expr:  a_expr.GREATER_EQUALS a_expr 
	a_expr:  a_expr.NOT_EQUALS a_expr 
	a_expr:  a_expr.AND a_expr 
	a_expr:  a_expr.OR a_expr 

	AND  shift 490
	OR  shift 491
	LESS_EQUALS  shift 487
	GREATER_EQUALS  shift 488
	NOT_EQUALS  shift 489
	'<'  shift 484
	'>'  shift 485
	'='  shift 486
	'+'  shift 479
	'-'  shift 480
	'*'  shift 481
	'/'  shift 482
	'%'  shift 483
	.  reduce 138 (src line 1101)


state 1140
	table_ref:  table_ref join_outer base_table_ref join_qual_opt.    (81)

	.  reduce 81 (src line 734)


state 1141
	join_qual_opt:  ON.a_expr 

	ABORT_P  shift 28
	ABSENT  shift 29
	ABSOLUTE_P  shift 30
	ACCESS  shift 31
	ACTION  shift 32
	ADD_P  shift 33
	ADMIN  shift 34
	AFTER  shift 35
	AGGREGATE  shift 36
	ALSO  shift 37
	ALTER  shift 38
	ALWAYS  shift 39
	ASENSITIVE  shift 40
	ASSERTION  shift 41
	ASSIGNMENT  shift 42
	AT  shift 43
	ATOMIC  shift 44
	ATTACH  shift 45
	ATTRIBUTE  shift 46
	BACKWARD  shift 47
	BEFORE  shift 48
	BEGIN_P  shift 49
	BETWEEN  shift 358
	BIGINT  shift 359
	BIT  shift 360
	BOOLEAN_P  shift 361
	BREADTH  shift 50
	BY  shift 51
	CACHE  shift 52
	CALL  shift 53
	CALLED  shift 54
	CASCADE  shift 55
	CASCADED  shift 56
	CATALOG_P  shift 57
	CHAIN  shift 58
	CHAR_P  shift 362
	CHARACTER  shift 363
	CHARACTERISTICS  shift 59
	CHECKPOINT  shift 60
	CLASS  shift 61
	CLOSE  shift 62
	CLUSTER  shift 63
	COALESCE  shift 364
	COLUMNS  shift 64
	COMMENT  shift 65
	COMMENTS  shift 66
	COMMIT  shift 67
	COMMITTED  shift 68
	COMPRESSION  shift 69
	CONDITIONAL  shift 70
	CONFIGURATION  shift 71
	CONFLICT  shift 72
	CONNECTION  shift 73
	CONSTRAINTS  shift 74
	CONTENT_P  shift 75
	CONTINUE_P  shift 76
	CONVERSION_P  shift 77
	COPY  shift 78
	COST  shift 79
	CSV  shift 80
	CUBE  shift 81
	CURRENT_P  shift 82
	CURSOR  shift 83
	CYCLE  shift 84
	DATA_P  shift 85
	DATABASE  shift 86
	DAY_P  shift 87
	DEALLOCATE  shift 88
	DEC  shift 365
	DECIMAL_P  shift 366
	DECLARE  shift 89
	DEFAULTS  shift 90
	DEFERRED  shift 91
	DEFINER  shift 92
	DELETE_P  shift 93
	DELIMITER  shift 94
	DELIMITERS  shift 95
	DEPENDS  shift 96
	DEPTH  shift 97
	DETACH  shift 98
	DICTIONARY  shift 99
	DISABLE_P  shift 100
	DISCARD  shift 101
	DOCUMENT_P  shift 102
	DOMAIN_P  shift 103
	DOUBLE_P  shift 104
	DROP  shift 105
	EACH  shift 106
	EMPTY_P  shift 107
	ENABLE_P  shift 108
	ENCODING  shift 109
	ENCRYPTED  shift 110
	ENFORCED  shift 111
	ENUM_P  shift 112
	ERROR_P  shift 113
	ESCAPE  shift 114
	EVENT  shift 115
	EXCLUDE  shift 116
	EXCLUDING  shift 117
	EXCLUSIVE  shift 118
	EXECUTE  shift 119
	EXISTS  shift 367
	EXPLAIN  shift 120
	EXPRESSION  shift 121
	EXTENSION  shift 122
	EXTERNAL  shift 123
	EXTRACT  shift 368
	FALSE_P  shift 451
	FAMILY  shift 124
	FILTER  shift 125
	FINALIZE  shift 126
	FIRST_P  shift 127
	FLOAT_P  shift 369
	FOLLOWING  shift 128
	FORCE  shift 129
	FORMAT  shift 130
	FORWARD  shift 131
	FUNCTION  shift 132
	FUNCTIONS  shift 133
	GENERATED  shift 134
	GLOBAL  shift 135
	GRANTED  shift 136
	GREATEST  shift 370
	GROUPING  shift 371
	GROUPS  shift 137
	HANDLER  shift 138
	HEADER_P  shift 139
	HOLD  shift 140
	HOUR_P  shift 141
	IDENTITY_P  shift 142
	IF_P  shift 143
	IMMEDIATE  shift 144
	IMMUTABLE  shift 145
	IMPLICIT_P  shift 146
	IMPORT_P  shift 147
	INCLUDE  shift 148
	INCLUDING  shift 149
	INCREMENT  shift 150
	INDENT  shift 151
	INDEX  shift 152
	INDEXES  shift 153
	INHERIT  shift 154
	INHERITS  shift 155
	INLINE_P  shift 156
	INOUT  shift 372
	INPUT_P  shift 157
	INSENSITIVE  shift 158
	INSERT  shift 159
	INSTEAD  shift 160
	INT_P  shift 373
	INTEGER  shift 374
	INTERVAL  shift 375
	INVOKER  shift 161
	ISOLATION  shift 162
	JSON  shift 376
	JSON_ARRAY  shift 377
	JSON_ARRAYAGG  shift 378
	JSON_EXISTS  shift 379
	JSON_OBJECT  shift 380
	JSON_OBJECTAGG  shift 381
	JSON_QUERY  shift 382
	JSON_SCALAR  shift 383
	JSON_SERIALIZE  shift 384
	JSON_TABLE  shift 385
	JSON_VALUE  shift 386
	KEEP  shift 163
	KEY  shift 164
	KEYS  shift 165
	LABEL  shift 166
	LANGUAGE  shift 167
	LARGE_P  shift 168
	LAST_P  shift 169
	LEAKPROOF  shift 170
	LEAST  shift 387
	LEVEL  shift 171
	LISTEN  shift 172
	LOAD  shift 173
	LOCAL  shift 174
	LOCATION  shift 175
	LOCK_P  shift 176
	LOCKED  shift 177
	LOGGED  shift 178
	MAPPING  shift 179
	MATCH  shift 180
	MATCHED  shift 181
	MATERIALIZED  shift 182
	MAXVALUE  shift 183
	MERGE  shift 184
	MERGE_ACTION  shift 388
	METHOD  shift 185
	MINUTE_P  shift 186
	MINVALUE  shift 187
	MODE  shift 188
	MONTH_P  shift 189
	MOVE  shift 190
	NAME_P  shift 191
	NAMES  shift 192
	NATIONAL  shift 389
	NCHAR  shift 390
	NESTED  shift 193
	NEW  shift 194
	NEXT  shift 195
	NFC  shift 196
	NFD  shift 197
	NFKC  shift 198
	NFKD  shift 199
	NO  shift 200
	NONE  shift 391
	NORMALIZE  shift 392
	NORMALIZED  shift 201
	NOT  shift 443
	NOTHING  shift 202
	NOTIFY  shift 203
	NOWAIT  shift 204
	NULL_P  shift 452
	NULLIF  shift 393
	NULLS_P  shift 205
	NUMERIC  shift 394
	OBJECT_P  shift 206
	OBJECTS_P  shift 207
	OF  shift 208
	OFF  shift 209
	OIDS  shift 210
	OLD  shift 211
	OMIT  shift 212
	OPERATOR  shift 213
	OPTION  shift 214
	OPTIONS  shift 215
	ORDINALITY  shift 216
	OTHERS  shift 217
	OUT_P  shift 395
	OVER  shift 218
	OVERLAY  shift 396
	OVERRIDING  shift 219
	OWNED  shift 220
	OWNER  shift 221
	PARALLEL  shift 222
	PARAMETER  shift 223
	PARSER  shift 224
	PARTIAL  shift 225
	PARTITION  shift 226
	PASSING  shift 227
	PASSWORD  shift 228
	PATH  shift 229
	PERIOD  shift 230
	PLAN  shift 231
	PLANS  shift 232
	POLICY  shift 233
	POSITION  shift 397
	PRECEDING  shift 234
	PRECISION  shift 398
	PREPARE  shift 235
	PREPARED  shift 236
	PRESERVE  shift 237
	PRIOR  shift 238
	PRIVILEGES  shift 239
	PROCEDURAL  shift 240
	PROCEDURE  shift 241
	PROCEDURES  shift 242
	PROGRAM  shift 243
	PUBLICATION  shift 244
	QUOTE  shift 245
	QUOTES  shift 246
	RANGE  shift 247
	READ  shift 248
	REAL  shift 399
	REASSIGN  shift 249
	RECURSIVE  shift 250
	REF_P  shift 251
	REFERENCING  shift 252
	REFRESH  shift 253
	REINDEX  shift 254
	RELATIVE_P  shift 255
	RELEASE  shift 256
	RENAME  shift 257
	REPEATABLE  shift 258
	REPLACE  shift 259
	REPLICA  shift 260
	RESET  shift 261
	RESTART  shift 262
	RESTRICT  shift 263
	RETURN  shift 264
	RETURNS  shift 265
	REVOKE  shift 266
	ROLE  shift 267
	ROLLBACK  shift 268
	ROLLUP  shift 269
	ROUTINE  shift 270
	ROUTINES  shift 271
	ROW  shift 400
	ROWS  shift 272
	RULE  shift 273
	SAVEPOINT  shift 274
	SCALAR  shift 275
	SCHEMA  shift 276
	SCHEMAS  shift 277
	SCROLL  shift 278
	SEARCH  shift 279
	SECOND_P  shift 280
	SECURITY  shift 281
	SEQUENCE  shift 282
	SEQUENCES  shift 283
	SERIALIZABLE  shift 284
	SERVER  shift 285
	SESSION  shift 286
	SET  shift 287
	SETOF  shift 401
	SETS  shift 288
	SHARE  shift 289
	SHOW  shift 290
	SIMPLE  shift 291
	SKIP  shift 292
	SMALLINT  shift 402
	SNAPSHOT  shift 293
	SOURCE  shift 294
	SQL_P  shift 295
	STABLE  shift 296
	STANDALONE_P  shift 297
	START  shift 298
	STATEMENT  shift 299
	STATISTICS  shift 300
	STDIN  shift 301
	STDOUT  shift 302
	STORAGE  shift 303
	STORED  shift 304
	STRICT_P  shift 305
	STRING_P  shift 306
	STRIP_P  shift 307
	SUBSCRIPTION  shift 308
	SUBSTRING  shift 403
	SUPPORT  shift 309
	SYSID  shift 310
	SYSTEM_P  shift 311
	TABLES  shift 312
	TABLESPACE  shift 313
	TARGET  shift 314
	TEMP  shift 315
	TEMPLATE  shift 316
	TEMPORARY  shift 317
	TEXT_P  shift 318
	TIES  shift 319
	TIME  shift 404
	TIMESTAMP  shift 405
	TRANSACTION  shift 320
	TRANSFORM  shift 321
	TREAT  shift 406
	TRIGGER  shift 322
	TRIM  shift 407
	TRUE_P  shift 450
	TRUNCATE  shift 323
	TRUSTED  shift 324
	TYPE_P  shift 325
	TYPES_P  shift 326
	UESCAPE  shift 327
	UNBOUNDED  shift 328
	UNCOMMITTED  shift 329
	UNCONDITIONAL  shift 330
	UNENCRYPTED  shift 331
	UNKNOWN  shift 332
	UNLISTEN  shift 333
	UNLOGGED  shift 334
	UNTIL  shift 335
	UPDATE  shift 336
	VACUUM  shift 337
	VALID  shift 338
	VALIDATE  shift 339
	VALIDATOR  shift 340
	VALUE_P  shift 341
	VALUES  shift 408
	VARCHAR  shift 409
	VARYING  shift 342
	VERSION_P  shift 343
	VIEW  shift 344
	VIEWS  shift 345
	VIRTUAL  shift 346
	VOLATILE  shift 347
	WHITESPACE_P  shift 348
	WITHIN  shift 349
	WITHOUT  shift 350
	WORK  shift 351
	WRAPPER  shift 352
	WRITE  shift 353
	XML_P  shift 354
	XMLATTRIBUTES  shift 410
	XMLCONCAT  shift 411
	XMLELEMENT  shift 412
	XMLEXISTS  shift 413
	XMLFOREST  shift 414
	XMLNAMESPACES  shift 415
	XMLPARSE  shift 416
	XMLPI  shift 417
	XMLROOT  shift 418
	XMLSERIALIZE  shift 419
	XMLTABLE  shift 420
	YEAR_P  shift 355
	YES_P  shift 356
	ZONE  shift 357
	IDENT  shift 25
	FCONST  shift 448
	SCONST  shift 449
	ICONST  shift 447
	PARAM  shift 453
	'+'  shift 445
	'-'  shift 444
	'('  shift 446
	.  error

	unreserved_keyword  goto 26
	col_name_keyword  goto 27
	qualified_name  goto 454
	a_expr  goto 1165
	c_expr  goto 442
	ColId  goto 24

state 1142
	join_qual_opt:  USING.'(' col_alias_list ')' 

	'('  shift 1166
	.  error


state 1143
	join_outer:  NATURAL LEFT OUTER_P.JOIN 

	JOIN  shift 1167
	.  error


state 1144
	join_outer:  NATURAL LEFT JOIN.    (92)

	.  reduce 92 (src line 800)


state 1145
	join_outer:  NATURAL RIGHT OUTER_P.JOIN 

	JOIN  shift 1168
	.  error


state 1146
	join_outer:  NATURAL RIGHT JOIN.    (94)

	.  reduce 94 (src line 810)


state 1147
	join_outer:  NATURAL FULL OUTER_P.JOIN 

	JOIN  shift 1169
	.  error


state 1148
	join_outer:  NATURAL FULL JOIN.    (96)

	.  reduce 96 (src line 820)


state 1149
	join_outer:  LEFT OUTER_P JOIN.    (85)

	.  reduce 85 (src line 765)


state 1150
	join_outer:  RIGHT OUTER_P JOIN.    (87)

	.  reduce 87 (src line 775)


state 1151
	join_outer:  FULL OUTER_P JOIN.    (89)

	.  reduce 89 (src line 785)


state 1152
	opt_alias_ident:  AS ColId.    (132)

	.  reduce 132 (src line 1073)


state 1153
	base_table_ref:  '(' table_ref ')' opt_derived_alias.    (108)

	.  reduce 108 (src line 885)


state 1154
	base_table_ref:  '(' SelectStmt ')' opt_derived_alias.    (109)

	.  reduce 109 (src line 902)


state 1155
	base_table_ref:  LATERAL_P '(' SelectStmt ')'.opt_derived_alias 
	opt_derived_alias: .    (125)

	ABORT_P  shift 28
	ABSENT  shift 29
	ABSOLUTE_P  shift 30
	ACCESS  shift 31
	ACTION  shift 32
	ADD_P  shift 33
	ADMIN  shift 34
	AFTER  shift 35
	AGGREGATE  shift 36
	ALSO  shift 37
	ALTER  shift 38
	ALWAYS  shift 39
	AS  shift 1093
	ASENSITIVE  shift 40
	ASSERTION  shift 41
	ASSIGNMENT  shift 42
	AT  shift 43
	ATOMIC  shift 44
	ATTACH  shift 45
	ATTRIBUTE  shift 46
	BACKWARD  shift 47
	BEFORE  shift 48
	BEGIN_P  shift 49
	BETWEEN  shift 358
	BIGINT  shift 359
	BIT  shift 360
	BOOLEAN_P  shift 361
	BREADTH  shift 50
	BY  shift 51
	CACHE  shift 52
	CALL  shift 53
	CALLED  shift 54
	CASCADE  shift 55
	CASCADED  shift 56
	CATALOG_P  shift 57
	CHAIN  shift 58
	CHAR_P  shift 362
	CHARACTER  shift 363
	CHARACTERISTICS  shift 59
	CHECKPOINT  shift 60
	CLASS  shift 61
	CLOSE  shift 62
	CLUSTER  shift 63
	COALESCE  shift 364
	COLUMNS  shift 64
	COMMENT  shift 65
	COMMENTS  shift 66
	COMMIT  shift 67
	COMMITTED  shift 68
	COMPRESSION  shift 69
	CONDITIONAL  shift 70
	CONFIGURATION  shift 71
	CONFLICT  shift 72
	CONNECTION  shift 73
	CONSTRAINTS  shift 74
	CONTENT_P  shift 75
	CONTINUE_P  shift 76
	CONVERSION_P  shift 77
	COPY  shift 78
	COST  shift 79
	CSV  shift 80
	CUBE  shift 81
	CURRENT_P  shift 82
	CURSOR  shift 83
	CYCLE  shift 84
	DATA_P  shift 85
	DATABASE  shift 86
	DAY_P  shift 87
	DEALLOCATE  shift 88
	DEC  shift 365
	DECIMAL_P  shift 366
	DECLARE  shift 89
	DEFAULTS  shift 90
	DEFERRED  shift 91
	DEFINER  shift 92
	DELETE_P  shift 93
	DELIMITER  shift 94
	DELIMITERS  shift 95
	DEPENDS  shift 96
	DEPTH  shift 97
	DETACH  shift 98
	DICTIONARY  shift 99
	DISABLE_P  shift 100
	DISCARD  shift 101
	DOCUMENT_P  shift 102
	DOMAIN_P  shift 103
	DOUBLE_P  shift 104
	DROP  shift 105
	EACH  shift 106
	EMPTY_P  shift 107
	ENABLE_P  shift 108
	ENCODING  shift 109
	ENCRYPTED  shift 110
	ENFORCED  shift 111
	ENUM_P  shift 112
	ERROR_P  shift 113
	ESCAPE  shift 114
	EVENT  shift 115
	EXCLUDE  shift 116
	EXCLUDING  shift 117
	EXCLUSIVE  shift 118
	EXECUTE  shift 119
	EXISTS  shift 367
	EXPLAIN  shift 120
	EXPRESSION  shift 121
	EXTENSION  shift 122
	EXTERNAL  shift 123
	EXTRACT  shift 368
	FAMILY  shift 124
	FILTER  shift 125
	FINALIZE  shift 126
	FIRST_P  shift 127
	FLOAT_P  shift 369
	FOLLOWING  shift 128
	FORCE  shift 129
	FORMAT  shift 130
	FORWARD  shift 131
	FUNCTION  shift 132
	FUNCTIONS  shift 133
	GENERATED  shift 134
	GLOBAL  shift 135
	GRANTED  shift 136
	GREATEST  shift 370
	GROUPING  shift 371
	GROUPS  shift 137
	HANDLER  shift 138
	HEADER_P  shift 139
	HOLD  shift 140
	HOUR_P  shift 141
	IDENTITY_P  shift 142
	IF_P  shift 143
	IMMEDIATE  shift 144
	IMMUTABLE  shift 145
	IMPLICIT_P  shift 146
	IMPORT_P  shift 147
	INCLUDE  shift 148
	INCLUDING  shift 149
	INCREMENT  shift 150
	INDENT  shift 151
	INDEX  shift 152
	INDEXES  shift 153
	INHERIT  shift 154
	INHERITS  shift 155
	INLINE_P  shift 156
	INOUT  shift 372
	INPUT_P  shift 157
	INSENSITIVE  shift 158
	INSERT  shift 159
	INSTEAD  shift 160
	INT_P  shift 373
	INTEGER  shift 374
	INTERVAL  shift 375
	INVOKER  shift 161
	ISOLATION  shift 162
	JSON  shift 376
	JSON_ARRAY  shift 377
	JSON_ARRAYAGG  shift 378
	JSON_EXISTS  shift 379
	JSON_OBJECT  shift 380
	JSON_OBJECTAGG  shift 381
	JSON_QUERY  shift 382
	JSON_SCALAR  shift 383
	JSON_SERIALIZE  shift 384
	JSON_TABLE  shift 385
	JSON_VALUE  shift 386
	KEEP  shift 163
	KEY  shift 164
	KEYS  shift 165
	LABEL  shift 166
	LANGUAGE  shift 167
	LARGE_P  shift 168
	LAST_P  shift 169
	LEAKPROOF  shift 170
	LEAST  shift 387
	LEVEL  shift 171
	LISTEN  shift 172
	LOAD  shift 173
	LOCAL  shift 174
	LOCATION  shift 175
	LOCK_P  shift 176
	LOCKED  shift 177
	LOGGED  shift 178
	MAPPING  shift 179
	MATCH  shift 180
	MATCHED  shift 181
	MATERIALIZED  shift 182
	MAXVALUE  shift 183
	MERGE  shift 184
	MERGE_ACTION  shift 388
	METHOD  shift 185
	MINUTE_P  shift 186
	MINVALUE  shift 187
	MODE  shift 188
	MONTH_P  shift 189
	MOVE  shift 190
	NAME_P  shift 191
	NAMES  shift 192
	NATIONAL  shift 389
	NCHAR  shift 390
	NESTED  shift 193
	NEW  shift 194
	NEXT  shift 195
	NFC  shift 196
	NFD  shift 197
	NFKC  shift 198
	NFKD  shift 199
	NO  shift 200
	NONE  shift 391
	NORMALIZE  shift 392
	NORMALIZED  shift 201
	NOTHING  shift 202
	NOTIFY  shift 203
	NOWAIT  shift 204
	NULLIF  shift 393
	NULLS_P  shift 205
	NUMERIC  shift 394
	OBJECT_P  shift 206
	OBJECTS_P  shift 207
	OF  shift 208
	OFF  shift 209
	OIDS  shift 210
	OLD  shift 211
	OMIT  shift 212
	OPERATOR  shift 213
	OPTION  shift 214
	OPTIONS  shift 215
	ORDINALITY  shift 216
	OTHERS  shift 217
	OUT_P  shift 395
	OVER  shift 218
	OVERLAY  shift 396
	OVERRIDING  shift 219
	OWNED  shift 220
	OWNER  shift 221
	PARALLEL  shift 222
	PARAMETER  shift 223
	PARSER  shift 224
	PARTIAL  shift 225
	PARTITION  shift 226
	PASSING  shift 227
	PASSWORD  shift 228
	PATH  shift 229
	PERIOD  shift 230
	PLAN  shift 231
	PLANS  shift 232
	POLICY  shift 233
	POSITION  shift 397
	PRECEDING  shift 234
	PRECISION  shift 398
	PREPARE  shift 235
	PREPARED  shift 236
	PRESERVE  shift 237
	PRIOR  shift 238
	PRIVILEGES  shift 239
	PROCEDURAL  shift 240
	PROCEDURE  shift 241
	PROCEDURES  shift 242
	PROGRAM  shift 243
	PUBLICATION  shift 244
	QUOTE  shift 245
	QUOTES  shift 246
	RANGE  shift 247
	READ  shift 248
	REAL  shift 399
	REASSIGN  shift 249
	RECURSIVE  shift 250
	REF_P  shift 251
	REFERENCING  shift 252
	REFRESH  shift 253
	REINDEX  shift 254
	RELATIVE_P  shift 255
	RELEASE  shift 256
	RENAME  shift 257
	REPEATABLE  shift 258
	REPLACE  shift 259
	REPLICA  shift 260
	RESET  shift 261
	RESTART  shift 262
	RESTRICT  shift 263
	RETURN  shift 264
	RETURNS  shift 265
	REVOKE  shift 266
	ROLE  shift 267
	ROLLBACK  shift 268
	ROLLUP  shift 269
	ROUTINE  shift 270
	ROUTINES  shift 271
	ROW  shift 400
	ROWS  shift 272
	RULE  shift 273
	SAVEPOINT  shift 274
	SCALAR  shift 275
	SCHEMA  shift 276
	SCHEMAS  shift 277
	SCROLL  shift 278
	SEARCH  shift 279
	SECOND_P  shift 280
	SECURITY  shift 281
	SEQUENCE  shift 282
	SEQUENCES  shift 283
	SERIALIZABLE  shift 284
	SERVER  shift 285
	SESSION  shift 286
	SET  shift 287
	SETOF  shift 401
	SETS  shift 288
	SHARE  shift 289
	SHOW  shift 290
	SIMPLE  shift 291
	SKIP  shift 292
	SMALLINT  shift 402
	SNAPSHOT  shift 293
	SOURCE  shift 294
	SQL_P  shift 295
	STABLE  shift 296
	STANDALONE_P  shift 297
	START  shift 298
	STATEMENT  shift 299
	STATISTICS  shift 300
	STDIN  shift 301
	STDOUT  shift 302
	STORAGE  shift 303
	STORED  shift 304
	STRICT_P  shift 305
	STRING_P  shift 306
	STRIP_P  shift 307
	SUBSCRIPTION  shift 308
	SUBSTRING  shift 403
	SUPPORT  shift 309
	SYSID  shift 310
	SYSTEM_P  shift 311
	TABLES  shift 312
	TABLESPACE  shift 313
	TARGET  shift 314
	TEMP  shift 315
	TEMPLATE  shift 316
	TEMPORARY  shift 317
	TEXT_P  shift 318
	TIES  shift 319
	TIME  shift 404
	TIMESTAMP  shift 405
	TRANSACTION  shift 320
	TRANSFORM  shift 321
	TREAT  shift 406
	TRIGGER  shift 322
	TRIM  shift 407
	TRUNCATE  shift 323
	TRUSTED  shift 324
	TYPE_P  shift 325
	TYPES_P  shift 326
	UESCAPE  shift 327
	UNBOUNDED  shift 328
	UNCOMMITTED  shift 329
	UNCONDITIONAL  shift 330
	UNENCRYPTED  shift 331
	UNKNOWN  shift 332
	UNLISTEN  shift 333
	UNLOGGED  shift 334
	UNTIL  shift 335
	UPDATE  shift 336
	VACUUM  shift 337
	VALID  shift 338
	VALIDATE  shift 339
	VALIDATOR  shift 340
	VALUE_P  shift 341
	VALUES  shift 408
	VARCHAR  shift 409
	VARYING  shift 342
	VERSION_P  shift 343
	VIEW  shift 344
	VIEWS  shift 345
	VIRTUAL  shift 346
	VOLATILE  shift 347
	WHITESPACE_P  shift 348
	WITHIN  shift 349
	WITHOUT  shift 350
	WORK  shift 351
	WRAPPER  shift 352
	WRITE  shift 353
	XML_P  shift 354
	XMLATTRIBUTES  shift 410
	XMLCONCAT  shift 411
	XMLELEMENT  shift 412
	XMLEXISTS  shift 413
	XMLFOREST  shift 414
	XMLNAMESPACES  shift 415
	XMLPARSE  shift 416
	XMLPI  shift 417
	XMLROOT  shift 418
	XMLSERIALIZE  shift 419
	XMLTABLE  shift 420
	YEAR_P  shift 355
	YES_P  shift 356
	ZONE  shift 357
	IDENT  shift 1094
	.  reduce 125 (src line 1045)

	unreserved_keyword  goto 26
	col_name_keyword  goto 27
	opt_derived_alias  goto 1170
	ColId  goto 1095

state 1156
	opt_derived_alias:  AS ColId '('.col_alias_list ')' 

	ABORT_P  shift 28
	ABSENT  shift 29
	ABSOLUTE_P  shift 30
	ACCESS  shift 31
	ACTION  shift 32
	ADD_P  shift 33
	ADMIN  shift 34
	AFTER  shift 35
	AGGREGATE  shift 36
	ALSO  shift 37
	ALTER  shift 38
	ALWAYS  shift 39
	ASENSITIVE  shift 40
	ASSERTION  shift 41
	ASSIGNMENT  shift 42
	AT  shift 43
	ATOMIC  shift 44
	ATTACH  shift 45
	ATTRIBUTE  shift 46
	BACKWARD  shift 47
	BEFORE  shift 48
	BEGIN_P  shift 49
	BETWEEN  shift 358
	BIGINT  shift 359
	BIT  shift 360
	BOOLEAN_P  shift 361
	BREADTH  shift 50
	BY  shift 51
	CACHE  shift 52
	CALL  shift 53
	CALLED  shift 54
	CASCADE  shift 55
	CASCADED  shift 56
	CATALOG_P  shift 57
	CHAIN  shift 58
	CHAR_P  shift 362
	CHARACTER  shift 363
	CHARACTERISTICS  shift 59
	CHECKPOINT  shift 60
	CLASS  shift 61
	CLOSE  shift 62
	CLUSTER  shift 63
	COALESCE  shift 364
	COLUMNS  shift 64
	COMMENT  shift 65
	COMMENTS  shift 66
	COMMIT  shift 67
	COMMITTED  shift 68
	COMPRESSION  shift 69
	CONDITIONAL  shift 70
	CONFIGURATION  shift 71
	CONFLICT  shift 72
	CONNECTION  shift 73
	CONSTRAINTS  shift 74
	CONTENT_P  shift 75
	CONTINUE_P  shift 76
	CONVERSION_P  shift 77
	COPY  shift 78
	COST  shift 79
	CSV  shift 80
	CUBE  shift 81
	CURRENT_P  shift 82
	CURSOR  shift 83
	CYCLE  shift 84
	DATA_P  shift 85
	DATABASE  shift 86
	DAY_P  shift 87
	DEALLOCATE  shift 88
	DEC  shift 365
	DECIMAL_P  shift 366
	DECLARE  shift 89
	DEFAULTS  shift 90
	DEFERRED  shift 91
	DEFINER  shift 92
	DELETE_P  shift 93
	DELIMITER  shift 94
	DELIMITERS  shift 95
	DEPENDS  shift 96
	DEPTH  shift 97
	DETACH  shift 98
	DICTIONARY  shift 99
	DISABLE_P  shift 100
	DISCARD  shift 101
	DOCUMENT_P  shift 102
	DOMAIN_P  shift 103
	DOUBLE_P  shift 104
	DROP  shift 105
	EACH  shift 106
	EMPTY_P  shift 107
	ENABLE_P  shift 108
	ENCODING  shift 109
	ENCRYPTED  shift 110
	ENFORCED  shift 111
	ENUM_P  shift 112
	ERROR_P  shift 113
	ESCAPE  shift 114
	EVENT  shift 115
	EXCLUDE  shift 116
	EXCLUDING  shift 117
	EXCLUSIVE  shift 118
	EXECUTE  shift 119
	EXISTS  shift 367
	EXPLAIN  shift 120
	EXPRESSION  shift 121
	EXTENSION  shift 122
	EXTERNAL  shift 123
	EXTRACT  shift 368
	FAMILY  shift 124
	FILTER  shift 125
	FINALIZE  shift 126
	FIRST_P  shift 127
	FLOAT_P  shift 369
	FOLLOWING  shift 128
	FORCE  shift 129
	FORMAT  shift 130
	FORWARD  shift 131
	FUNCTION  shift 132
	FUNCTIONS  shift 133
	GENERATED  shift 134
	GLOBAL  shift 135
	GRANTED  shift 136
	GREATEST  shift 370
	GROUPING  shift 371
	GROUPS  shift 137
	HANDLER  shift 138
	HEADER_P  shift 139
	HOLD  shift 140
	HOUR_P  shift 141
	IDENTITY_P  shift 142
	IF_P  shift 143
	IMMEDIATE  shift 144
	IMMUTABLE  shift 145
	IMPLICIT_P  shift 146
	IMPORT_P  shift 147
	INCLUDE  shift 148
	INCLUDING  shift 149
	INCREMENT  shift 150
	INDENT  shift 151
	INDEX  shift 152
	INDEXES  shift 153
	INHERIT  shift 154
	INHERITS  shift 155
	INLINE_P  shift 156
	INOUT  shift 372
	INPUT_P  shift 157
	INSENSITIVE  shift 158
	INSERT  shift 159
	INSTEAD  shift 160
	INT_P  shift 373
	INTEGER  shift 374
	INTERVAL  shift 375
	INVOKER  shift 161
	ISOLATION  shift 162
	JSON  shift 376
	JSON_ARRAY  shift 377
	JSON_ARRAYAGG  shift 378
	JSON_EXISTS  shift 379
	JSON_OBJECT  shift 380
	JSON_OBJECTAGG  shift 381
	JSON_QUERY  shift 382
	JSON_SCALAR  shift 383
	JSON_SERIALIZE  shift 384
	JSON_TABLE  shift 385
	JSON_VALUE  shift 386
	KEEP  shift 163
	KEY  shift 164
	KEYS  shift 165
	LABEL  shift 166
	LANGUAGE  shift 167
	LARGE_P  shift 168
	LAST_P  shift 169
	LEAKPROOF  shift 170
	LEAST  shift 387
	LEVEL  shift 171
	LISTEN  shift 172
	LOAD  shift 173
	LOCAL  shift 174
	LOCATION  shift 175
	LOCK_P  shift 176
	LOCKED  shift 177
	LOGGED  shift 178
	MAPPING  shift 179
	MATCH  shift 180
	MATCHED  shift 181
	MATERIALIZED  shift 182
	MAXVALUE  shift 183
	MERGE  shift 184
	MERGE_ACTION  shift 388
	METHOD  shift 185
	MINUTE_P  shift 186
	MINVALUE  shift 187
	MODE  shift 188
	MONTH_P  shift 189
	MOVE  shift 190
	NAME_P  shift 191
	NAMES  shift 192
	NATIONAL  shift 389
	NCHAR  shift 390
	NESTED  shift 193
	NEW  shift 194
	NEXT  shift 195
	NFC  shift 196
	NFD  shift 197
	NFKC  shift 198
	NFKD  shift 199
	NO  shift 200
	NONE  shift 391
	NORMALIZE  shift 392
	NORMALIZED  shift 201
	NOTHING  shift 202
	NOTIFY  shift 203
	NOWAIT  shift 204
	NULLIF  shift 393
	NULLS_P  shift 205
	NUMERIC  shift 394
	OBJECT_P  shift 206
	OBJECTS_P  shift 207
	OF  shift 208
	OFF  shift 209
	OIDS  shift 210
	OLD  shift 211
	OMIT  shift 212
	OPERATOR  shift 213
	OPTION  shift 214
	OPTIONS  shift 215
	ORDINALITY  shift 216
	OTHERS  shift 217
	OUT_P  shift 395
	OVER  shift 218
	OVERLAY  shift 396
	OVERRIDING  shift 219
	OWNED  shift 220
	OWNER  shift 221
	PARALLEL  shift 222
	PARAMETER  shift 223
	PARSER  shift 224
	PARTIAL  shift 225
	PARTITION  shift 226
	PASSING  shift 227
	PASSWORD  shift 228
	PATH  shift 229
	PERIOD  shift 230
	PLAN  shift 231
	PLANS  shift 232
	POLICY  shift 233
	POSITION  shift 397
	PRECEDING  shift 234
	PRECISION  shift 398
	PREPARE  shift 235
	PREPARED  shift 236
	PRESERVE  shift 237
	PRIOR  shift 238
	PRIVILEGES  shift 239
	PROCEDURAL  shift 240
	PROCEDURE  shift 241
	PROCEDURES  shift 242
	PROGRAM  shift 243
	PUBLICATION  shift 244
	QUOTE  shift 245
	QUOTES  shift 246
	RANGE  shift 247
	READ  shift 248
	REAL  shift 399
	REASSIGN  shift 249
	RECURSIVE  shift 250
	REF_P  shift 251
	REFERENCING  shift 252
	REFRESH  shift 253
	REINDEX  shift 254
	RELATIVE_P  shift 255
	RELEASE  shift 256
	RENAME  shift 257
	REPEATABLE  shift 258
	REPLACE  shift 259
	REPLICA  shift 260
	RESET  shift 261
	RESTART  shift 262
	RESTRICT  shift 263
	RETURN  shift 264
	RETURNS  shift 265
	REVOKE  shift 266
	ROLE  shift 267
	ROLLBACK  shift 268
	ROLLUP  shift 269
	ROUTINE  shift 270
	ROUTINES  shift 271
	ROW  shift 400
	ROWS  shift 272
	RULE  shift 273
	SAVEPOINT  shift 274
	SCALAR  shift 275
	SCHEMA  shift 276
	SCHEMAS  shift 277
	SCROLL  shift 278
	SEARCH  shift 279
	SECOND_P  shift 280
	SECURITY  shift 281
	SEQUENCE  shift 282
	SEQUENCES  shift 283
	SERIALIZABLE  shift 284
	SERVER  shift 285
	SESSION  shift 286
	SET  shift 287
	SETOF  shift 401
	SETS  shift 288
	SHARE  shift 289
	SHOW  shift 290
	SIMPLE  shift 291
	SKIP  shift 292
	SMALLINT  shift 402
	SNAPSHOT  shift 293
	SOURCE  shift 294
	SQL_P  shift 295
	STABLE  shift 296
	STANDALONE_P  shift 297
	START  shift 298
	STATEMENT  shift 299
	STATISTICS  shift 300
	STDIN  shift 301
	STDOUT  shift 302
	STORAGE  shift 303
	STORED  shift 304
	STRICT_P  shift 305
	STRING_P  shift 306
	STRIP_P  shift 307
	SUBSCRIPTION  shift 308
	SUBSTRING  shift 403
	SUPPORT  shift 309
	SYSID  shift 310
	SYSTEM_P  shift 311
	TABLES  shift 312
	TABLESPACE  shift 313
	TARGET  shift 314
	TEMP  shift 315
	TEMPLATE  shift 316
	TEMPORARY  shift 317
	TEXT_P  shift 318
	TIES  shift 319
	TIME  shift 404
	TIMESTAMP  shift 405
	TRANSACTION  shift 320
	TRANSFORM  shift 321
	TREAT  shift 406
	TRIGGER  shift 322
	TRIM  shift 407
	TRUNCATE  shift 323
	TRUSTED  shift 324
	TYPE_P  shift 325
	TYPES_P  shift 326
	UESCAPE  shift 327
	UNBOUNDED  shift 328
	UNCOMMITTED  shift 329
	UNCONDITIONAL  shift 330
	UNENCRYPTED  shift 331
	UNKNOWN  shift 332
	UNLISTEN  shift 333
	UNLOGGED  shift 334
	UNTIL  shift 335
	UPDATE  shift 336
	VACUUM  shift 337
	VALID  shift 338
	VALIDATE  shift 339
	VALIDATOR  shift 340
	VALUE_P  shift 341
	VALUES  shift 408
	VARCHAR  shift 409
	VARYING  shift 342
	VERSION_P  shift 343
	VIEW  shift 344
	VIEWS  shift 345
	VIRTUAL  shift 346
	VOLATILE  shift 347
	WHITESPACE_P  shift 348
	WITHIN  shift 349
	WITHOUT  shift 350
	WORK  shift 351
	WRAPPER  shift 352
	WRITE  shift 353
	XML_P  shift 354
	XMLATTRIBUTES  shift 410
	XMLCONCAT  shift 411
	XMLELEMENT  shift 412
	XMLEXISTS  shift 413
	XMLFOREST  shift 414
	XMLNAMESPACES  shift 415
	XMLPARSE  shift 416
	XMLPI  shift 417
	XMLROOT  shift 418
	XMLSERIALIZE  shift 419
	XMLTABLE  shift 420
	YEAR_P  shift 355
	YES_P  shift 356
	ZONE  shift 357
	IDENT  shift 25
	.  error

	unreserved_keyword  goto 26
	col_name_keyword  goto 27
	col_alias_list  goto 1171
	ColId  goto 541

state 1157
	col_alias_list:  col_alias_list.',' ColId 
	opt_derived_alias:  IDENT '(' col_alias_list.')' 

	')'  shift 1172
	','  shift 1019
	.  error


state 1158
	col_alias_list:  col_alias_list.',' ColId 
	opt_derived_alias:  ColId '(' col_alias_list.')' 

	')'  shift 1173
	','  shift 1019
	.  error


state 1159
	func_table_expr:  qualified_name '(' opt_func_arg_list ')'.    (113)
	func_table_expr:  qualified_name '(' opt_func_arg_list ')'.WITH_LA ORDINALITY 

	WITH_LA  shift 1174
	.  reduce 113 (src line 984)


state 1160
	func_arg_list:  func_arg_list ','.a_expr 

	ABORT_P  shift 28
	ABSENT  shift 29
	ABSOLUTE_P  shift 30
	ACCESS  shift 31
	ACTION  shift 32
	ADD_P  shift 33
	ADMIN  shift 34
	AFTER  shift 35
	AGGREGATE  shift 36
	ALSO  shift 37
	ALTER  shift 38
	ALWAYS  shift 39
	ASENSITIVE  shift 40
	ASSERTION  shift 41
	ASSIGNMENT  shift 42
	AT  shift 43
	ATOMIC  shift 44
	ATTACH  shift 45
	ATTRIBUTE  shift 46
	BACKWARD  shift 47
	BEFORE  shift 48
	BEGIN_P  shift 49
	BETWEEN  shift 358
	BIGINT  shift 359
	BIT  shift 360
	BOOLEAN_P  shift 361
	BREADTH  shift 50
	BY  shift 51
	CACHE  shift 52
	CALL  shift 53
	CALLED  shift 54
	CASCADE  shift 55
	CASCADED  shift 56
	CATALOG_P  shift 57
	CHAIN  shift 58
	CHAR_P  shift 362
	CHARACTER  shift 363
	CHARACTERISTICS  shift 59
	CHECKPOINT  shift 60
	CLASS  shift 61
	CLOSE  shift 62
	CLUSTER  shift 63
	COALESCE  shift 364
	COLUMNS  shift 64
	COMMENT  shift 65
	COMMENTS  shift 66
	COMMIT  shift 67
	COMMITTED  shift 68
	COMPRESSION  shift 69
	CONDITIONAL  shift 70
	CONFIGURATION  shift 71
	CONFLICT  shift 72
	CONNECTION  shift 73
	CONSTRAINTS  shift 74
	CONTENT_P  shift 75
	CONTINUE_P  shift 76
	CONVERSION_P  shift 77
	COPY  shift 78
	COST  shift 79
	CSV  shift 80
	CUBE  shift 81
	CURRENT_P  shift 82
	CURSOR  shift 83
	CYCLE  shift 84
	DATA_P  shift 85
	DATABASE  shift 86
	DAY_P  shift 87
	DEALLOCATE  shift 88
	DEC  shift 365
	DECIMAL_P  shift 366
	DECLARE  shift 89
	DEFAULTS  shift 90
	DEFERRED  shift 91
	DEFINER  shift 92
	DELETE_P  shift 93
	DELIMITER  shift 94
	DELIMITERS  shift 95
	DEPENDS  shift 96
	DEPTH  shift 97
	DETACH  shift 98
	DICTIONARY  shift 99
	DISABLE_P  shift 100
	DISCARD  shift 101
	DOCUMENT_P  shift 102
	DOMAIN_P  shift 103
	DOUBLE_P  shift 104
	DROP  shift 105
	EACH  shift 106
	EMPTY_P  shift 107
	ENABLE_P  shift 108
	ENCODING  shift 109
	ENCRYPTED  shift 110
	ENFORCED  shift 111
	ENUM_P  shift 112
	ERROR_P  shift 113
	ESCAPE  shift 114
	EVENT  shift 115
	EXCLUDE  shift 116
	EXCLUDING  shift 117
	EXCLUSIVE  shift 118
	EXECUTE  shift 119
	EXISTS  shift 367
	EXPLAIN  shift 120
	EXPRESSION  shift 121
	EXTENSION  shift 122
	EXTERNAL  shift 123
	EXTRACT  shift 368
	FALSE_P  shift 451
	FAMILY  shift 124
	FILTER  shift 125
	FINALIZE  shift 126
	FIRST_P  shift 127
	FLOAT_P  shift 369
	FOLLOWING  shift 128
	FORCE  shift 129
	FORMAT  shift 130
	FORWARD  shift 131
	FUNCTION  shift 132
	FUNCTIONS  shift 133
	GENERATED  shift 134
	GLOBAL  shift 135
	GRANTED  shift 136
	GREATEST  shift 370
	GROUPING  shift 371
	GROUPS  shift 137
	HANDLER  shift 138
	HEADER_P  shift 139
	HOLD  shift 140
	HOUR_P  shift 141
	IDENTITY_P  shift 142
	IF_P  shift 143
	IMMEDIATE  shift 144
	IMMUTABLE  shift 145
	IMPLICIT_P  shift 146
	IMPORT_P  shift 147
	INCLUDE  shift 148
	INCLUDING  shift 149
	INCREMENT  shift 150
	INDENT  shift 151
	INDEX  shift 152
	INDEXES  shift 153
	INHERIT  shift 154
	INHERITS  shift 155
	INLINE_P  shift 156
	INOUT  shift 372
	INPUT_P  shift 157
	INSENSITIVE  shift 158
	INSERT  shift 159
	INSTEAD  shift 160
	INT_P  shift 373
	INTEGER  shift 374
	INTERVAL  shift 375
	INVOKER  shift 161
	ISOLATION  shift 162
	JSON  shift 376
	JSON_ARRAY  shift 377
	JSON_ARRAYAGG  shift 378
	JSON_EXISTS  shift 379
	JSON_OBJECT  shift 380
	JSON_OBJECTAGG  shift 381
	JSON_QUERY  shift 382
	JSON_SCALAR  shift 383
	JSON_SERIALIZE  shift 384
	JSON_TABLE  shift 385
	JSON_VALUE  shift 386
	KEEP  shift 163
	KEY  shift 164
	KEYS  shift 165
	LABEL  shift 166
	LANGUAGE  shift 167
	LARGE_P  shift 168
	LAST_P  shift 169
	LEAKPROOF  shift 170
	LEAST  shift 387
	LEVEL  shift 171
	LISTEN  shift 172
	LOAD  shift 173
	LOCAL  shift 174
	LOCATION  shift 175
	LOCK_P  shift 176
	LOCKED  shift 177
	LOGGED  shift 178
	MAPPING  shift 179
	MATCH  shift 180
	MATCHED  shift 181
	MATERIALIZED  shift 182
	MAXVALUE  shift 183
	MERGE  shift 184
	MERGE_ACTION  shift 388
	METHOD  shift 185
	MINUTE_P  shift 186
	MINVALUE  shift 187
	MODE  shift 188
	MONTH_P  shift 189
	MOVE  shift 190
	NAME_P  shift 191
	NAMES  shift 192
	NATIONAL  shift 389
	NCHAR  shift 390
	NESTED  shift 193
	NEW  shift 194
	NEXT  shift 195
	NFC  shift 196
	NFD  shift 197
	NFKC  shift 198
	NFKD  shift 199
	NO  shift 200
	NONE  shift 391
	NORMALIZE  shift 392
	NORMALIZED  shift 201
	NOT  shift 443
	NOTHING  shift 202
	NOTIFY  shift 203
	NOWAIT  shift 204
	NULL_P  shift 452
	NULLIF  shift 393
	NULLS_P  shift 205
	NUMERIC  shift 394
	OBJECT_P  shift 206
	OBJECTS_P  shift 207
	OF  shift 208
	OFF  shift 209
	OIDS  shift 210
	OLD  shift 211
	OMIT  shift 212
	OPERATOR  shift 213
	OPTION  shift 214
	OPTIONS  shift 215
	ORDINALITY  shift 216
	OTHERS  shift 217
	OUT_P  shift 395
	OVER  shift 218
	OVERLAY  shift 396
	OVERRIDING  shift 219
	OWNED  shift 220
	OWNER  shift 221
	PARALLEL  shift 222
	PARAMETER  shift 223
	PARSER  shift 224
	PARTIAL  shift 225
	PARTITION  shift 226
	PASSING  shift 227
	PASSWORD  shift 228
	PATH  shift 229
	PERIOD  shift 230
	PLAN  shift 231
	PLANS  shift 232
	POLICY  shift 233
	POSITION  shift 397
	PRECEDING  shift 234
	PRECISION  shift 398
	PREPARE  shift 235
	PREPARED  shift 236
	PRESERVE  shift 237
	PRIOR  shift 238
	PRIVILEGES  shift 239
	PROCEDURAL  shift 240
	PROCEDURE  shift 241
	PROCEDURES  shift 242
	PROGRAM  shift 243
	PUBLICATION  shift 244
	QUOTE  shift 245
	QUOTES  shift 246
	RANGE  shift 247
	READ  shift 248
	REAL  shift 399
	REASSIGN  shift 249
	RECURSIVE  shift 250
	REF_P  shift 251
	REFERENCING  shift 252
	REFRESH  shift 253
	REINDEX  shift 254
	RELATIVE_P  shift 255
	RELEASE  shift 256
	RENAME  shift 257
	REPEATABLE  shift 258
	REPLACE  shift 259
	REPLICA  shift 260
	RESET  shift 261
	RESTART  shift 262
	RESTRICT  shift 263
	RETURN  shift 264
	RETURNS  shift 265
	REVOKE  shift 266
	ROLE  shift 267
	ROLLBACK  shift 268
	ROLLUP  shift 269
	ROUTINE  shift 270
	ROUTINES  shift 271
	ROW  shift 400
	ROWS  shift 272
	RULE  shift 273
	SAVEPOINT  shift 274
	SCALAR  shift 275
	SCHEMA  shift 276
	SCHEMAS  shift 277
	SCROLL  shift 278
	SEARCH  shift 279
	SECOND_P  shift 280
	SECURITY  shift 281
	SEQUENCE  shift 282
	SEQUENCES  shift 283
	SERIALIZABLE  shift 284
	SERVER  shift 285
	SESSION  shift 286
	SET  shift 287
	SETOF  shift 401
	SETS  shift 288
	SHARE  shift 289
	SHOW  shift 290
	SIMPLE  shift 291
	SKIP  shift 292
	SMALLINT  shift 402
	SNAPSHOT  shift 293
	SOURCE  shift 294
	SQL_P  shift 295
	STABLE  shift 296
	STANDALONE_P  shift 297
	START  shift 298
	STATEMENT  shift 299
	STATISTICS  shift 300
	STDIN  shift 301
	STDOUT  shift 302
	STORAGE  shift 303
	STORED  shift 304
	STRICT_P  shift 305
	STRING_P  shift 306
	STRIP_P  shift 307
	SUBSCRIPTION  shift 308
	SUBSTRING  shift 403
	SUPPORT  shift 309
	SYSID  shift 310
	SYSTEM_P  shift 311
	TABLES  shift 312
	TABLESPACE  shift 313
	TARGET  shift 314
	TEMP  shift 315
	TEMPLATE  shift 316
	TEMPORARY  shift 317
	TEXT_P  shift 318
	TIES  shift 319
	TIME  shift 404
	TIMESTAMP  shift 405
	TRANSACTION  shift 320
	TRANSFORM  shift 321
	TREAT  shift 406
	TRIGGER  shift 322
	TRIM  shift 407
	TRUE_P  shift 450
	TRUNCATE  shift 323
	TRUSTED  shift 324
	TYPE_P  shift 325
	TYPES_P  shift 326
	UESCAPE  shift 327
	UNBOUNDED  shift 328
	UNCOMMITTED  shift 329
	UNCONDITIONAL  shift 330
	UNENCRYPTED  shift 331
	UNKNOWN  shift 332
	UNLISTEN  shift 333
	UNLOGGED  shift 334
	UNTIL  shift 335
	UPDATE  shift 336
	VACUUM  shift 337
	VALID  shift 338
	VALIDATE  shift 339
	VALIDATOR  shift 340
	VALUE_P  shift 341
	VALUES  shift 408
	VARCHAR  shift 409
	VARYING  shift 342
	VERSION_P  shift 343
	VIEW  shift 344
	VIEWS  shift 345
	VIRTUAL  shift 346
	VOLATILE  shift 347
	WHITESPACE_P  shift 348
	WITHIN  shift 349
	WITHOUT  shift 350
	WORK  shift 351
	WRAPPER  shift 352
	WRITE  shift 353
	XML_P  shift 354
	XMLATTRIBUTES  shift 410
	XMLCONCAT  shift 411
	XMLELEMENT  shift 412
	XMLEXISTS  shift 413
	XMLFOREST  shift 414
	XMLNAMESPACES  shift 415
	XMLPARSE  shift 416
	XMLPI  shift 417
	XMLROOT  shift 418
	XMLSERIALIZE  shift 419
	XMLTABLE  shift 420
	YEAR_P  shift 355
	YES_P  shift 356
	ZONE  shift 357
	IDENT  shift 25
	FCONST  shift 448
	SCONST  shift 449
	ICONST  shift 447
	PARAM  shift 453
	'+'  shift 445
	'-'  shift 444
	'('  shift 446
	.  error

	unreserved_keyword  goto 26
	col_name_keyword  goto 27
	qualified_name  goto 454
	a_expr  goto 1175
	c_expr  goto 442
	ColId  goto 24

state 1161
	func_table_expr:  ROWS FROM '(' row_from_list.')' opt_with_ordinality 
	row_from_list:  row_from_list.',' row_from_entry_one 

	')'  shift 1176
	','  shift 1177
	.  error


state 1162
	row_from_list:  row_from_entry_one.    (118)

	.  reduce 118 (src line 1010)


state 1163
	row_from_entry_one:  qualified_name.'(' opt_func_arg_list ')' 
	qualified_name:  qualified_name.'.' ColId 

	'('  shift 1178
	'.'  shift 456
	.  error


state 1164
	group_by_list:  group_by_list ','.group_by_item 

	ABORT_P  shift 28
	ABSENT  shift 29
	ABSOLUTE_P  shift 30
	ACCESS  shift 31
	ACTION  shift 32
	ADD_P  shift 33
	ADMIN  shift 34
	AFTER  shift 35
	AGGREGATE  shift 36
	ALSO  shift 37
	ALTER  shift 38
	ALWAYS  shift 39
	ASENSITIVE  shift 40
	ASSERTION  shift 41
	ASSIGNMENT  shift 42
	AT  shift 43
	ATOMIC  shift 44
	ATTACH  shift 45
	ATTRIBUTE  shift 46
	BACKWARD  shift 47
	BEFORE  shift 48
	BEGIN_P  shift 49
	BETWEEN  shift 358
	BIGINT  shift 359
	BIT  shift 360
	BOOLEAN_P  shift 361
	BREADTH  shift 50
	BY  shift 51
	CACHE  shift 52
	CALL  shift 53
	CALLED  shift 54
	CASCADE  shift 55
	CASCADED  shift 56
	CATALOG_P  shift 57
	CHAIN  shift 58
	CHAR_P  shift 362
	CHARACTER  shift 363
	CHARACTERISTICS  shift 59
	CHECKPOINT  shift 60
	CLASS  shift 61
	CLOSE  shift 62
	CLUSTER  shift 63
	COALESCE  shift 364
	COLUMNS  shift 64
	COMMENT  shift 65
	COMMENTS  shift 66
	COMMIT  shift 67
	COMMITTED  shift 68
	COMPRESSION  shift 69
	CONDITIONAL  shift 70
	CONFIGURATION  shift 71
	CONFLICT  shift 72
	CONNECTION  shift 73
	CONSTRAINTS  shift 74
	CONTENT_P  shift 75
	CONTINUE_P  shift 76
	CONVERSION_P  shift 77
	COPY  shift 78
	COST  shift 79
	CSV  shift 80
	CUBE  shift 81
	CURRENT_P  shift 82
	CURSOR  shift 83
	CYCLE  shift 84
	DATA_P  shift 85
	DATABASE  shift 86
	DAY_P  shift 87
	DEALLOCATE  shift 88
	DEC  shift 365
	DECIMAL_P  shift 366
	DECLARE  shift 89
	DEFAULTS  shift 90
	DEFERRED  shift 91
	DEFINER  shift 92
	DELETE_P  shift 93
	DELIMITER  shift 94
	DELIMITERS  shift 95
	DEPENDS  shift 96
	DEPTH  shift 97
	DETACH  shift 98
	DICTIONARY  shift 99
	DISABLE_P  shift 100
	DISCARD  shift 101
	DOCUMENT_P  shift 102
	DOMAIN_P  shift 103
	DOUBLE_P  shift 104
	DROP  shift 105
	EACH  shift 106
	EMPTY_P  shift 107
	ENABLE_P  shift 108
	ENCODING  shift 109
	ENCRYPTED  shift 110
	ENFORCED  shift 111
	ENUM_P  shift 112
	ERROR_P  shift 113
	ESCAPE  shift 114
	EVENT  shift 115
	EXCLUDE  shift 116
	EXCLUDING  shift 117
	EXCLUSIVE  shift 118
	EXECUTE  shift 119
	EXISTS  shift 367
	EXPLAIN  shift 120
	EXPRESSION  shift 121
	EXTENSION  shift 122
	EXTERNAL  shift 123
	EXTRACT  shift 368
	FALSE_P  shift 451
	FAMILY  shift 124
	FILTER  shift 125
	FINALIZE  shift 126
	FIRST_P  shift 127
	FLOAT_P  shift 369
	FOLLOWING  shift 128
	FORCE  shift 129
	FORMAT  shift 130
	FORWARD  shift 131
	FUNCTION  shift 132
	FUNCTIONS  shift 133
	GENERATED  shift 134
	GLOBAL  shift 135
	GRANTED  shift 136
	GREATEST  shift 370
	GROUPING  shift 371
	GROUPS  shift 137
	HANDLER  shift 138
	HEADER_P  shift 139
	HOLD  shift 140
	HOUR_P  shift 141
	IDENTITY_P  shift 142
	IF_P  shift 143
	IMMEDIATE  shift 144
	IMMUTABLE  shift 145
	IMPLICIT_P  shift 146
	IMPORT_P  shift 147
	INCLUDE  shift 148
	INCLUDING  shift 149
	INCREMENT  shift 150
	INDENT  shift 151
	INDEX  shift 152
	INDEXES  shift 153
	INHERIT  shift 154
	INHERITS  shift 155
	INLINE_P  shift 156
	INOUT  shift 372
	INPUT_P  shift 157
	INSENSITIVE  shift 158
	INSERT  shift 159
	INSTEAD  shift 160
	INT_P  shift 373
	INTEGER  shift 374
	INTERVAL  shift 375
	INVOKER  shift 161
	ISOLATION  shift 162
	JSON  shift 376
	JSON_ARRAY  shift 377
	JSON_ARRAYAGG  shift 378
	JSON_EXISTS  shift 379
	JSON_OBJECT  shift 380
	JSON_OBJECTAGG  shift 381
	JSON_QUERY  shift 382
	JSON_SCALAR  shift 383
	JSON_SERIALIZE  shift 384
	JSON_TABLE  shift 385
	JSON_VALUE  shift 386
	KEEP  shift 163
	KEY  shift 164
	KEYS  shift 165
	LABEL  shift 166
	LANGUAGE  shift 167
	LARGE_P  shift 168
	LAST_P  shift 169
	LEAKPROOF  shift 170
	LEAST  shift 387
	LEVEL  shift 171
	LISTEN  shift 172
	LOAD  shift 173
	LOCAL  shift 174
	LOCATION  shift 175
	LOCK_P  shift 176
	LOCKED  shift 177
	LOGGED  shift 178
	MAPPING  shift 179
	MATCH  shift 180
	MATCHED  shift 181
	MATERIALIZED  shift 182
	MAXVALUE  shift 183
	MERGE  shift 184
	MERGE_ACTION  shift 388
	METHOD  shift 185
	MINUTE_P  shift 186
	MINVALUE  shift 187
	MODE  shift 188
	MONTH_P  shift 189
	MOVE  shift 190
	NAME_P  shift 191
	NAMES  shift 192
	NATIONAL  shift 389
	NCHAR  shift 390
	NESTED  shift 193
	NEW  shift 194
	NEXT  shift 195
	NFC  shift 196
	NFD  shift 197
	NFKC  shift 198
	NFKD  shift 199
	NO  shift 200
	NONE  shift 391
	NORMALIZE  shift 392
	NORMALIZED  shift 201
	NOT  shift 443
	NOTHING  shift 202
	NOTIFY  shift 203
	NOWAIT  shift 204
	NULL_P  shift 452
	NULLIF  shift 393
	NULLS_P  shift 205
	NUMERIC  shift 394
	OBJECT_P  shift 206
	OBJECTS_P  shift 207
	OF  shift 208
	OFF  shift 209
	OIDS  shift 210
	OLD  shift 211
	OMIT  shift 212
	OPERATOR  shift 213
	OPTION  shift 214
	OPTIONS  shift 215
	ORDINALITY  shift 216
	OTHERS  shift 217
	OUT_P  shift 395
	OVER  shift 218
	OVERLAY  shift 396
	OVERRIDING  shift 219
	OWNED  shift 220
	OWNER  shift 221
	PARALLEL  shift 222
	PARAMETER  shift 223
	PARSER  shift 224
	PARTIAL  shift 225
	PARTITION  shift 226
	PASSING  shift 227
	PASSWORD  shift 228
	PATH  shift 229
	PERIOD  shift 230
	PLAN  shift 231
	PLANS  shift 232
	POLICY  shift 233
	POSITION  shift 397
	PRECEDING  shift 234
	PRECISION  shift 398
	PREPARE  shift 235
	PREPARED  shift 236
	PRESERVE  shift 237
	PRIOR  shift 238
	PRIVILEGES  shift 239
	PROCEDURAL  shift 240
	PROCEDURE  shift 241
	PROCEDURES  shift 242
	PROGRAM  shift 243
	PUBLICATION  shift 244
	QUOTE  shift 245
	QUOTES  shift 246
	RANGE  shift 247
	READ  shift 248
	REAL  shift 399
	REASSIGN  shift 249
	RECURSIVE  shift 250
	REF_P  shift 251
	REFERENCING  shift 252
	REFRESH  shift 253
	REINDEX  shift 254
	RELATIVE_P  shift 255
	RELEASE  shift 256
	RENAME  shift 257
	REPEATABLE  shift 258
	REPLACE  shift 259
	REPLICA  shift 260
	RESET  shift 261
	RESTART  shift 262
	RESTRICT  shift 263
	RETURN  shift 264
	RETURNS  shift 265
	REVOKE  shift 266
	ROLE  shift 267
	ROLLBACK  shift 268
	ROLLUP  shift 269
	ROUTINE  shift 270
	ROUTINES  shift 271
	ROW  shift 400
	ROWS  shift 272
	RULE  shift 273
	SAVEPOINT  shift 274
	SCALAR  shift 275
	SCHEMA  shift 276
	SCHEMAS  shift 277
	SCROLL  shift 278
	SEARCH  shift 279
	SECOND_P  shift 280
	SECURITY  shift 281
	SEQUENCE  shift 282
	SEQUENCES  shift 283
	SERIALIZABLE  shift 284
	SERVER  shift 285
	SESSION  shift 286
	SET  shift 287
	SETOF  shift 401
	SETS  shift 288
	SHARE  shift 289
	SHOW  shift 290
	SIMPLE  shift 291
	SKIP  shift 292
	SMALLINT  shift 402
	SNAPSHOT  shift 293
	SOURCE  shift 294
	SQL_P  shift 295
	STABLE  shift 296
	STANDALONE_P  shift 297
	START  shift 298
	STATEMENT  shift 299
	STATISTICS  shift 300
	STDIN  shift 301
	STDOUT  shift 302
	STORAGE  shift 303
	STORED  shift 304
	STRICT_P  shift 305
	STRING_P  shift 306
	STRIP_P  shift 307
	SUBSCRIPTION  shift 308
	SUBSTRING  shift 403
	SUPPORT  shift 309
	SYSID  shift 310
	SYSTEM_P  shift 311
	TABLES  shift 312
	TABLESPACE  shift 313
	TARGET  shift 314
	TEMP  shift 315
	TEMPLATE  shift 316
	TEMPORARY  shift 317
	TEXT_P  shift 318
	TIES  shift 319
	TIME  shift 404
	TIMESTAMP  shift 405
	TRANSACTION  shift 320
	TRANSFORM  shift 321
	TREAT  shift 406
	TRIGGER  shift 322
	TRIM  shift 407
	TRUE_P  shift 450
	TRUNCATE  shift 323
	TRUSTED  shift 324
	TYPE_P  shift 325
	TYPES_P  shift 326
	UESCAPE  shift 327
	UNBOUNDED  shift 328
	UNCOMMITTED  shift 329
	UNCONDITIONAL  shift 330
	UNENCRYPTED  shift 331
	UNKNOWN  shift 332
	UNLISTEN  shift 333
	UNLOGGED  shift 334
	UNTIL  shift 335
	UPDATE  shift 336
	VACUUM  shift 337
	VALID  shift 338
	VALIDATE  shift 339
	VALIDATOR  shift 340
	VALUE_P  shift 341
	VALUES  shift 408
	VARCHAR  shift 409
	VARYING  shift 342
	VERSION_P  shift 343
	VIEW  shift 344
	VIEWS  shift 345
	VIRTUAL  shift 346
	VOLATILE  shift 347
	WHITESPACE_P  shift 348
	WITHIN  shift 349
	WITHOUT  shift 350
	WORK  shift 351
	WRAPPER  shift 352
	WRITE  shift 353
	XML_P  shift 354
	XMLATTRIBUTES  shift 410
	XMLCONCAT  shift 411
	XMLELEMENT  shift 412
	XMLEXISTS  shift 413
	XMLFOREST  shift 414
	XMLNAMESPACES  shift 415
	XMLPARSE  shift 416
	XMLPI  shift 417
	XMLROOT  shift 418
	XMLSERIALIZE  shift 419
	XMLTABLE  shift 420
	YEAR_P  shift 355
	YES_P  shift 356
	ZONE  shift 357
	IDENT  shift 25
	FCONST  shift 448
	SCONST  shift 449
	ICONST  shift 447
	PARAM  shift 453
	'+'  shift 445
	'-'  shift 444
	'('  shift 446
	.  error

	unreserved_keyword  goto 26
	col_name_keyword  goto 27
	qualified_name  goto 454
	a_expr  goto 1139
	c_expr  goto 442
	group_by_item  goto 1179
	ColId  goto 24

state 1165
	join_qual_opt:  ON a_expr.    (99)
	a_expr:  a_expr.'+' a_expr 
	a_expr:  a_expr.'-' a_expr 
	a_expr:  a_expr.'*' a_expr 
	a_expr:  a_expr.'/' a_expr 
	a_expr:  a_expr.'%' a_expr 
	a_expr:  a_expr.'<' a_expr 
	a_expr:  a_expr.'>' a_expr 
	a_expr:  a_expr.'=' a_expr 
	a_expr:  a_expr.LESS_EQUALS a_expr 
	a_expr:  a_expr.GREATER_EQUALS a_expr 
	a_expr:  a_expr.NOT_EQUALS a_expr 
	a_expr:  a_expr.AND a_expr 
	a_expr:  a_expr.OR a_expr 

	AND  shift 490
	OR  shift 491
	LESS_EQUALS  shift 487
	GREATER_EQUALS  shift 488
	NOT_EQUALS  shift 489
	'<'  shift 484
	'>'  shift 485
	'='  shift 486
	'+'  shift 479
	'-'  shift 480
	'*'  shift 481
	'/'  shift 482
	'%'  shift 483
	.  reduce 99 (src line 837)


state 1166
	join_qual_opt:  USING '('.col_alias_list ')' 

	ABORT_P  shift 28
	ABSENT  shift 29
	ABSOLUTE_P  shift 30
	ACCESS  shift 31
	ACTION  shift 32
	ADD_P  shift 33
	ADMIN  shift 34
	AFTER  shift 35
	AGGREGATE  shift 36
	ALSO  shift 37
	ALTER  shift 38
	ALWAYS  shift 39
	ASENSITIVE  shift 40
	ASSERTION  shift 41
	ASSIGNMENT  shift 42
	AT  shift 43
	ATOMIC  shift 44
	ATTACH  shift 45
	ATTRIBUTE  shift 46
	BACKWARD  shift 47
	BEFORE  shift 48
	BEGIN_P  shift 49
	BETWEEN  shift 358
	BIGINT  shift 359
	BIT  shift 360
	BOOLEAN_P  shift 361
	BREADTH  shift 50
	BY  shift 51
	CACHE  shift 52
	CALL  shift 53
	CALLED  shift 54
	CASCADE  shift 55
	CASCADED  shift 56
	CATALOG_P  shift 57
	CHAIN  shift 58
	CHAR_P  shift 362
	CHARACTER  shift 363
	CHARACTERISTICS  shift 59
	CHECKPOINT  shift 60
	CLASS  shift 61
	CLOSE  shift 62
	CLUSTER  shift 63
	COALESCE  shift 364
	COLUMNS  shift 64
	COMMENT  shift 65
	COMMENTS  shift 66
	COMMIT  shift 67
	COMMITTED  shift 68
	COMPRESSION  shift 69
	CONDITIONAL  shift 70
	CONFIGURATION  shift 71
	CONFLICT  shift 72
	CONNECTION  shift 73
	CONSTRAINTS  shift 74
	CONTENT_P  shift 75
	CONTINUE_P  shift 76
	CONVERSION_P  shift 77
	COPY  shift 78
	COST  shift 79
	CSV  shift 80
	CUBE  shift 81
	CURRENT_P  shift 82
	CURSOR  shift 83
	CYCLE  shift 84
	DATA_P  shift 85
	DATABASE  shift 86
	DAY_P  shift 87
	DEALLOCATE  shift 88
	DEC  shift 365
	DECIMAL_P  shift 366
	DECLARE  shift 89
	DEFAULTS  shift 90
	DEFERRED  shift 91
	DEFINER  shift 92
	DELETE_P  shift 93
	DELIMITER  shift 94
	DELIMITERS  shift 95
	DEPENDS  shift 96
	DEPTH  shift 97
	DETACH  shift 98
	DICTIONARY  shift 99
	DISABLE_P  shift 100
	DISCARD  shift 101
	DOCUMENT_P  shift 102
	DOMAIN_P  shift 103
	DOUBLE_P  shift 104
	DROP  shift 105
	EACH  shift 106
	EMPTY_P  shift 107
	ENABLE_P  shift 108
	ENCODING  shift 109
	ENCRYPTED  shift 110
	ENFORCED  shift 111
	ENUM_P  shift 112
	ERROR_P  shift 113
	ESCAPE  shift 114
	EVENT  shift 115
	EXCLUDE  shift 116
	EXCLUDING  shift 117
	EXCLUSIVE  shift 118
	EXECUTE  shift 119
	EXISTS  shift 367
	EXPLAIN  shift 120
	EXPRESSION  shift 121
	EXTENSION  shift 122
	EXTERNAL  shift 123
	EXTRACT  shift 368
	FAMILY  shift 124
	FILTER  shift 125
	FINALIZE  shift 126
	FIRST_P  shift 127
	FLOAT_P  shift 369
	FOLLOWING  shift 128
	FORCE  shift 129
	FORMAT  shift 130
	FORWARD  shift 131
	FUNCTION  shift 132
	FUNCTIONS  shift 133
	GENERATED  shift 134
	GLOBAL  shift 135
	GRANTED  shift 136
	GREATEST  shift 370
	GROUPING  shift 371
	GROUPS  shift 137
	HANDLER  shift 138
	HEADER_P  shift 139
	HOLD  shift 140
	HOUR_P  shift 141
	IDENTITY_P  shift 142
	IF_P  shift 143
	IMMEDIATE  shift 144
	IMMUTABLE  shift 145
	IMPLICIT_P  shift 146
	IMPORT_P  shift 147
	INCLUDE  shift 148
	INCLUDING  shift 149
	INCREMENT  shift 150
	INDENT  shift 151
	INDEX  shift 152
	INDEXES  shift 153
	INHERIT  shift 154
	INHERITS  shift 155
	INLINE_P  shift 156
	INOUT  shift 372
	INPUT_P  shift 157
	INSENSITIVE  shift 158
	INSERT  shift 159
	INSTEAD  shift 160
	INT_P  shift 373
	INTEGER  shift 374
	INTERVAL  shift 375
	INVOKER  shift 161
	ISOLATION  shift 162
	JSON  shift 376
	JSON_ARRAY  shift 377
	JSON_ARRAYAGG  shift 378
	JSON_EXISTS  shift 379
	JSON_OBJECT  shift 380
	JSON_OBJECTAGG  shift 381
	JSON_QUERY  shift 382
	JSON_SCALAR  shift 383
	JSON_SERIALIZE  shift 384
	JSON_TABLE  shift 385
	JSON_VALUE  shift 386
	KEEP  shift 163
	KEY  shift 164
	KEYS  shift 165
	LABEL  shift 166
	LANGUAGE  shift 167
	LARGE_P  shift 168
	LAST_P  shift 169
	LEAKPROOF  shift 170
	LEAST  shift 387
	LEVEL  shift 171
	LISTEN  shift 172
	LOAD  shift 173
	LOCAL  shift 174
	LOCATION  shift 175
	LOCK_P  shift 176
	LOCKED  shift 177
	LOGGED  shift 178
	MAPPING  shift 179
	MATCH  shift 180
	MATCHED  shift 181
	MATERIALIZED  shift 182
	MAXVALUE  shift 183
	MERGE  shift 184
	MERGE_ACTION  shift 388
	METHOD  shift 185
	MINUTE_P  shift 186
	MINVALUE  shift 187
	MODE  shift 188
	MONTH_P  shift 189
	MOVE  shift 190
	NAME_P  shift 191
	NAMES  shift 192
	NATIONAL  shift 389
	NCHAR  shift 390
	NESTED  shift 193
	NEW  shift 194
	NEXT  shift 195
	NFC  shift 196
	NFD  shift 197
	NFKC  shift 198
	NFKD  shift 199
	NO  shift 200
	NONE  shift 391
	NORMALIZE  shift 392
	NORMALIZED  shift 201
	NOTHING  shift 202
	NOTIFY  shift 203
	NOWAIT  shift 204
	NULLIF  shift 393
	NULLS_P  shift 205
	NUMERIC  shift 394
	OBJECT_P  shift 206
	OBJECTS_P  shift 207
	OF  shift 208
	OFF  shift 209
	OIDS  shift 210
	OLD  shift 211
	OMIT  shift 212
	OPERATOR  shift 213
	OPTION  shift 214
	OPTIONS  shift 215
	ORDINALITY  shift 216
	OTHERS  shift 217
	OUT_P  shift 395
	OVER  shift 218
	OVERLAY  shift 396
	OVERRIDING  shift 219
	OWNED  shift 220
	OWNER  shift 221
	PARALLEL  shift 222
	PARAMETER  shift 223
	PARSER  shift 224
	PARTIAL  shift 225
	PARTITION  shift 226
	PASSING  shift 227
	PASSWORD  shift 228
	PATH  shift 229
	PERIOD  shift 230
	PLAN  shift 231
	PLANS  shift 232
	POLICY  shift 233
	POSITION  shift 397
	PRECEDING  shift 234
	PRECISION  shift 398
	PREPARE  shift 235
	PREPARED  shift 236
	PRESERVE  shift 237
	PRIOR  shift 238
	PRIVILEGES  shift 239
	PROCEDURAL  shift 240
	PROCEDURE  shift 241
	PROCEDURES  shift 242
	PROGRAM  shift 243
	PUBLICATION  shift 244
	QUOTE  shift 245
	QUOTES  shift 246
	RANGE  shift 247
	READ  shift 248
	REAL  shift 399
	REASSIGN  shift 249
	RECURSIVE  shift 250
	REF_P  shift 251
	REFERENCING  shift 252
	REFRESH  shift 253
	REINDEX  shift 254
	RELATIVE_P  shift 255
	RELEASE  shift 256
	RENAME  shift 257
	REPEATABLE  shift 258
	REPLACE  shift 259
	REPLICA  shift 260
	RESET  shift 261
	RESTART  shift 262
	RESTRICT  shift 263
	RETURN  shift 264
	RETURNS  shift 265
	REVOKE  shift 266
	ROLE  shift 267
	ROLLBACK  shift 268
	ROLLUP  shift 269
	ROUTINE  shift 270
	ROUTINES  shift 271
	ROW  shift 400
	ROWS  shift 272
	RULE  shift 273
	SAVEPOINT  shift 274
	SCALAR  shift 275
	SCHEMA  shift 276
	SCHEMAS  shift 277
	SCROLL  shift 278
	SEARCH  shift 279
	SECOND_P  shift 280
	SECURITY  shift 281
	SEQUENCE  shift 282
	SEQUENCES  shift 283
	SERIALIZABLE  shift 284
	SERVER  shift 285
	SESSION  shift 286
	SET  shift 287
	SETOF  shift 401
	SETS  shift 288
	SHARE  shift 289
	SHOW  shift 290
	SIMPLE  shift 291
	SKIP  shift 292
	SMALLINT  shift 402
	SNAPSHOT  shift 293
	SOURCE  shift 294
	SQL_P  shift 295
	STABLE  shift 296
	STANDALONE_P  shift 297
	START  shift 298
	STATEMENT  shift 299
	STATISTICS  shift 300
	STDIN  shift 301
	STDOUT  shift 302
	STORAGE  shift 303
	STORED  shift 304
	STRICT_P  shift 305
	STRING_P  shift 306
	STRIP_P  shift 307
	SUBSCRIPTION  shift 308
	SUBSTRING  shift 403
	SUPPORT  shift 309
	SYSID  shift 310
	SYSTEM_P  shift 311
	TABLES  shift 312
	TABLESPACE  shift 313
	TARGET  shift 314
	TEMP  shift 315
	TEMPLATE  shift 316
	TEMPORARY  shift 317
	TEXT_P  shift 318
	TIES  shift 319
	TIME  shift 404
	TIMESTAMP  shift 405
	TRANSACTION  shift 320
	TRANSFORM  shift 321
	TREAT  shift 406
	TRIGGER  shift 322
	TRIM  shift 407
	TRUNCATE  shift 323
	TRUSTED  shift 324
	TYPE_P  shift 325
	TYPES_P  shift 326
	UESCAPE  shift 327
	UNBOUNDED  shift 328
	UNCOMMITTED  shift 329
	UNCONDITIONAL  shift 330
	UNENCRYPTED  shift 331
	UNKNOWN  shift 332
	UNLISTEN  shift 333
	UNLOGGED  shift 334
	UNTIL  shift 335
	UPDATE  shift 336
	VACUUM  shift 337
	VALID  shift 338
	VALIDATE  shift 339
	VALIDATOR  shift 340
	VALUE_P  shift 341
	VALUES  shift 408
	VARCHAR  shift 409
	VARYING  shift 342
	VERSION_P  shift 343
	VIEW  shift 344
	VIEWS  shift 345
	VIRTUAL  shift 346
	VOLATILE  shift 347
	WHITESPACE_P  shift 348
	WITHIN  shift 349
	WITHOUT  shift 350
	WORK  shift 351
	WRAPPER  shift 352
	WRITE  shift 353
	XML_P  shift 354
	XMLATTRIBUTES  shift 410
	XMLCONCAT  shift 411
	XMLELEMENT  shift 412
	XMLEXISTS  shift 413
	XMLFOREST  shift 414
	XMLNAMESPACES  shift 415
	XMLPARSE  shift 416
	XMLPI  shift 417
	XMLROOT  shift 418
	XMLSERIALIZE  shift 419
	XMLTABLE  shift 420
	YEAR_P  shift 355
	YES_P  shift 356
	ZONE  shift 357
	IDENT  shift 25
	.  error

	unreserved_keyword  goto 26
	col_name_keyword  goto 27
	col_alias_list  goto 1180
	ColId  goto 541

state 1167
	join_outer:  NATURAL LEFT OUTER_P JOIN.    (91)

	.  reduce 91 (src line 795)


state 1168
	join_outer:  NATURAL RIGHT OUTER_P JOIN.    (93)

	.  reduce 93 (src line 805)


state 1169
	join_outer:  NATURAL FULL OUTER_P JOIN.    (95)

	.  reduce 95 (src line 815)


state 1170
	base_table_ref:  LATERAL_P '(' SelectStmt ')' opt_derived_alias.    (110)

	.  reduce 110 (src line 920)


state 1171
	col_alias_list:  col_alias_list.',' ColId 
	opt_derived_alias:  AS ColId '(' col_alias_list.')' 

	')'  shift 1181
	','  shift 1019
	.  error


state 1172
	opt_derived_alias:  IDENT '(' col_alias_list ')'.    (130)

	.  reduce 130 (src line 1066)


state 1173
	opt_derived_alias:  ColId '(' col_alias_list ')'.    (129)

	.  reduce 129 (src line 1062)


state 1174
	func_table_expr:  qualified_name '(' opt_func_arg_list ')' WITH_LA.ORDINALITY 

	ORDINALITY  shift 1182
	.  error


state 1175
	func_arg_list:  func_arg_list ',' a_expr.    (124)
	a_expr:  a_expr.'+' a_expr 
	a_expr:  a_expr.'-' a_expr 
	a_expr:  a_expr.'*' a_expr 
	a_expr:  a_expr.'/' a_expr 
	a_expr:  a_expr.'%' a_expr 
	a_expr:  a_expr.'<' a_expr 
	a_expr:  a_expr.'>' a_expr 
	a_expr:  a_expr.'=' a_expr 
	a_expr:  a_expr.LESS_EQUALS a_expr 
	a_expr:  a_expr.GREATER_EQUALS a_expr 
	a_expr:  a_expr.NOT_EQUALS a_expr 
	a_expr:  a_expr.AND a_expr 
	a_expr:  a_expr.OR a_expr 

	AND  shift 490
	OR  shift 491
	LESS_EQUALS  shift 487
	GREATER_EQUALS  shift 488
	NOT_EQUALS  shift 489
	'<'  shift 484
	'>'  shift 485
	'='  shift 486
	'+'  shift 479
	'-'  shift 480
	'*'  shift 481
	'/'  shift 482
	'%'  shift 483
	.  reduce 124 (src line 1035)


state 1176
	func_table_expr:  ROWS FROM '(' row_from_list ')'.opt_with_ordinality 
	opt_with_ordinality: .    (116)

	WITH_LA  shift 1184
	.  reduce 116 (src line 1006)

	opt_with_ordinality  goto 1183

state 1177
	row_from_list:  row_from_list ','.row_from_entry_one 

	ABORT_P  shift 28
	ABSENT  shift 29
	ABSOLUTE_P  shift 30
	ACCESS  shift 31
	ACTION  shift 32
	ADD_P  shift 33
	ADMIN  shift 34
	AFTER  shift 35
	AGGREGATE  shift 36
	ALSO  shift 37
	ALTER  shift 38
	ALWAYS  shift 39
	ASENSITIVE  shift 40
	ASSERTION  shift 41
	ASSIGNMENT  shift 42
	AT  shift 43
	ATOMIC  shift 44
	ATTACH  shift 45
	ATTRIBUTE  shift 46
	BACKWARD  shift 47
	BEFORE  shift 48
	BEGIN_P  shift 49
	BETWEEN  shift 358
	BIGINT  shift 359
	BIT  shift 360
	BOOLEAN_P  shift 361
	BREADTH  shift 50
	BY  shift 51
	CACHE  shift 52
	CALL  shift 53
	CALLED  shift 54
	CASCADE  shift 55
	CASCADED  shift 56
	CATALOG_P  shift 57
	CHAIN  shift 58
	CHAR_P  shift 362
	CHARACTER  shift 363
	CHARACTERISTICS  shift 59
	CHECKPOINT  shift 60
	CLASS  shift 61
	CLOSE  shift 62
	CLUSTER  shift 63
	COALESCE  shift 364
	COLUMNS  shift 64
	COMMENT  shift 65
	COMMENTS  shift 66
	COMMIT  shift 67
	COMMITTED  shift 68
	COMPRESSION  shift 69
	CONDITIONAL  shift 70
	CONFIGURATION  shift 71
	CONFLICT  shift 72
	CONNECTION  shift 73
	CONSTRAINTS  shift 74
	CONTENT_P  shift 75
	CONTINUE_P  shift 76
	CONVERSION_P  shift 77
	COPY  shift 78
	COST  shift 79
	CSV  shift 80
	CUBE  shift 81
	CURRENT_P  shift 82
	CURSOR  shift 83
	CYCLE  shift 84
	DATA_P  shift 85
	DATABASE  shift 86
	DAY_P  shift 87
	DEALLOCATE  shift 88
	DEC  shift 365
	DECIMAL_P  shift 366
	DECLARE  shift 89
	DEFAULTS  shift 90
	DEFERRED  shift 91
	DEFINER  shift 92
	DELETE_P  shift 93
	DELIMITER  shift 94
	DELIMITERS  shift 95
	DEPENDS  shift 96
	DEPTH  shift 97
	DETACH  shift 98
	DICTIONARY  shift 99
	DISABLE_P  shift 100
	DISCARD  shift 101
	DOCUMENT_P  shift 102
	DOMAIN_P  shift 103
	DOUBLE_P  shift 104
	DROP  shift 105
	EACH  shift 106
	EMPTY_P  shift 107
	ENABLE_P  shift 108
	ENCODING  shift 109
	ENCRYPTED  shift 110
	ENFORCED  shift 111
	ENUM_P  shift 112
	ERROR_P  shift 113
	ESCAPE  shift 114
	EVENT  shift 115
	EXCLUDE  shift 116
	EXCLUDING  shift 117
	EXCLUSIVE  shift 118
	EXECUTE  shift 119
	EXISTS  shift 367
	EXPLAIN  shift 120
	EXPRESSION  shift 121
	EXTENSION  shift 122
	EXTERNAL  shift 123
	EXTRACT  shift 368
	FAMILY  shift 124
	FILTER  shift 125
	FINALIZE  shift 126
	FIRST_P  shift 127
	FLOAT_P  shift 369
	FOLLOWING  shift 128
	FORCE  shift 129
	FORMAT  shift 130
	FORWARD  shift 131
	FUNCTION  shift 132
	FUNCTIONS  shift 133
	GENERATED  shift 134
	GLOBAL  shift 135
	GRANTED  shift 136
	GREATEST  shift 370
	GROUPING  shift 371
	GROUPS  shift 137
	HANDLER  shift 138
	HEADER_P  shift 139
	HOLD  shift 140
	HOUR_P  shift 141
	IDENTITY_P  shift 142
	IF_P  shift 143
	IMMEDIATE  shift 144
	IMMUTABLE  shift 145
	IMPLICIT_P  shift 146
	IMPORT_P  shift 147
	INCLUDE  shift 148
	INCLUDING  shift 149
	INCREMENT  shift 150
	INDENT  shift 151
	INDEX  shift 152
	INDEXES  shift 153
	INHERIT  shift 154
	INHERITS  shift 155
	INLINE_P  shift 156
	INOUT  shift 372
	INPUT_P  shift 157
	INSENSITIVE  shift 158
	INSERT  shift 159
	INSTEAD  shift 160
	INT_P  shift 373
	INTEGER  shift 374
	INTERVAL  shift 375
	INVOKER  shift 161
	ISOLATION  shift 162
	JSON  shift 376
	JSON_ARRAY  shift 377
	JSON_ARRAYAGG  shift 378
	JSON_EXISTS  shift 379
	JSON_OBJECT  shift 380
	JSON_OBJECTAGG  shift 381
	JSON_QUERY  shift 382
	JSON_SCALAR  shift 383
	JSON_SERIALIZE  shift 384
	JSON_TABLE  shift 385
	JSON_VALUE  shift 386
	KEEP  shift 163
	KEY  shift 164
	KEYS  shift 165
	LABEL  shift 166
	LANGUAGE  shift 167
	LARGE_P  shift 168
	LAST_P  shift 169
	LEAKPROOF  shift 170
	LEAST  shift 387
	LEVEL  shift 171
	LISTEN  shift 172
	LOAD  shift 173
	LOCAL  shift 174
	LOCATION  shift 175
	LOCK_P  shift 176
	LOCKED  shift 177
	LOGGED  shift 178
	MAPPING  shift 179
	MATCH  shift 180
	MATCHED  shift 181
	MATERIALIZED  shift 182
	MAXVALUE  shift 183
	MERGE  shift 184
	MERGE_ACTION  shift 388
	METHOD  shift 185
	MINUTE_P  shift 186
	MINVALUE  shift 187
	MODE  shift 188
	MONTH_P  shift 189
	MOVE  shift 190
	NAME_P  shift 191
	NAMES  shift 192
	NATIONAL  shift 389
	NCHAR  shift 390
	NESTED  shift 193
	NEW  shift 194
	NEXT  shift 195
	NFC  shift 196
	NFD  shift 197
	NFKC  shift 198
	NFKD  shift 199
	NO  shift 200
	NONE  shift 391
	NORMALIZE  shift 392
	NORMALIZED  shift 201
	NOTHING  shift 202
	NOTIFY  shift 203
	NOWAIT  shift 204
	NULLIF  shift 393
	NULLS_P  shift 205
	NUMERIC  shift 394
	OBJECT_P  shift 206
	OBJECTS_P  shift 207
	OF  shift 208
	OFF  shift 209
	OIDS  shift 210
	OLD  shift 211
	OMIT  shift 212
	OPERATOR  shift 213
	OPTION  shift 214
	OPTIONS  shift 215
	ORDINALITY  shift 216
	OTHERS  shift 217
	OUT_P  shift 395
	OVER  shift 218
	OVERLAY  shift 396
	OVERRIDING  shift 219
	OWNED  shift 220
	OWNER  shift 221
	PARALLEL  shift 222
	PARAMETER  shift 223
	PARSER  shift 224
	PARTIAL  shift 225
	PARTITION  shift 226
	PASSING  shift 227
	PASSWORD  shift 228
	PATH  shift 229
	PERIOD  shift 230
	PLAN  shift 231
	PLANS  shift 232
	POLICY  shift 233
	POSITION  shift 397
	PRECEDING  shift 234
	PRECISION  shift 398
	PREPARE  shift 235
	PREPARED  shift 236
	PRESERVE  shift 237
	PRIOR  shift 238
	PRIVILEGES  shift 239
	PROCEDURAL  shift 240
	PROCEDURE  shift 241
	PROCEDURES  shift 242
	PROGRAM  shift 243
	PUBLICATION  shift 244
	QUOTE  shift 245
	QUOTES  shift 246
	RANGE  shift 247
	READ  shift 248
	REAL  shift 399
	REASSIGN  shift 249
	RECURSIVE  shift 250
	REF_P  shift 251
	REFERENCING  shift 252
	REFRESH  shift 253
	REINDEX  shift 254
	RELATIVE_P  shift 255
	RELEASE  shift 256
	RENAME  shift 257
	REPEATABLE  shift 258
	REPLACE  shift 259
	REPLICA  shift 260
	RESET  shift 261
	RESTART  shift 262
	RESTRICT  shift 263
	RETURN  shift 264
	RETURNS  shift 265
	REVOKE  shift 266
	ROLE  shift 267
	ROLLBACK  shift 268
	ROLLUP  shift 269
	ROUTINE  shift 270
	ROUTINES  shift 271
	ROW  shift 400
	ROWS  shift 272
	RULE  shift 273
	SAVEPOINT  shift 274
	SCALAR  shift 275
	SCHEMA  shift 276
	SCHEMAS  shift 277
	SCROLL  shift 278
	SEARCH  shift 279
	SECOND_P  shift 280
	SECURITY  shift 281
	SEQUENCE  shift 282
	SEQUENCES  shift 283
	SERIALIZABLE  shift 284
	SERVER  shift 285
	SESSION  shift 286
	SET  shift 287
	SETOF  shift 401
	SETS  shift 288
	SHARE  shift 289
	SHOW  shift 290
	SIMPLE  shift 291
	SKIP  shift 292
	SMALLINT  shift 402
	SNAPSHOT  shift 293
	SOURCE  shift 294
	SQL_P  shift 295
	STABLE  shift 296
	STANDALONE_P  shift 297
	START  shift 298
	STATEMENT  shift 299
	STATISTICS  shift 300
	STDIN  shift 301
	STDOUT  shift 302
	STORAGE  shift 303
	STORED  shift 304
	STRICT_P  shift 305
	STRING_P  shift 306
	STRIP_P  shift 307
	SUBSCRIPTION  shift 308
	SUBSTRING  shift 403
	SUPPORT  shift 309
	SYSID  shift 310
	SYSTEM_P  shift 311
	TABLES  shift 312
	TABLESPACE  shift 313
	TARGET  shift 314
	TEMP  shift 315
	TEMPLATE  shift 316
	TEMPORARY  shift 317
	TEXT_P  shift 318
	TIES  shift 319
	TIME  shift 404
	TIMESTAMP  shift 405
	TRANSACTION  shift 320
	TRANSFORM  shift 321
	TREAT  shift 406
	TRIGGER  shift 322
	TRIM  shift 407
	TRUNCATE  shift 323
	TRUSTED  shift 324
	TYPE_P  shift 325
	TYPES_P  shift 326
	UESCAPE  shift 327
	UNBOUNDED  shift 328
	UNCOMMITTED  shift 329
	UNCONDITIONAL  shift 330
	UNENCRYPTED  shift 331
	UNKNOWN  shift 332
	UNLISTEN  shift 333
	UNLOGGED  shift 334
	UNTIL  shift 335
	UPDATE  shift 336
	VACUUM  shift 337
	VALID  shift 338
	VALIDATE  shift 339
	VALIDATOR  shift 340
	VALUE_P  shift 341
	VALUES  shift 408
	VARCHAR  shift 409
	VARYING  shift 342
	VERSION_P  shift 343
	VIEW  shift 344
	VIEWS  shift 345
	VIRTUAL  shift 346
	VOLATILE  shift 347
	WHITESPACE_P  shift 348
	WITHIN  shift 349
	WITHOUT  shift 350
	WORK  shift 351
	WRAPPER  shift 352
	WRITE  shift 353
	XML_P  shift 354
	XMLATTRIBUTES  shift 410
	XMLCONCAT  shift 411
	XMLELEMENT  shift 412
	XMLEXISTS  shift 413
	XMLFOREST  shift 414
	XMLNAMESPACES  shift 415
	XMLPARSE  shift 416
	XMLPI  shift 417
	XMLROOT  shift 418
	XMLSERIALIZE  shift 419
	XMLTABLE  shift 420
	YEAR_P  shift 355
	YES_P  shift 356
	ZONE  shift 357
	IDENT  shift 25
	.  error

	unreserved_keyword  goto 26
	col_name_keyword  goto 27
	row_from_entry_one  goto 1185
	qualified_name  goto 1163
	ColId  goto 24

state 1178
	row_from_entry_one:  qualified_name '('.opt_func_arg_list ')' 
	opt_func_arg_list: .    (121)

	ABORT_P  shift 28
	ABSENT  shift 29
	ABSOLUTE_P  shift 30
	ACCESS  shift 31
	ACTION  shift 32
	ADD_P  shift 33
	ADMIN  shift 34
	AFTER  shift 35
	AGGREGATE  shift 36
	ALSO  shift 37
	ALTER  shift 38
	ALWAYS  shift 39
	ASENSITIVE  shift 40
	ASSERTION  shift 41
	ASSIGNMENT  shift 42
	AT  shift 43
	ATOMIC  shift 44
	ATTACH  shift 45
	ATTRIBUTE  shift 46
	BACKWARD  shift 47
	BEFORE  shift 48
	BEGIN_P  shift 49
	BETWEEN  shift 358
	BIGINT  shift 359
	BIT  shift 360
	BOOLEAN_P  shift 361
	BREADTH  shift 50
	BY  shift 51
	CACHE  shift 52
	CALL  shift 53
	CALLED  shift 54
	CASCADE  shift 55
	CASCADED  shift 56
	CATALOG_P  shift 57
	CHAIN  shift 58
	CHAR_P  shift 362
	CHARACTER  shift 363
	CHARACTERISTICS  shift 59
	CHECKPOINT  shift 60
	CLASS  shift 61
	CLOSE  shift 62
	CLUSTER  shift 63
	COALESCE  shift 364
	COLUMNS  shift 64
	COMMENT  shift 65
	COMMENTS  shift 66
	COMMIT  shift 67
	COMMITTED  shift 68
	COMPRESSION  shift 69
	CONDITIONAL  shift 70
	CONFIGURATION  shift 71
	CONFLICT  shift 72
	CONNECTION  shift 73
	CONSTRAINTS  shift 74
	CONTENT_P  shift 75
	CONTINUE_P  shift 76
	CONVERSION_P  shift 77
	COPY  shift 78
	COST  shift 79
	CSV  shift 80
	CUBE  shift 81
	CURRENT_P  shift 82
	CURSOR  shift 83
	CYCLE  shift 84
	DATA_P  shift 85
	DATABASE  shift 86
	DAY_P  shift 87
	DEALLOCATE  shift 88
	DEC  shift 365
	DECIMAL_P  shift 366
	DECLARE  shift 89
	DEFAULTS  shift 90
	DEFERRED  shift 91
	DEFINER  shift 92
	DELETE_P  shift 93
	DELIMITER  shift 94
	DELIMITERS  shift 95
	DEPENDS  shift 96
	DEPTH  shift 97
	DETACH  shift 98
	DICTIONARY  shift 99
	DISABLE_P  shift 100
	DISCARD  shift 101
	DOCUMENT_P  shift 102
	DOMAIN_P  shift 103
	DOUBLE_P  shift 104
	DROP  shift 105
	EACH  shift 106
	EMPTY_P  shift 107
	ENABLE_P  shift 108
	ENCODING  shift 109
	ENCRYPTED  shift 110
	ENFORCED  shift 111
	ENUM_P  shift 112
	ERROR_P  shift 113
	ESCAPE  shift 114
	EVENT  shift 115
	EXCLUDE  shift 116
	EXCLUDING  shift 117
	EXCLUSIVE  shift 118
	EXECUTE  shift 119
	EXISTS  shift 367
	EXPLAIN  shift 120
	EXPRESSION  shift 121
	EXTENSION  shift 122
	EXTERNAL  shift 123
	EXTRACT  shift 368
	FALSE_P  shift 451
	FAMILY  shift 124
	FILTER  shift 125
	FINALIZE  shift 126
	FIRST_P  shift 127
	FLOAT_P  shift 369
	FOLLOWING  shift 128
	FORCE  shift 129
	FORMAT  shift 130
	FORWARD  shift 131
	FUNCTION  shift 132
	FUNCTIONS  shift 133
	GENERATED  shift 134
	GLOBAL  shift 135
	GRANTED  shift 136
	GREATEST  shift 370
	GROUPING  shift 371
	GROUPS  shift 137
	HANDLER  shift 138
	HEADER_P  shift 139
	HOLD  shift 140
	HOUR_P  shift 141
	IDENTITY_P  shift 142
	IF_P  shift 143
	IMMEDIATE  shift 144
	IMMUTABLE  shift 145
	IMPLICIT_P  shift 146
	IMPORT_P  shift 147
	INCLUDE  shift 148
	INCLUDING  shift 149
	INCREMENT  shift 150
	INDENT  shift 151
	INDEX  shift 152
	INDEXES  shift 153
	INHERIT  shift 154
	INHERITS  shift 155
	INLINE_P  shift 156
	INOUT  shift 372
	INPUT_P  shift 157
	INSENSITIVE  shift 158
	INSERT  shift 159
	INSTEAD  shift 160
	INT_P  shift 373
	INTEGER  shift 374
	INTERVAL  shift 375
	INVOKER  shift 161
	ISOLATION  shift 162
	JSON  shift 376
	JSON_ARRAY  shift 377
	JSON_ARRAYAGG  shift 378
	JSON_EXISTS  shift 379
	JSON_OBJECT  shift 380
	JSON_OBJECTAGG  shift 381
	JSON_QUERY  shift 382
	JSON_SCALAR  shift 383
	JSON_SERIALIZE  shift 384
	JSON_TABLE  shift 385
	JSON_VALUE  shift 386
	KEEP  shift 163
	KEY  shift 164
	KEYS  shift 165
	LABEL  shift 166
	LANGUAGE  shift 167
	LARGE_P  shift 168
	LAST_P  shift 169
	LEAKPROOF  shift 170
	LEAST  shift 387
	LEVEL  shift 171
	LISTEN  shift 172
	LOAD  shift 173
	LOCAL  shift 174
	LOCATION  shift 175
	LOCK_P  shift 176
	LOCKED  shift 177
	LOGGED  shift 178
	MAPPING  shift 179
	MATCH  shift 180
	MATCHED  shift 181
	MATERIALIZED  shift 182
	MAXVALUE  shift 183
	MERGE  shift 184
	MERGE_ACTION  shift 388
	METHOD  shift 185
	MINUTE_P  shift 186
	MINVALUE  shift 187
	MODE  shift 188
	MONTH_P  shift 189
	MOVE  shift 190
	NAME_P  shift 191
	NAMES  shift 192
	NATIONAL  shift 389
	NCHAR  shift 390
	NESTED  shift 193
	NEW  shift 194
	NEXT  shift 195
	NFC  shift 196
	NFD  shift 197
	NFKC  shift 198
	NFKD  shift 199
	NO  shift 200
	NONE  shift 391
	NORMALIZE  shift 392
	NORMALIZED  shift 201
	NOT  shift 443
	NOTHING  shift 202
	NOTIFY  shift 203
	NOWAIT  shift 204
	NULL_P  shift 452
	NULLIF  shift 393
	NULLS_P  shift 205
	NUMERIC  shift 394
	OBJECT_P  shift 206
	OBJECTS_P  shift 207
	OF  shift 208
	OFF  shift 209
	OIDS  shift 210
	OLD  shift 211
	OMIT  shift 212
	OPERATOR  shift 213
	OPTION  shift 214
	OPTIONS  shift 215
	ORDINALITY  shift 216
	OTHERS  shift 217
	OUT_P  shift 395
	OVER  shift 218
	OVERLAY  shift 396
	OVERRIDING  shift 219
	OWNED  shift 220
	OWNER  shift 221
	PARALLEL  shift 222
	PARAMETER  shift 223
	PARSER  shift 224
	PARTIAL  shift 225
	PARTITION  shift 226
	PASSING  shift 227
	PASSWORD  shift 228
	PATH  shift 229
	PERIOD  shift 230
	PLAN  shift 231
	PLANS  shift 232
	POLICY  shift 233
	POSITION  shift 397
	PRECEDING  shift 234
	PRECISION  shift 398
	PREPARE  shift 235
	PREPARED  shift 236
	PRESERVE  shift 237
	PRIOR  shift 238
	PRIVILEGES  shift 239
	PROCEDURAL  shift 240
	PROCEDURE  shift 241
	PROCEDURES  shift 242
	PROGRAM  shift 243
	PUBLICATION  shift 244
	QUOTE  shift 245
	QUOTES  shift 246
	RANGE  shift 247
	READ  shift 248
	REAL  shift 399
	REASSIGN  shift 249
	RECURSIVE  shift 250
	REF_P  shift 251
	REFERENCING  shift 252
	REFRESH  shift 253
	REINDEX  shift 254
	RELATIVE_P  shift 255
	RELEASE  shift 256
	RENAME  shift 257
	REPEATABLE  shift 258
	REPLACE  shift 259
	REPLICA  shift 260
	RESET  shift 261
	RESTART  shift 262
	RESTRICT  shift 263
	RETURN  shift 264
	RETURNS  shift 265
	REVOKE  shift 266
	ROLE  shift 267
	ROLLBACK  shift 268
	ROLLUP  shift 269
	ROUTINE  shift 270
	ROUTINES  shift 271
	ROW  shift 400
	ROWS  shift 272
	RULE  shift 273
	SAVEPOINT  shift 274
	SCALAR  shift 275
	SCHEMA  shift 276
	SCHEMAS  shift 277
	SCROLL  shift 278
	SEARCH  shift 279
	SECOND_P  shift 280
	SECURITY  shift 281
	SEQUENCE  shift 282
	SEQUENCES  shift 283
	SERIALIZABLE  shift 284
	SERVER  shift 285
	SESSION  shift 286
	SET  shift 287
	SETOF  shift 401
	SETS  shift 288
	SHARE  shift 289
	SHOW  shift 290
	SIMPLE  shift 291
	SKIP  shift 292
	SMALLINT  shift 402
	SNAPSHOT  shift 293
	SOURCE  shift 294
	SQL_P  shift 295
	STABLE  shift 296
	STANDALONE_P  shift 297
	START  shift 298
	STATEMENT  shift 299
	STATISTICS  shift 300
	STDIN  shift 301
	STDOUT  shift 302
	STORAGE  shift 303
	STORED  shift 304
	STRICT_P  shift 305
	STRING_P  shift 306
	STRIP_P  shift 307
	SUBSCRIPTION  shift 308
	SUBSTRING  shift 403
	SUPPORT  shift 309
	SYSID  shift 310
	SYSTEM_P  shift 311
	TABLES  shift 312
	TABLESPACE  shift 313
	TARGET  shift 314
	TEMP  shift 315
	TEMPLATE  shift 316
	TEMPORARY  shift 317
	TEXT_P  shift 318
	TIES  shift 319
	TIME  shift 404
	TIMESTAMP  shift 405
	TRANSACTION  shift 320
	TRANSFORM  shift 321
	TREAT  shift 406
	TRIGGER  shift 322
	TRIM  shift 407
	TRUE_P  shift 450
	TRUNCATE  shift 323
	TRUSTED  shift 324
	TYPE_P  shift 325
	TYPES_P  shift 326
	UESCAPE  shift 327
	UNBOUNDED  shift 328
	UNCOMMITTED  shift 329
	UNCONDITIONAL  shift 330
	UNENCRYPTED  shift 331
	UNKNOWN  shift 332
	UNLISTEN  shift 333
	UNLOGGED  shift 334
	UNTIL  shift 335
	UPDATE  shift 336
	VACUUM  shift 337
	VALID  shift 338
	VALIDATE  shift 339
	VALIDATOR  shift 340
	VALUE_P  shift 341
	VALUES  shift 408
	VARCHAR  shift 409
	VARYING  shift 342
	VERSION_P  shift 343
	VIEW  shift 344
	VIEWS  shift 345
	VIRTUAL  shift 346
	VOLATILE  shift 347
	WHITESPACE_P  shift 348
	WITHIN  shift 349
	WITHOUT  shift 350
	WORK  shift 351
	WRAPPER  shift 352
	WRITE  shift 353
	XML_P  shift 354
	XMLATTRIBUTES  shift 410
	XMLCONCAT  shift 411
	XMLELEMENT  shift 412
	XMLEXISTS  shift 413
	XMLFOREST  shift 414
	XMLNAMESPACES  shift 415
	XMLPARSE  shift 416
	XMLPI  shift 417
	XMLROOT  shift 418
	XMLSERIALIZE  shift 419
	XMLTABLE  shift 420
	YEAR_P  shift 355
	YES_P  shift 356
	ZONE  shift 357
	IDENT  shift 25
	FCONST  shift 448
	SCONST  shift 449
	ICONST  shift 447
	PARAM  shift 453
	'+'  shift 445
	'-'  shift 444
	'('  shift 446
	.  reduce 121 (src line 1026)

	unreserved_keyword  goto 26
	col_name_keyword  goto 27
	opt_func_arg_list  goto 1186
	func_arg_list  goto 1132
	qualified_name  goto 454
	a_expr  goto 1133
	c_expr  goto 442
	ColId  goto 24

state 1179
	group_by_list:  group_by_list ',' group_by_item.    (137)

	.  reduce 137 (src line 1096)


state 1180
	join_qual_opt:  USING '(' col_alias_list.')' 
	col_alias_list:  col_alias_list.',' ColId 

	')'  shift 1187
	','  shift 1019
	.  error


state 1181
	opt_derived_alias:  AS ColId '(' col_alias_list ')'.    (128)

	.  reduce 128 (src line 1058)


state 1182
	func_table_expr:  qualified_name '(' opt_func_arg_list ')' WITH_LA ORDINALITY.    (114)

	.  reduce 114 (src line 991)


state 1183
	func_table_expr:  ROWS FROM '(' row_from_list ')' opt_with_ordinality.    (115)

	.  reduce 115 (src line 997)


state 1184
	opt_with_ordinality:  WITH_LA.ORDINALITY 

	ORDINALITY  shift 1188
	.  error


state 1185
	row_from_list:  row_from_list ',' row_from_entry_one.    (119)

	.  reduce 119 (src line 1015)


state 1186
	row_from_entry_one:  qualified_name '(' opt_func_arg_list.')' 

	')'  shift 1189
	.  error


state 1187
	join_qual_opt:  USING '(' col_alias_list ')'.    (100)

	.  reduce 100 (src line 841)


state 1188
	opt_with_ordinality:  WITH_LA ORDINALITY.    (117)

	.  reduce 117 (src line 1008)


state 1189
	row_from_entry_one:  qualified_name '(' opt_func_arg_list ')'.    (120)

	.  reduce 120 (src line 1020)

Rule not reduced: set_quantifier:  
Rule not reduced: set_quantifier:  ALL 
Rule not reduced: set_quantifier:  DISTINCT 
Rule not reduced: sort_clause:  ORDER BY sort_by_list 
Rule not reduced: opt_with_clause:  
Rule not reduced: opt_with_clause:  with_clause 
Rule not reduced: reserved_keyword:  ALL 
Rule not reduced: reserved_keyword:  ANALYSE 
Rule not reduced: reserved_keyword:  ANALYZE 
Rule not reduced: reserved_keyword:  AND 
Rule not reduced: reserved_keyword:  ANY 
Rule not reduced: reserved_keyword:  ARRAY 
Rule not reduced: reserved_keyword:  AS 
Rule not reduced: reserved_keyword:  ASC 
Rule not reduced: reserved_keyword:  ASYMMETRIC 
Rule not reduced: reserved_keyword:  BOTH 
Rule not reduced: reserved_keyword:  CASE 
Rule not reduced: reserved_keyword:  CAST 
Rule not reduced: reserved_keyword:  CHECK 
Rule not reduced: reserved_keyword:  COLLATE 
Rule not reduced: reserved_keyword:  COLUMN 
Rule not reduced: reserved_keyword:  CONSTRAINT 
Rule not reduced: reserved_keyword:  CREATE 
Rule not reduced: reserved_keyword:  CURRENT_CATALOG 
Rule not reduced: reserved_keyword:  CURRENT_DATE 
Rule not reduced: reserved_keyword:  CURRENT_ROLE 
Rule not reduced: reserved_keyword:  CURRENT_TIME 
Rule not reduced: reserved_keyword:  CURRENT_TIMESTAMP 
Rule not reduced: reserved_keyword:  CURRENT_USER 
Rule not reduced: reserved_keyword:  DEFAULT 
Rule not reduced: reserved_keyword:  DEFERRABLE 
Rule not reduced: reserved_keyword:  DESC 
Rule not reduced: reserved_keyword:  DISTINCT 
Rule not reduced: reserved_keyword:  DO 
Rule not reduced: reserved_keyword:  ELSE 
Rule not reduced: reserved_keyword:  END_P 
Rule not reduced: reserved_keyword:  EXCEPT 
Rule not reduced: reserved_keyword:  FALSE_P 
Rule not reduced: reserved_keyword:  FETCH 
Rule not reduced: reserved_keyword:  FOR 
Rule not reduced: reserved_keyword:  FOREIGN 
Rule not reduced: reserved_keyword:  FROM 
Rule not reduced: reserved_keyword:  GRANT 
Rule not reduced: reserved_keyword:  GROUP_P 
Rule not reduced: reserved_keyword:  HAVING 
Rule not reduced: reserved_keyword:  IN_P 
Rule not reduced: reserved_keyword:  INITIALLY 
Rule not reduced: reserved_keyword:  INTERSECT 
Rule not reduced: reserved_keyword:  INTO 
Rule not reduced: reserved_keyword:  LATERAL_P 
Rule not reduced: reserved_keyword:  LEADING 
Rule not reduced: reserved_keyword:  LIMIT 
Rule not reduced: reserved_keyword:  LOCALTIME 
Rule not reduced: reserved_keyword:  LOCALTIMESTAMP 
Rule not reduced: reserved_keyword:  NOT 
Rule not reduced: reserved_keyword:  NULL_P 
Rule not reduced: reserved_keyword:  OFFSET 
Rule not reduced: reserved_keyword:  ON 
Rule not reduced: reserved_keyword:  ONLY 
Rule not reduced: reserved_keyword:  OR 
Rule not reduced: reserved_keyword:  ORDER 
Rule not reduced: reserved_keyword:  PLACING 
Rule not reduced: reserved_keyword:  PRIMARY 
Rule not reduced: reserved_keyword:  REFERENCES 
Rule not reduced: reserved_keyword:  RETURNING 
Rule not reduced: reserved_keyword:  SELECT 
Rule not reduced: reserved_keyword:  SESSION_USER 
Rule not reduced: reserved_keyword:  SOME 
Rule not reduced: reserved_keyword:  SYMMETRIC 
Rule not reduced: reserved_keyword:  SYSTEM_USER 
Rule not reduced: reserved_keyword:  TABLE 
Rule not reduced: reserved_keyword:  THEN 
Rule not reduced: reserved_keyword:  TO 
Rule not reduced: reserved_keyword:  TRAILING 
Rule not reduced: reserved_keyword:  TRUE_P 
Rule not reduced: reserved_keyword:  UNION 
Rule not reduced: reserved_keyword:  UNIQUE 
Rule not reduced: reserved_keyword:  USER 
Rule not reduced: reserved_keyword:  USING 
Rule not reduced: reserved_keyword:  VARIADIC 
Rule not reduced: reserved_keyword:  WHEN 
Rule not reduced: reserved_keyword:  WHERE 
Rule not reduced: reserved_keyword:  WINDOW 
Rule not reduced: reserved_keyword:  WITH 
Rule not reduced: as_label_keyword:  ARRAY 
Rule not reduced: as_label_keyword:  AS 
Rule not reduced: as_label_keyword:  CHAR_P 
Rule not reduced: as_label_keyword:  CHARACTER 
Rule not reduced: as_label_keyword:  CREATE 
Rule not reduced: as_label_keyword:  DAY_P 
Rule not reduced: as_label_keyword:  EXCEPT 
Rule not reduced: as_label_keyword:  FETCH 
Rule not reduced: as_label_keyword:  FILTER 
Rule not reduced: as_label_keyword:  FOR 
Rule not reduced: as_label_keyword:  FROM 
Rule not reduced: as_label_keyword:  GRANT 
Rule not reduced: as_label_keyword:  GROUP_P 
Rule not reduced: as_label_keyword:  HAVING 
Rule not reduced: as_label_keyword:  HOUR_P 
Rule not reduced: as_label_keyword:  INTERSECT 
Rule not reduced: as_label_keyword:  INTO 
Rule not reduced: as_label_keyword:  ISNULL 
Rule not reduced: as_label_keyword:  LIMIT 
Rule not reduced: as_label_keyword:  MINUTE_P 
Rule not reduced: as_label_keyword:  MONTH_P 
Rule not reduced: as_label_keyword:  NOTNULL 
Rule not reduced: as_label_keyword:  OFFSET 
Rule not reduced: as_label_keyword:  ON 
Rule not reduced: as_label_keyword:  ORDER 
Rule not reduced: as_label_keyword:  OVER 
Rule not reduced: as_label_keyword:  OVERLAPS 
Rule not reduced: as_label_keyword:  PRECISION 
Rule not reduced: as_label_keyword:  RETURNING 
Rule not reduced: as_label_keyword:  SECOND_P 
Rule not reduced: as_label_keyword:  TO 
Rule not reduced: as_label_keyword:  UNION 
Rule not reduced: as_label_keyword:  VARYING 
Rule not reduced: as_label_keyword:  WHERE 
Rule not reduced: as_label_keyword:  WINDOW 
Rule not reduced: as_label_keyword:  WITH 
Rule not reduced: as_label_keyword:  WITHIN 
Rule not reduced: as_label_keyword:  WITHOUT 
Rule not reduced: as_label_keyword:  YEAR_P 

536 terminals, 72 nonterminals
1184 grammar rules, 1190/16000 states
2 shift/reduce, 0 reduce/reduce conflicts reported
521 working sets used
memory: parser 543/240000
1096 extra closures
28137 shift entries, 39 exceptions
175 goto entries
281 entries saved by goto default
Optimizer space used: output 7717/240000
7717 table entries, 2060 zero
maximum spread: 536, maximum offset: 1178
